population,metric,contrast,delta,lower95,upper95,lower99,upper99
all,add_01,spatial_with_latent,0.07550520325456489,-0.1957757899339141,0.34352279101655475,-0.28362430003132694,0.41038917452108536
all,add_01,spatial_without_latent,0.1782694481556888,-0.14261420166916208,0.5220852868760401,-0.22305082829369613,0.6081489369450815
all,add_01,remove_latent_without_spatial,-0.07390558422628146,-0.29537725077553034,0.14783412776757063,-0.34247363547776144,0.19715691629634832
all,add_01,remove_latent_with_spatial,0.02885866067484244,-0.13397973750460146,0.19881027727079342,-0.1726584665692052,0.2444131982242312
all,add_01,interaction,0.1027642449011239,-0.18629253236223525,0.39224779637395013,-0.2575285331686778,0.45343847521674724
all,add_01,s0_l1_vs_residual,0.5087156542033213,-0.3101794431343821,1.3863482130296265,-0.49491020451320644,1.5915559703297906
all,add_01,s0_l1_vs_fp,5.513624646729568,1.4475198008942556,9.37245315559893,0.32730221934570386,10.51488531432473
all,add_01,s0_l0_vs_residual,0.43481006997703986,-0.34282845983112026,1.2249717242105347,-0.5343957923187854,1.4444363203385109
all,add_01,s0_l0_vs_fp,5.439719062503286,1.298742781420495,9.374401806828812,0.14191361554928936,10.590011277690246
all,add_01,s1_l1_vs_residual,0.5842208574578862,-0.2523449373745219,1.4758075763935974,-0.4295530258022909,1.6744899679309553
all,add_01,s1_l1_vs_fp,5.589129849984133,1.4677432868059426,9.536907202390315,0.3404623650716486,10.736650965861003
all,add_01,s1_l0_vs_residual,0.6130795181327287,-0.1900847174304122,1.486719896249765,-0.3641092554689558,1.6849341364210524
all,add_01,s1_l0_vs_fp,5.617988510658975,1.5886704216089764,9.493997247819703,0.4955043283656205,10.629941892147295
all,adds_005,spatial_with_latent,0.024926052416759603,-0.18104656147876136,0.22638715716756153,-0.23388845069070627,0.28092263850678734
all,adds_005,spatial_without_latent,0.29920424062329687,-0.0231710599792013,0.6385750992781621,-0.0907703526661055,0.7235804632242333
all,adds_005,remove_latent_without_spatial,-0.07741012645870171,-0.3655317780218802,0.19461388297556603,-0.4275858460419997,0.26118692845441066
all,adds_005,remove_latent_with_spatial,0.19686806174783555,0.007797503884073372,0.40263886304920216,-0.021617375195801997,0.4540402341596987
all,adds_005,interaction,0.27427818820653727,-0.01174903708887988,0.5825472994346401,-0.07665034785436141,0.6580843134864998
all,adds_005,s0_l1_vs_residual,0.7397360678686056,-0.03858722036208881,1.5814611817995534,-0.22319745373113123,1.794808249344076
all,adds_005,s0_l1_vs_fp,11.984748417331517,7.610575619421637,16.0844127893004,6.34699154885438,17.409950214643978
all,adds_005,s0_l0_vs_residual,0.6623259414099039,-0.02268038463517886,1.371786517689437,-0.2245346985684653,1.5551061246433266
all,adds_005,s0_l0_vs_fp,11.907338290872815,7.509610212920473,16.075950366150074,6.135569292599001,17.425906139278037
all,adds_005,s1_l1_vs_residual,0.7646621202853652,-0.13560121073604242,1.7240611223957163,-0.34541049328215184,1.9693616287483264
all,adds_005,s1_l1_vs_fp,12.009674469748276,7.6283488104259165,16.16004714461795,6.280920545793674,17.487151435420554
all,adds_005,s1_l0_vs_residual,0.9615301820332007,0.13195635801429156,1.8597025154332776,-0.025891712605343203,2.0902412725499815
all,adds_005,s1_l0_vs_fp,12.206542531496112,7.82732732383364,16.360035335900616,6.463915133909136,17.694653574931802
all,adds_01,spatial_with_latent,-0.06951241404472341,-0.2415622942710023,0.09515168255021669,-0.2826501795761706,0.13073023963557895
all,adds_01,spatial_without_latent,0.011583632363084462,-0.17050527661293452,0.22903055592168967,-0.19733084874002324,0.2596355276124176
all,adds_01,remove_latent_without_spatial,-0.08574037451496963,-0.2857105892270493,0.0913948732502351,-0.32408183084267905,0.12483398687767112
all,adds_01,remove_latent_with_spatial,-0.004644328107161755,-0.09682748135088666,0.08345341829604995,-0.11250612448274175,0.09798307160579847
all,adds_01,interaction,0.08109604640780788,-0.12482871732731694,0.26322252109781447,-0.17846342460200054,0.30757480588330727
all,adds_01,s0_l1_vs_residual,0.5403215849355831,-0.25474725566188033,1.3756404379237888,-0.4035791901717538,1.5914729304505888
all,adds_01,s0_l1_vs_fp,11.059241998641255,6.67227325102532,15.681888584913116,5.284016770396305,16.91080884809893
all,adds_01,s0_l0_vs_residual,0.4545812104206135,-0.2692254485442295,1.203821927274941,-0.4107008468441676,1.4108638390485422
all,adds_01,s0_l0_vs_fp,10.973501624126285,6.534173826221229,15.645615136505091,5.083922299291296,16.908221973958344
all,adds_01,s1_l1_vs_residual,0.4708091708908597,-0.37022657914789575,1.3836523288711564,-0.5335058824761969,1.600861560740733
all,adds_01,s1_l1_vs_fp,10.989729584596532,6.610302908580971,15.595201558463504,5.233531212027107,16.8631121290363
all,adds_01,s1_l0_vs_residual,0.46616484278369796,-0.3951422510958263,1.3770402147291587,-0.5663086099632164,1.597865520351855
all,adds_01,s1_l0_vs_fp,10.98508525648937,6.602211898612829,15.566015220781845,5.219938922439672,16.87702828501559
all,rotation_deg,spatial_with_latent,-0.08126945439533273,-0.15456386048135135,0.02141918367761446,-0.1737951402533694,0.051068409104276916
all,rotation_deg,spatial_without_latent,0.12128803273567712,-0.1887161709143438,0.4431371198987209,-0.24641457403469033,0.5205417758140306
all,rotation_deg,remove_latent_without_spatial,-0.015031921207345533,-0.10896825675769968,0.11408672130678282,-0.13522883604442212,0.14792649562358837
all,rotation_deg,remove_latent_with_spatial,0.18752556592366432,-0.09809161819231811,0.49188193729518015,-0.13651451510658458,0.5560615010013484
all,rotation_deg,interaction,0.20255748713100985,-0.13668714030991608,0.5358643279704579,-0.20675532357927515,0.6103122896795071
all,rotation_deg,s0_l1_vs_residual,-0.2270312762788862,-1.156574137601619,0.7295230400239502,-1.4014829301751162,0.9739661932919423
all,rotation_deg,s0_l1_vs_fp,-3.3247338818745007,-6.579427427865558,0.2342516764930407,-7.754835803208339,1.1124765991801164
all,rotation_deg,s0_l0_vs_residual,-0.24206319748623173,-1.1899812106901897,0.7518601068242385,-1.44994406473656,1.007821480695263
all,rotation_deg,s0_l0_vs_fp,-3.3397658030818462,-6.575858121221743,0.23122792856405483,-7.8227031395140125,1.1051381039766794
all,rotation_deg,s1_l1_vs_residual,-0.3083007306742189,-1.2376833574818402,0.6670075623165,-1.4919761539355711,0.9158647645586818
all,rotation_deg,s1_l1_vs_fp,-3.4060033362698334,-6.6241202633577325,0.13071211864954024,-7.836498672096279,0.982282429362113
all,rotation_deg,s1_l0_vs_residual,-0.12077516475055461,-1.025291482605043,0.8092653965181,-1.2839914758625663,1.042919152172746
all,rotation_deg,s1_l0_vs_fp,-3.218477770346169,-6.366786618716534,0.23090566723740574,-7.44458430754126,1.1081311993858367
all,center_mm,spatial_with_latent,0.020511508952930413,-0.03865214023791399,0.07528741138681655,-0.05435011384519752,0.0886707572596697
all,center_mm,spatial_without_latent,0.029789412922585967,-0.06654221165889421,0.12506050669350266,-0.09001373714285309,0.14504833824322302
all,center_mm,remove_latent_without_spatial,0.005018024297923418,-0.07475290896126427,0.08963085067314003,-0.0885588305364407,0.10364945580549413
all,center_mm,remove_latent_with_spatial,0.014295928267578972,-0.04158296502299792,0.08076657479045743,-0.05220693453007141,0.09221701633280291
all,center_mm,interaction,0.009277903969655554,-0.08792061447230208,0.11820681534460728,-0.10507979624100378,0.14485646610213346
all,center_mm,s0_l1_vs_residual,-0.33652661720405597,-2.368687335934134,2.0040147367372967,-2.728026096738396,2.363885037159696
all,center_mm,s0_l1_vs_fp,-32.83212038056229,-46.85718184361406,-19.13177630258267,-50.901962677224155,-15.220949650558962
all,center_mm,s0_l0_vs_residual,-0.33150859290613255,-2.336822380637449,1.9791715186430459,-2.6856618798749823,2.342592325557034
all,center_mm,s0_l0_vs_fp,-32.82710235626437,-46.869501249702154,-19.056263529900736,-50.931869923931956,-15.149675023068495
all,center_mm,s1_l1_vs_residual,-0.31601510825112555,-2.3685031574201627,2.0234053299257493,-2.734604039217462,2.4143740000257172
all,center_mm,s1_l1_vs_fp,-32.81160887160936,-46.8392888532905,-19.091014532454505,-50.89696424606292,-15.18295067285088
all,center_mm,s1_l0_vs_residual,-0.3017191799835466,-2.3690986379461147,2.0803940062528907,-2.7599408722190706,2.4762611836304056
all,center_mm,s1_l0_vs_fp,-32.79731294334178,-46.830731814294325,-19.060740803921234,-50.85141985691616,-15.146132131290909
updates,add_01,spatial_with_latent,0.08858246399721992,-0.1906796128394161,0.3722901312925859,-0.2856893730894281,0.4410145839726938
updates,add_01,spatial_without_latent,0.19824978384708913,-0.14023406186957388,0.5810489493367627,-0.22730342619267802,0.6693039968894293
updates,add_01,remove_latent_without_spatial,-0.07907828121557259,-0.3230104167519636,0.16374397951688496,-0.37286401319290463,0.21586262521689656
updates,add_01,remove_latent_with_spatial,0.030589038634296628,-0.13459204354435653,0.20352548286275965,-0.17413614846368056,0.24961994954508768
updates,add_01,interaction,0.10966731984986922,-0.20096685882008422,0.42168401495079927,-0.2735413405220565,0.4877219087309631
updates,add_01,s0_l1_vs_residual,0.5398713381271207,-0.354538420189416,1.490614938508414,-0.5586726787048223,1.7117750251376025
updates,add_01,s0_l1_vs_fp,5.871964172958847,1.6285578670216023,9.790921520651672,0.481086943531294,11.023640645228223
updates,add_01,s0_l0_vs_residual,0.46079305691154815,-0.3805456537244932,1.3102250624002976,-0.5821374095539114,1.545955474412471
updates,add_01,s0_l0_vs_fp,5.792885891743275,1.452298683948443,9.812367635422044,0.28774200942334194,11.093890163538086
updates,add_01,s1_l1_vs_residual,0.6284538021243407,-0.270524250963326,1.6001294652090445,-0.46684059609404005,1.8244972833908069
updates,add_01,s1_l1_vs_fp,5.960546636956067,1.6728838105206605,9.990695899191055,0.49855222528419063,11.203886140563055
updates,add_01,s1_l0_vs_residual,0.6590428407586373,-0.21315845470888664,1.6223370866716151,-0.4036195380581828,1.8373408835763805
updates,add_01,s1_l0_vs_fp,5.991135675590364,1.7918618884070119,9.923267409251618,0.650754964170886,11.153263377947496
updates,adds_005,spatial_with_latent,0.03262070011113849,-0.1815958381404581,0.2450993148951674,-0.23613196558159152,0.3046684830146522
updates,adds_005,spatial_without_latent,0.32165922490021615,-0.02572106033206545,0.7024915638702658,-0.09447595888125775,0.7969170208319344
updates,adds_005,remove_latent_without_spatial,-0.08369253464564963,-0.4040811813397294,0.21291927048549647,-0.4715408006842148,0.2800890541106756
updates,adds_005,remove_latent_with_spatial,0.20534599014342803,0.010802732512182094,0.417485879564348,-0.021148130824706256,0.46950067072198504
updates,adds_005,interaction,0.28903852478907766,-0.01414133334259695,0.6221823099096018,-0.0827253018099114,0.7049649152151616
updates,adds_005,s0_l1_vs_residual,0.8048542178371036,-0.03919438423599394,1.730556194285682,-0.22788002755066705,1.9588799112792608
updates,adds_005,s0_l1_vs_fp,12.579366140894706,7.989062853973396,16.835485899620387,6.625109989044572,18.166217343685073
updates,adds_005,s0_l0_vs_residual,0.721161683191454,-0.0108557114326885,1.4863563313852726,-0.2195111713266837,1.6899674592250018
updates,adds_005,s0_l0_vs_fp,12.495673606249056,7.846116238287603,16.80846320027436,6.457434357955097,18.154075084134774
updates,adds_005,s1_l1_vs_residual,0.8374749179482421,-0.12730200568613517,1.899223106684253,-0.353518169482142,2.158870904436346
updates,adds_005,s1_l1_vs_fp,12.611986841005844,7.996633402985207,16.907024891645836,6.600433189170583,18.249724672077118
updates,adds_005,s1_l0_vs_residual,1.0428209080916702,0.14687810660322462,2.0416132506552946,-0.018247921873632854,2.2825957453415633
updates,adds_005,s1_l0_vs_fp,12.817332831149272,8.205644694561327,17.12903488779492,6.775872895491768,18.49061334718744
updates,adds_01,spatial_with_latent,-0.07678604754327978,-0.2625998597391842,0.10360629830865661,-0.30658156886120663,0.14300723361980947
updates,adds_01,spatial_without_latent,0.018742713530016886,-0.186641244523906,0.26724069569910675,-0.2167473553681399,0.3003483222542917
updates,adds_01,remove_latent_without_spatial,-0.09737927686883552,-0.319630769100587,0.0952477861471962,-0.3605683209188122,0.13061408837986824
updates,adds_01,remove_latent_with_spatial,-0.001850515795538854,-0.10886531277540072,0.09433147658192949,-0.12676245638150221,0.1094689659418381
updates,adds_01,interaction,0.09552876107329666,-0.13492107396919442,0.29819498361445335,-0.19681881670051965,0.3450550154328987
updates,adds_01,s0_l1_vs_residual,0.5778787631960256,-0.3083258321177226,1.486253067799806,-0.4705612180461652,1.7074412945190087
updates,adds_01,s0_l1_vs_fp,11.656863388931143,7.007288609259204,16.417894196916937,5.596870110936581,17.666038781157802
updates,adds_01,s0_l0_vs_residual,0.4804994863271901,-0.3118163857449794,1.273422662442874,-0.47429265167679047,1.4906039514357372
updates,adds_01,s0_l0_vs_fp,11.559484112062307,6.808321337631672,16.395885918442385,5.344849301890927,17.68754516072822
updates,adds_01,s1_l1_vs_residual,0.5010927156527458,-0.4276282452460606,1.4876680528779835,-0.6094370421744305,1.7233890338924278
updates,adds_01,s1_l1_vs_fp,11.580077341387863,6.9303560857455695,16.337041981549525,5.535677253514053,17.627188592826762
updates,adds_01,s1_l0_vs_residual,0.49924219985720697,-0.4525691365068759,1.4801585192558697,-0.6463553825182676,1.7213192284600296
updates,adds_01,s1_l0_vs_fp,11.578226825592324,6.925898148499191,16.34969548486363,5.488564707074043,17.626908964002308
updates,rotation_deg,spatial_with_latent,-0.08252188261367621,-0.15688394622757168,0.021748412600482485,-0.17643280981382442,0.05184183314643096
updates,rotation_deg,spatial_without_latent,0.12317615520338876,-0.19142462942448119,0.44960456738465127,-0.25001095027082765,0.5281853374566777
updates,rotation_deg,remove_latent_without_spatial,-0.01533148910873905,-0.11061847243032066,0.11573196727121411,-0.1373469797972408,0.1500136860502943
updates,rotation_deg,remove_latent_with_spatial,0.19036654870832592,-0.09952302758616458,0.49903486419255955,-0.1384921485740889,0.5641494828225141
updates,rotation_deg,interaction,0.20569803781706497,-0.1387271144007581,0.5439077118519327,-0.2098009756357724,0.6192354897326299
updates,rotation_deg,s0_l1_vs_residual,-0.23025121504776536,-1.1729990343043184,0.7403056592905862,-1.4216591979222726,0.9889239040869228
updates,rotation_deg,s0_l1_vs_fp,-3.3722468180925986,-6.67237272035124,0.23881054083184258,-7.863507721343164,1.1276109898409656
updates,rotation_deg,s0_l0_vs_residual,-0.2455827041565044,-1.2067668464463108,0.7639029410862006,-1.4708499424695967,1.0236903506616828
updates,rotation_deg,s0_l0_vs_fp,-3.3875783072013377,-6.6694281257142185,0.23488103170104133,-7.9328001836742565,1.121482997893103
updates,rotation_deg,s1_l1_vs_residual,-0.31277309766144157,-1.255506959673738,0.6770062825569845,-1.5134015296820105,0.9304574064634934
updates,rotation_deg,s1_l1_vs_fp,-3.454768700706275,-6.718069284656424,0.13277480906924896,-7.946403518094523,0.9957177481000166
updates,rotation_deg,s1_l0_vs_residual,-0.12240654895311565,-1.0397946173761963,0.8220068555966145,-1.3027204619486308,1.0592495160534223
updates,rotation_deg,s1_l0_vs_fp,-3.264402151997949,-6.457171084354349,0.23545389434535544,-7.548254101110135,1.1239736799926083
updates,center_mm,spatial_with_latent,0.020808391743033283,-0.039200604949578645,0.0763760862685639,-0.055119850813119244,0.08990659395606317
updates,center_mm,spatial_without_latent,0.030189232730156945,-0.06764501782738827,0.12700046229266543,-0.09145151803867739,0.14730571066642126
updates,center_mm,remove_latent_without_spatial,0.005123191527495408,-0.07582750422486147,0.09102094067410124,-0.08987105377242639,0.1052696033368613
updates,center_mm,remove_latent_with_spatial,0.01450403251461907,-0.04220056048908729,0.08205254693899197,-0.05298226043365913,0.09368948559668881
updates,center_mm,interaction,0.009380840987123662,-0.0892880990997943,0.1200294213093893,-0.10666378943297748,0.14711727897985846
updates,center_mm,s0_l1_vs_residual,-0.34118144965537667,-2.4032420608875666,2.0371368955218947,-2.7679917187283727,2.402261858264806
updates,center_mm,s0_l1_vs_fp,-33.307118430195345,-47.53059064091254,-19.404569407403613,-51.6394669705998,-15.438683806008815
updates,center_mm,s0_l0_vs_residual,-0.33605825812788126,-2.3709860324805145,2.0116776602026376,-2.7249371624249115,2.380618821583723
updates,center_mm,s0_l0_vs_fp,-33.30199523866785,-47.54322024368329,-19.329150509645718,-51.65792720449861,-15.366243976819382
updates,center_mm,s1_l1_vs_residual,-0.3203730579123434,-2.402845242645011,2.056789026798983,-2.7748134595027394,2.453120117943347
updates,center_mm,s1_l1_vs_fp,-33.286310038452314,-47.51547016615102,-19.364572183224855,-51.63435668186813,-15.400161088280049
updates,center_mm,s1_l0_vs_residual,-0.3058690253977243,-2.4032006137060464,2.1142096770323007,-2.8003416957011216,2.516027857841644
updates,center_mm,s1_l0_vs_fp,-33.27180600593769,-47.510348547533226,-19.33737496531526,-51.58803050623288,-15.362806788364852
bad_initial_first8,add_01,spatial_with_latent,-0.9000721500721554,-1.3958732693414024,-0.40784472327441346,-1.52532519563769,-0.27691341096098376
bad_initial_first8,add_01,spatial_without_latent,-0.919913419913442,-1.397058823529413,-0.4411713643790818,-1.5246233783917669,-0.3055555555555571
bad_initial_first8,add_01,remove_latent_without_spatial,0.019841269841286646,-0.15625,0.2604166666666643,-0.1666666666666714,0.27777777777777857
bad_initial_first8,add_01,remove_latent_with_spatial,0.0,-0.09765625,0.09765625,-0.1041666666666714,0.1041666666666714
bad_initial_first8,add_01,interaction,-0.019841269841286646,-0.23148148148148096,0.18294399099351483,-0.2604166666666643,0.23897058823529704
bad_initial_first8,add_01,s0_l1_vs_residual,1.448558386058373,-0.055717158658334744,3.1763345884439613,-0.43986512534306826,3.656764602109553
bad_initial_first8,add_01,s0_l1_vs_fp,-7.429327616827614,-10.974731449070006,-3.022337796653148,-12.175000379749157,-1.922623256033209
bad_initial_first8,add_01,s0_l0_vs_residual,1.4683996558996597,0.04835853612278882,3.1273196778711436,-0.3340586419753084,3.60770268946739
bad_initial_first8,add_01,s0_l0_vs_fp,-7.409486346986327,-10.98222780401574,-2.935805003819701,-12.18083089065665,-1.8070923801978342
bad_initial_first8,add_01,s1_l1_vs_residual,0.5484862359862177,-0.809163897825492,2.158114892610819,-1.1941734749455333,2.6178229289745345
bad_initial_first8,add_01,s1_l1_vs_fp,-8.329399766899769,-11.91054892438934,-3.847804733187146,-13.076793596521844,-2.673240586573937
bad_initial_first8,add_01,s1_l0_vs_residual,0.5484862359862177,-0.7476059067125704,2.1050333130411194,-1.1339634439634447,2.5454332309846888
bad_initial_first8,add_01,s1_l0_vs_fp,-8.329399766899769,-11.937907225705938,-3.8519762949039276,-13.097131198721508,-2.673240586573937
bad_initial_first8,adds_005,spatial_with_latent,-0.5226370851370916,-0.8071558879233557,-0.23196357870071907,-0.9046979445187159,-0.15775156917735714
bad_initial_first8,adds_005,spatial_without_latent,-0.47077922077922096,-0.7429534313725416,-0.14806626149263827,-0.8099436906067339,-0.059515542328044305
bad_initial_first8,adds_005,remove_latent_without_spatial,0.04734848484848442,-0.18644957983192967,0.2810846560846585,-0.23612540849673513,0.33700980392156055
bad_initial_first8,adds_005,remove_latent_with_spatial,0.09920634920635507,-0.23148148148146674,0.3865740740740765,-0.2604166666666856,0.44921875
bad_initial_first8,adds_005,interaction,0.05185786435787065,-0.30318116830064523,0.39447119942343134,-0.3906298950501253,0.4771218662779023
bad_initial_first8,adds_005,s0_l1_vs_residual,1.099981615606623,-0.440890500771026,2.42562589491559,-0.9245462444237057,2.8017786110838396
bad_initial_first8,adds_005,s0_l1_vs_fp,-2.0061206154956324,-5.138766400657499,1.2754744764541248,-6.238611607720407,2.3125550470636664
bad_initial_first8,adds_005,s0_l0_vs_residual,1.1473301004551075,-0.3325453498707226,2.3691266046045647,-0.7568808096653622,2.7492654318338006
bad_initial_first8,adds_005,s0_l0_vs_fp,-1.958772130647148,-5.0822553779805615,1.369624713843936,-6.206406429218947,2.4412735095034717
bad_initial_first8,adds_005,s1_l1_vs_residual,0.5773445304695315,-0.9052737499428647,1.876605705062597,-1.3327117286308328,2.2498251813999066
bad_initial_first8,adds_005,s1_l1_vs_fp,-2.528757700632724,-5.624441438191429,0.7662359342046813,-6.685391323431204,1.8277226863478917
bad_initial_first8,adds_005,s1_l0_vs_residual,0.6765508796758866,-0.8662008365861676,2.017371957342078,-1.328148926022374,2.4347417798704507
bad_initial_first8,adds_005,s1_l0_vs_fp,-2.429551351426369,-5.543282166329062,0.8413684116808895,-6.600365290346913,1.9048107274669772
bad_initial_first8,adds_01,spatial_with_latent,-0.17659423909422856,-0.5754829607943236,0.3025573486970752,-0.6886898603346083,0.4166666666666714
bad_initial_first8,adds_01,spatial_without_latent,-0.02091658341657876,-0.34482814396372563,0.40080985637627076,-0.4182449494949481,0.4861190025252545
bad_initial_first8,adds_01,remove_latent_without_spatial,-0.1968864468864524,-0.41108630952381053,0.0,-0.45307853553557165,0.0
bad_initial_first8,adds_01,remove_latent_with_spatial,-0.04120879120880261,-0.1953125,0.1116071428571388,-0.2083333333333286,0.1190476190476204
bad_initial_first8,adds_01,interaction,0.1556776556776498,-0.12430752840908424,0.462378701480566,-0.18382352941176805,0.5394345238095042
bad_initial_first8,adds_01,s0_l1_vs_residual,0.24465811965811213,-1.2579308712121602,2.02547674162256,-1.564291125541127,2.4107396509740138
bad_initial_first8,adds_01,s0_l1_vs_fp,-1.1842168248418545,-3.9947106828849246,1.6087694260268857,-4.733423689260094,2.4669400825397005
bad_initial_first8,adds_01,s0_l0_vs_residual,0.04777167277165972,-1.4931754886464261,1.8451554232804266,-1.8028044676342054,2.2259534098727154
bad_initial_first8,adds_01,s0_l0_vs_fp,-1.381103271728307,-4.199927126146388,1.4532513868050458,-4.948585322478176,2.249557198826485
bad_initial_first8,adds_01,s1_l1_vs_residual,0.06806388056388357,-1.3933370028079353,1.8762132883456613,-1.713414929278816,2.2081382569536614
bad_initial_first8,adds_01,s1_l1_vs_fp,-1.360811063936083,-4.220994472682778,1.576846865911823,-4.8956280945376225,2.440010608944412
bad_initial_first8,adds_01,s1_l0_vs_residual,0.026855089355080963,-1.4460318469501487,1.8469215629142157,-1.7584460896011276,2.1569634393384556
bad_initial_first8,adds_01,s1_l0_vs_fp,-1.4020198551448857,-4.1965681022994055,1.50772589735517,-4.878949876078803,2.374784705312055
bad_initial_first8,rotation_deg,spatial_with_latent,0.10584036336734215,-0.005415469616610302,0.2081870679357884,-0.031140639432983827,0.23593399207539462
bad_initial_first8,rotation_deg,spatial_without_latent,-0.005009002609874358,-0.06821536782653528,0.06736615787188001,-0.09249762301920984,0.08410972075544731
bad_initial_first8,rotation_deg,remove_latent_without_spatial,-0.01573697639172167,-0.03888135536817856,0.016001126513604722,-0.047909581046880235,0.024899296301496017
bad_initial_first8,rotation_deg,remove_latent_with_spatial,-0.12658634236893818,-0.20006859288190154,-0.022704820205505207,-0.2172184163502945,-0.004160163677963992
bad_initial_first8,rotation_deg,interaction,-0.11084936597721651,-0.18852226735769761,-0.009473706112039975,-0.205184666466789,0.004704425412509287
bad_initial_first8,rotation_deg,s0_l1_vs_residual,0.2724448620337796,-0.43903357157480905,0.9204004044157361,-0.603727598406389,1.0566637847858704
bad_initial_first8,rotation_deg,s0_l1_vs_fp,3.2228216773543394,1.6595868908102502,4.543154191798607,1.119524148589984,4.984875474237167
bad_initial_first8,rotation_deg,s0_l0_vs_residual,0.25670788564205793,-0.448988986212338,0.905276652926775,-0.609369312592682,1.0334917344720542
bad_initial_first8,rotation_deg,s0_l0_vs_fp,3.2070847009626178,1.644323778793132,4.530305748757542,1.101099151692966,4.970810342830084
bad_initial_first8,rotation_deg,s1_l1_vs_residual,0.37828522540112175,-0.36444621262403626,1.055836032044697,-0.5312999332445361,1.2081036317032816
bad_initial_first8,rotation_deg,s1_l1_vs_fp,3.3286620407216816,1.7778945597413638,4.628189625057901,1.254512941612579,5.066056160005712
bad_initial_first8,rotation_deg,s1_l0_vs_residual,0.2516988830321836,-0.45522052612876623,0.9221036756670329,-0.6180607546294665,1.0599507640821326
bad_initial_first8,rotation_deg,s1_l0_vs_fp,3.2020756983527434,1.6586261409731293,4.51859250111965,1.122861966780483,4.971771954178694
bad_initial_first8,center_mm,spatial_with_latent,0.16524356130194384,0.06500194301343276,0.25623287964165314,0.03300245663323843,0.28241862326737355
bad_initial_first8,center_mm,spatial_without_latent,0.1596019476281434,0.03809167055467331,0.27065288390018977,0.005945672031473849,0.3028609775738306
bad_initial_first8,center_mm,remove_latent_without_spatial,0.03390310879159486,-0.024143404672415335,0.09844594009386233,-0.03722071771016791,0.11666811280692668
bad_initial_first8,center_mm,remove_latent_with_spatial,0.02826149511779441,-0.0521927941097712,0.11732197891638106,-0.07132625675458987,0.13902340919008555
bad_initial_first8,center_mm,interaction,-0.00564161367380045,-0.07010485925898284,0.060186346973862194,-0.08550922262472971,0.07805882760140767
bad_initial_first8,center_mm,s0_l1_vs_residual,-0.8988700716352298,-1.7051128573095948,-0.21614979393192246,-1.904543520768054,-0.06464323959945974
bad_initial_first8,center_mm,s0_l1_vs_fp,-1.3941563781540633,-4.25613285783135,1.419854797179962,-5.1496781107939835,2.108599983963347
bad_initial_first8,center_mm,s0_l0_vs_residual,-0.864966962843635,-1.6721043639056807,-0.17967906602906822,-1.8765856743092073,-0.02434637261192827
bad_initial_first8,center_mm,s0_l0_vs_fp,-1.3602532693624685,-4.241405356780665,1.455572547782148,-5.126722776951923,2.185600283207204
bad_initial_first8,center_mm,s1_l1_vs_residual,-0.733626510333286,-1.5668167767758931,-0.02289098494656799,-1.7733570401087049,0.14450258844862574
bad_initial_first8,center_mm,s1_l1_vs_fp,-1.2289128168521195,-4.080979214308431,1.5590017706585695,-4.958142284894296,2.2480857047016487
bad_initial_first8,center_mm,s1_l0_vs_residual,-0.7053650152154916,-1.555673461709663,0.03235572958013032,-1.7837460505014466,0.21234867001302438
bad_initial_first8,center_mm,s1_l0_vs_fp,-1.200651321734325,-4.109600613834473,1.6294509907343955,-4.993896293863902,2.3468479003310385
asymmetric_bad_initial_first8,add_01,spatial_with_latent,-0.7968717790146371,-1.3099400599400615,-0.3433987887112937,-1.4612495866402215,-0.16691979895105202
asymmetric_bad_initial_first8,add_01,spatial_without_latent,-0.6338899196042149,-1.12179487179489,-0.19737480590063344,-1.2500000000000142,-0.06510416666667136
asymmetric_bad_initial_first8,add_01,remove_latent_without_spatial,-0.09920634920634086,-0.22727272727273373,0.0,-0.25,0.0
asymmetric_bad_initial_first8,add_01,remove_latent_with_spatial,0.06377551020408134,0.0,0.14204545454545325,0.0,0.15625
asymmetric_bad_initial_first8,add_01,interaction,0.1629818594104222,0.0,0.3385416666666714,0.0,0.3693181818182012
asymmetric_bad_initial_first8,add_01,s0_l1_vs_residual,0.9426684426684204,-0.5059697855750542,2.9034467574908733,-0.9336449712460623,3.4293738476030025
asymmetric_bad_initial_first8,add_01,s0_l1_vs_fp,-9.924728049728046,-14.638149610805849,-4.400819061267754,-16.04209419053169,-2.985886437908536
asymmetric_bad_initial_first8,add_01,s0_l0_vs_residual,0.8434620934620796,-0.5934625270562864,2.7849456414797307,-1.0763904498279466,3.3480850168350056
asymmetric_bad_initial_first8,add_01,s0_l0_vs_fp,-10.023934398934387,-14.71691337719298,-4.506372069694446,-16.11535834535834,-3.0728611894319124
asymmetric_bad_initial_first8,add_01,s1_l1_vs_residual,0.1457966636537833,-1.3053920905483725,2.067619785517518,-1.8155092592592728,2.7030619759028696
asymmetric_bad_initial_first8,add_01,s1_l1_vs_fp,-10.721599828742683,-15.381388793498177,-5.242207228535352,-16.83333761724387,-3.796533273013599
asymmetric_bad_initial_first8,add_01,s1_l0_vs_residual,0.20957217385786464,-1.2141504329004436,2.1135782586150076,-1.7216379974192484,2.718039669162574
asymmetric_bad_initial_first8,add_01,s1_l0_vs_fp,-10.657824318538601,-15.29527066202825,-5.213664940828392,-16.751619149080085,-3.757455322455321
asymmetric_bad_initial_first8,adds_005,spatial_with_latent,-0.5379045557616848,-0.9167140151515194,-0.17361111111111427,-1.039944903581258,-0.056278280543040335
asymmetric_bad_initial_first8,adds_005,spatial_without_latent,-0.527597402597408,-0.8680555555555571,-0.09469696969695462,-0.9469696969697026,0.0
asymmetric_bad_initial_first8,adds_005,remove_latent_without_spatial,0.1314162028447754,-0.1923076923076934,0.4419191919191974,-0.22727272727273373,0.5208333333333286
asymmetric_bad_initial_first8,adds_005,remove_latent_with_spatial,0.14172335600905228,-0.3205128205128176,0.5528846153846132,-0.37878787878788955,0.6534090909090935
asymmetric_bad_initial_first8,adds_005,interaction,0.010307153164276883,-0.48611111111111427,0.47620174963926853,-0.612752953745612,0.6071753246753093
asymmetric_bad_initial_first8,adds_005,s0_l1_vs_residual,1.0301281060209533,-0.785481868142515,2.6929865562678024,-1.4437413194444395,3.2106432894590804
asymmetric_bad_initial_first8,adds_005,s0_l1_vs_fp,-0.6382035623107072,-4.7012875796079046,3.2722943722943887,-5.950128517316011,4.543321907644785
asymmetric_bad_initial_first8,adds_005,s0_l0_vs_residual,1.1615443088657287,-0.5852864583333307,2.7365958694083603,-1.1488235780423368,3.1731347818847837
asymmetric_bad_initial_first8,adds_005,s0_l0_vs_fp,-0.5067873594659318,-4.552785409035408,3.4080728705180374,-5.81357916343524,4.7735160223763256
asymmetric_bad_initial_first8,adds_005,s1_l1_vs_residual,0.49222355025926845,-1.252212429393224,2.154488272144514,-1.8316753472222285,2.6964241751545366
asymmetric_bad_initial_first8,adds_005,s1_l1_vs_fp,-1.176108118072392,-5.195239222582963,2.726185324608319,-6.475605349511586,4.010590733994244
asymmetric_bad_initial_first8,adds_005,s1_l0_vs_residual,0.6339469062683207,-1.2277031680440809,2.3558017355666325,-1.8343465735653328,2.922693781541539
asymmetric_bad_initial_first8,adds_005,s1_l0_vs_fp,-1.0343847620633397,-5.033711881067637,2.751580405951477,-6.2494451899982275,4.0631502706744635
asymmetric_bad_initial_first8,adds_01,spatial_with_latent,-0.10242733457018005,-0.6613887320409165,0.5366161616161523,-0.8160042032163806,0.7013888888888857
asymmetric_bad_initial_first8,adds_01,spatial_without_latent,-0.08116883116882434,-0.512820512820511,0.4761904761904816,-0.6060606060605949,0.6060606060605949
asymmetric_bad_initial_first8,adds_01,remove_latent_without_spatial,-0.1488095238095326,-0.37878787878788955,0.0,-0.4166666666666856,0.0
asymmetric_bad_initial_first8,adds_01,remove_latent_with_spatial,-0.1275510204081769,-0.2840909090909065,0.0,-0.3125,0.0
asymmetric_bad_initial_first8,adds_01,interaction,0.02125850340135571,-0.2840909090909065,0.37878787878787534,-0.3125,0.4166666666666714
asymmetric_bad_initial_first8,adds_01,s0_l1_vs_residual,0.21304092732664515,-1.8589876033057908,2.638888888888886,-2.2601422882672884,3.148414802180019
asymmetric_bad_initial_first8,adds_01,s0_l1_vs_fp,-0.7750954402740291,-4.666003858830582,3.1352806732740883,-5.778776854132451,4.412669477513211
asymmetric_bad_initial_first8,adds_01,s0_l0_vs_residual,0.06423140351711254,-2.070230901704103,2.504478466794653,-2.5645471521941854,3.0787322631072502
asymmetric_bad_initial_first8,adds_01,s0_l0_vs_fp,-0.9239049640835617,-4.83337104814379,3.0123049100022703,-5.931560846560848,4.294087162837169
asymmetric_bad_initial_first8,adds_01,s1_l1_vs_residual,0.1106135927564651,-1.919652396214914,2.5044115971747476,-2.334431916463146,2.9628951084566033
asymmetric_bad_initial_first8,adds_01,s1_l1_vs_fp,-0.8775227748442092,-4.830532847196844,3.228151189088674,-5.914461392195792,4.578214493839492
asymmetric_bad_initial_first8,adds_01,s1_l0_vs_residual,-0.0169374276517118,-2.0265360879200207,2.3864121989122014,-2.417940805109931,2.8323166641159077
asymmetric_bad_initial_first8,adds_01,s1_l0_vs_fp,-1.005073795252386,-4.846922760210811,3.054779479242527,-5.936272885101028,4.375039036817891
asymmetric_bad_initial_first8,rotation_deg,spatial_with_latent,0.14139869751672762,-0.018329495014791152,0.2820314309366932,-0.05258759685792355,0.31959291148514757
asymmetric_bad_initial_first8,rotation_deg,spatial_without_latent,-0.024134536830676012,-0.1139538325048541,0.06586158092085945,-0.15143145403739566,0.09331355800558419
asymmetric_bad_initial_first8,rotation_deg,remove_latent_without_spatial,0.019683127010011958,-0.006535842784208245,0.05162618076189673,-0.016702839901366458,0.06209769009854978
asymmetric_bad_initial_first8,rotation_deg,remove_latent_with_spatial,-0.14585010733739168,-0.24786200420212853,-0.0018116556605029047,-0.27734542166382414,0.018764400043277226
asymmetric_bad_initial_first8,rotation_deg,interaction,-0.16553323434740363,-0.2710306856273773,-0.02670864980331774,-0.30013242605915724,-0.0077021585814181
asymmetric_bad_initial_first8,rotation_deg,s0_l1_vs_residual,0.2780721491610194,-0.6941977518994503,1.1279795289956207,-0.8981123707021679,1.296879120296818
asymmetric_bad_initial_first8,rotation_deg,s0_l1_vs_fp,4.7239834118927995,2.896804014153417,6.182530677473939,2.2741285476984157,6.6098160182999
asymmetric_bad_initial_first8,rotation_deg,s0_l0_vs_residual,0.29775527617103137,-0.6644320544843986,1.1441638663979505,-0.8626755738887931,1.3043487116680659
asymmetric_bad_initial_first8,rotation_deg,s0_l0_vs_fp,4.743666538902811,2.922321833776775,6.203461089379672,2.2902393192186734,6.623020284402509
asymmetric_bad_initial_first8,rotation_deg,s1_l1_vs_residual,0.41947084667774703,-0.6222565286592338,1.3194489992415972,-0.8393097433674946,1.4951258583473503
asymmetric_bad_initial_first8,rotation_deg,s1_l1_vs_fp,4.865382109409527,3.049771113362757,6.304724405076831,2.44938096607567,6.755426515204786
asymmetric_bad_initial_first8,rotation_deg,s1_l0_vs_residual,0.27362073934035536,-0.6996045837607927,1.146781363148726,-0.8933893535025115,1.3197365557717724
asymmetric_bad_initial_first8,rotation_deg,s1_l0_vs_fp,4.719532002072135,2.8948113603841215,6.186834800845327,2.3013765923093374,6.627347133598778
asymmetric_bad_initial_first8,center_mm,spatial_with_latent,0.18832780609240807,0.07328153134588558,0.3033254482898183,0.03394214021297783,0.3368821227758825
asymmetric_bad_initial_first8,center_mm,spatial_without_latent,0.21923510501730092,0.07053066191544603,0.36042373539830025,0.02853688156411133,0.40332314267620845
asymmetric_bad_initial_first8,center_mm,remove_latent_without_spatial,-0.010214962054991616,-0.058126468904299025,0.047530298951636955,-0.07232404824968793,0.06163233710438102
asymmetric_bad_initial_first8,center_mm,remove_latent_with_spatial,0.02069233686990124,-0.0842004357415913,0.1368722134774965,-0.10570500113289864,0.16243075962778672
asymmetric_bad_initial_first8,center_mm,interaction,0.030907298924892856,-0.05753578993556991,0.11939273347489798,-0.07783356660941386,0.1445552303369106
asymmetric_bad_initial_first8,center_mm,s0_l1_vs_residual,-0.9171346898535191,-1.8412419217438223,-0.02476042451468792,-2.0784996655955728,0.15332890353174994
asymmetric_bad_initial_first8,center_mm,s0_l1_vs_fp,-2.1833770918008035,-6.109859349967371,1.5930617955561899,-7.225564958635859,2.4471494578992385
asymmetric_bad_initial_first8,center_mm,s0_l0_vs_residual,-0.9273496519085107,-1.8594795736637006,-0.01694875559708188,-2.1010277213877915,0.15908061984038194
asymmetric_bad_initial_first8,center_mm,s0_l0_vs_fp,-2.193592053855795,-6.142151852409364,1.610953071170946,-7.262153944003843,2.4527147413498667
asymmetric_bad_initial_first8,center_mm,s1_l1_vs_residual,-0.728806883761111,-1.6531124104905341,0.18666951769273185,-1.9167464924833861,0.36823765497745065
asymmetric_bad_initial_first8,center_mm,s1_l1_vs_fp,-1.9950492857083955,-5.902329028445157,1.7694414608755533,-7.04055895709102,2.629663629062191
asymmetric_bad_initial_first8,center_mm,s1_l0_vs_residual,-0.7081145468912098,-1.6855000817264285,0.2639409542263033,-1.9594794146831989,0.47441816121082925
asymmetric_bad_initial_first8,center_mm,s1_l0_vs_fp,-1.9743569488384942,-5.922067151596531,1.8346063304878881,-7.100683164450489,2.7162253067988966
symmetric_bad_initial_first8,add_01,spatial_with_latent,-1.1408730158730194,-2.232142857142861,0.0,-2.734375,0.0
symmetric_bad_initial_first8,add_01,spatial_without_latent,-1.5873015873015888,-2.9017857142857153,0.0,-3.4524012445887555,0.0
symmetric_bad_initial_first8,add_01,remove_latent_without_spatial,0.2976190476190439,0.0,1.0416666666666643,0.0,1.3888888888888857
symmetric_bad_initial_first8,add_01,remove_latent_with_spatial,-0.1488095238095255,-0.390625,0.0,-0.5208333333333321,0.0
symmetric_bad_initial_first8,add_01,interaction,-0.4464285714285694,-1.0416666666666643,0.0,-1.3888888888888857,0.0
symmetric_bad_initial_first8,add_01,s0_l1_vs_residual,2.628968253968253,-0.5208333333333286,6.510416666666664,-0.5208333333333357,7.291666666666668
symmetric_bad_initial_first8,add_01,s0_l1_vs_fp,-1.6067266067265962,-6.212406015037594,4.861111111111121,-7.9220088109354405,6.410256410256412
symmetric_bad_initial_first8,add_01,s0_l0_vs_residual,2.926587301587297,0.0,6.510416666666664,0.0,7.291666666666668
symmetric_bad_initial_first8,add_01,s0_l0_vs_fp,-1.3091075591075523,-6.200697055137845,5.713778409090906,-7.911706349206348,7.452163461538427
symmetric_bad_initial_first8,add_01,s1_l1_vs_residual,1.4880952380952337,-0.5208333333333357,4.296875,-0.6944444444444429,5.729166666666664
symmetric_bad_initial_first8,add_01,s1_l1_vs_fp,-2.7475996225996155,-7.942708333333332,4.294871794871796,-10.009552556818177,6.018634259259241
symmetric_bad_initial_first8,add_01,s1_l0_vs_residual,1.3392857142857082,-0.5208333333333357,3.90625,-0.6944444444444429,5.208333333333332
symmetric_bad_initial_first8,add_01,s1_l0_vs_fp,-2.896409146409141,-8.31486742424243,4.294871794871796,-10.416666666666671,6.018634259259241
symmetric_bad_initial_first8,adds_005,spatial_with_latent,-0.48701298701297446,-0.8370535714285836,0.0,-1.0068370104554247,0.0
symmetric_bad_initial_first8,adds_005,spatial_without_latent,-0.33820346320345607,-0.771093750000009,0.0,-0.9114583333333428,0.0
symmetric_bad_initial_first8,adds_005,remove_latent_without_spatial,-0.1488095238095184,-0.390625,0.0,-0.5208333333333286,0.0
symmetric_bad_initial_first8,adds_005,remove_latent_with_spatial,0.0,0.0,0.0,0.0,0.0
symmetric_bad_initial_first8,adds_005,interaction,0.1488095238095184,0.0,0.390625,0.0,0.5208333333333286
symmetric_bad_initial_first8,adds_005,s0_l1_vs_residual,1.2629731379731481,-2.0833333333333286,3.49702380952381,-3.125,4.166666666666671
symmetric_bad_initial_first8,adds_005,s0_l1_vs_fp,-5.197927072927072,-10.816885964912288,1.2345679012345556,-12.723400297619039,2.7777777777778
symmetric_bad_initial_first8,adds_005,s0_l0_vs_residual,1.1141636141636297,-2.0833333333333286,3.190730168269212,-3.125,3.7760416666666714
symmetric_bad_initial_first8,adds_005,s0_l0_vs_fp,-5.346736596736591,-11.129385964912288,1.1752136752136555,-13.076643710075487,2.7777777777777857
symmetric_bad_initial_first8,adds_005,s1_l1_vs_residual,0.7759601509601737,-2.2371710526315853,2.9665083180708076,-3.4090909090909065,3.671354380913195
symmetric_bad_initial_first8,adds_005,s1_l1_vs_fp,-5.684940059940047,-11.458333333333343,0.8954678362573105,-13.467633928571422,2.5643028846153575
symmetric_bad_initial_first8,adds_005,s1_l0_vs_residual,0.7759601509601737,-2.2371710526315853,2.9665083180708076,-3.4090909090909065,3.671354380913195
symmetric_bad_initial_first8,adds_005,s1_l0_vs_fp,-5.684940059940047,-11.458333333333343,0.8954678362573105,-13.467633928571422,2.5643028846153575
symmetric_bad_initial_first8,adds_01,spatial_with_latent,-0.34965034965034647,-0.6993006993006929,0.0,-0.8370535714285694,0.0
symmetric_bad_initial_first8,adds_01,spatial_without_latent,0.11967199467200373,-0.3125,0.6310096153846132,-0.390625,0.8370535714285694
symmetric_bad_initial_first8,adds_01,remove_latent_without_spatial,-0.3090659340659272,-0.6696428571428612,0.0,-0.8370535714285694,0.0
symmetric_bad_initial_first8,adds_01,remove_latent_with_spatial,0.160256410256423,0.0,0.4464285714285694,0.0,0.5952380952380878
symmetric_bad_initial_first8,adds_01,interaction,0.4693223443223502,0.0,1.0766806722689068,0.0,1.2834821428571388
symmetric_bad_initial_first8,adds_01,s0_l1_vs_residual,0.3184315684315635,-1.0002016129032258,1.9047619047619264,-1.5625,2.3809523809523796
symmetric_bad_initial_first8,adds_01,s0_l1_vs_fp,-2.1388333888334046,-4.687872023809538,0.3733690844758951,-5.82386363636364,1.4285714285714164
symmetric_bad_initial_first8,adds_01,s0_l0_vs_residual,0.00936563436563631,-1.171875,1.522435897435912,-1.5625,1.9345238095238102
symmetric_bad_initial_first8,adds_01,s0_l0_vs_fp,-2.4478993228993318,-4.916666666666657,0.04192708333332019,-6.003289473684205,1.0714285714285552
symmetric_bad_initial_first8,adds_01,s1_l1_vs_residual,-0.031218781218782965,-1.4204545454545467,1.610329089769886,-1.953125,1.9345238095238244
symmetric_bad_initial_first8,adds_01,s1_l1_vs_fp,-2.488483738483751,-5.033912313928769,-0.039434523809519166,-6.119791666666671,1.0714285714285552
symmetric_bad_initial_first8,adds_01,s1_l0_vs_residual,0.12903762903764004,-1.3541666666666576,1.9047619047619264,-1.953125,2.3809523809523796
symmetric_bad_initial_first8,adds_01,s1_l0_vs_fp,-2.328227328227328,-5.022429575027674,0.28280542986425417,-6.119791666666671,1.4285714285714164
symmetric_bad_initial_first8,rotation_deg,spatial_with_latent,0.022870917018778414,-0.04578680997214732,0.10611761243075431,-0.0645032420106304,0.13198207091687367
symmetric_bad_initial_first8,rotation_deg,spatial_without_latent,0.039617243905269106,-0.03478446782367186,0.14749422421058966,-0.07012657631663238,0.17755587376682352
symmetric_bad_initial_first8,rotation_deg,remove_latent_without_spatial,-0.09838388432906697,-0.15678761521212364,-0.03439587967966561,-0.18306998009725817,-0.010150942171632149
symmetric_bad_initial_first8,rotation_deg,remove_latent_with_spatial,-0.08163755744257628,-0.14014363523040174,0.001972214132538128,-0.15889562777206065,0.020219075728911465
symmetric_bad_initial_first8,rotation_deg,interaction,0.016746326886490692,-0.02393339257208993,0.07700191151634783,-0.04649200512954998,0.10086285012730214
symmetric_bad_initial_first8,rotation_deg,s0_l1_vs_residual,0.2593145254035534,-0.3919698604338322,1.0378887574579025,-0.5898777346079369,1.32882036765416
symmetric_bad_initial_first8,rotation_deg,s0_l1_vs_fp,-0.27988903656871855,-3.1929077081645567,1.9877523122502083,-4.346752117491305,2.5581362658309095
symmetric_bad_initial_first8,rotation_deg,s0_l0_vs_residual,0.1609306410744864,-0.5079142737952871,0.94404812671197,-0.6986487005018389,1.2027204481816107
symmetric_bad_initial_first8,rotation_deg,s0_l0_vs_fp,-0.3782729208977855,-3.2694857183353645,1.8670800838552906,-4.423954517655421,2.446023302401116
symmetric_bad_initial_first8,rotation_deg,s1_l1_vs_residual,0.2821854424223318,-0.34922558922292096,1.04237222950383,-0.5819027931964582,1.3317714986205094
symmetric_bad_initial_first8,rotation_deg,s1_l1_vs_fp,-0.25701811954994014,-3.1089347495392796,1.9404112441199146,-4.231127452043606,2.501924866562092
symmetric_bad_initial_first8,rotation_deg,s1_l0_vs_residual,0.2005478849797555,-0.46291681395933676,1.0050227977552295,-0.6774343807994639,1.2918678311010297
symmetric_bad_initial_first8,rotation_deg,s1_l0_vs_fp,-0.3386556769925164,-3.15772224992095,1.8453891990106528,-4.291508789342941,2.4074847163011697
symmetric_bad_initial_first8,center_mm,spatial_with_latent,0.11138032345753146,-0.07606332972544698,0.25564384435613974,-0.13319696605951256,0.29491315883424474
symmetric_bad_initial_first8,center_mm,spatial_without_latent,0.02045791372011685,-0.17566706985235214,0.17709995385643898,-0.2340291562561583,0.24516781625124154
symmetric_bad_initial_first8,center_mm,remove_latent_without_spatial,0.13684527410029013,-0.0181566246652185,0.31404402887537586,-0.03886608127504587,0.3852630659382328
symmetric_bad_initial_first8,center_mm,remove_latent_with_spatial,0.045922864362875515,-0.0646280948657358,0.1777701120656769,-0.08479622200799124,0.2212018885516666
symmetric_bad_initial_first8,center_mm,interaction,-0.09092240973741461,-0.1441997184550285,-0.035213167814346365,-0.1711899180505825,-0.021670733932128112
symmetric_bad_initial_first8,center_mm,s0_l1_vs_residual,-0.8562526291258816,-2.4083806898977063,0.24853776369114575,-2.909934754583633,0.6228955495915072
symmetric_bad_initial_first8,center_mm,s0_l1_vs_fp,0.4473586203550095,-2.3538884352701825,3.4645021050497884,-3.091343937098589,4.672309887905914
symmetric_bad_initial_first8,center_mm,s0_l0_vs_residual,-0.7194073550255915,-2.3103133793876864,0.2890925890265153,-2.7237529661996605,0.6094405568312088
symmetric_bad_initial_first8,center_mm,s0_l0_vs_fp,0.5842038944552996,-2.193350093811752,3.650121501623058,-2.9039901572590097,4.8323055724744375
symmetric_bad_initial_first8,center_mm,s1_l1_vs_residual,-0.7448723056683502,-2.43671692572534,0.473915085082664,-3.0434633381034333,0.907775407713471
symmetric_bad_initial_first8,center_mm,s1_l1_vs_fp,0.558738943812541,-2.1254586919059073,3.398565130929157,-2.8882729994550354,4.620523770338895
symmetric_bad_initial_first8,center_mm,s1_l0_vs_residual,-0.6989494413054747,-2.413378050217203,0.4626234670866987,-2.9399204698080865,0.8391394362973528
symmetric_bad_initial_first8,center_mm,s1_l0_vs_fp,0.6046618081754165,-2.0971962064640617,3.4935402726998466,-2.81979154764429,4.701382700271075
initial_good,add_01,spatial_with_latent,0.3562793613869033,-0.08466680002189263,0.9130777372992676,-0.17093660059779964,1.0199438121685227
initial_good,add_01,spatial_without_latent,0.3209099244960143,-0.05648065970752433,0.7575937897350594,-0.13131101686353325,0.8598187192971768
initial_good,add_01,remove_latent_without_spatial,-0.10915246046518945,-0.25052412061616564,0.06878519940054745,-0.2931606395186664,0.10831425003685823
initial_good,add_01,remove_latent_with_spatial,-0.14452189735607845,-0.3620904224306596,0.048898681368845204,-0.4149727858190842,0.10174776062488448
initial_good,add_01,interaction,-0.035369436890889006,-0.31253113925619685,0.2068234540801024,-0.39080035187623857,0.2790859535638572
initial_good,add_01,s0_l1_vs_residual,-0.35012524120107713,-0.7723479686548403,0.2312006378954542,-0.9042936922260656,0.3849179747176855
initial_good,add_01,s0_l1_vs_fp,8.464506809745764,3.423631629614485,15.104516691768993,1.8267723922549888,16.90105530859134
initial_good,add_01,s0_l0_vs_residual,-0.4592777016662666,-0.9013171315875034,0.17042213582649937,-1.0545516081468636,0.31930379217791194
initial_good,add_01,s0_l0_vs_fp,8.355354349280574,3.337861494202732,14.982892714944617,1.7174126192400936,16.85428981810549
initial_good,add_01,s1_l1_vs_residual,0.006154120185826173,-0.5727085052040486,0.8428315141545271,-0.7181597849678537,1.0497068764615127
initial_good,add_01,s1_l1_vs_fp,8.820786171132667,3.7585203919608636,15.546877422886583,2.1382881969484475,17.59795352431141
initial_good,add_01,s1_l0_vs_residual,-0.13836777717025228,-0.6421055125655093,0.6231587519757704,-0.7755722935681344,0.8196649257726789
initial_good,add_01,s1_l0_vs_fp,8.676264273776589,3.6695685505776345,15.312534512710283,2.098499960087945,17.29502203305056
initial_good,adds_005,spatial_with_latent,0.0828413820714502,-0.18749595438902986,0.5409085578544175,-0.2719866377027466,0.65020905220854
initial_good,adds_005,spatial_without_latent,-0.2254270361337234,-0.42980512604940524,0.19432799259197608,-0.4926683374837733,0.27198533380354223
initial_good,adds_005,remove_latent_without_spatial,0.4121444194124848,-0.009504599752604285,0.6168585826354732,-0.05868828105509273,0.6876913188604743
initial_good,adds_005,remove_latent_with_spatial,0.10387600120731122,-0.26517033162031717,0.2873385444810775,-0.32786220880239214,0.33633163540861843
initial_good,adds_005,interaction,-0.3082684182051736,-0.6836253706677656,0.13986367608605754,-0.789815687974764,0.21766119219679908
initial_good,adds_005,s0_l1_vs_residual,-0.20056329747392,-0.6157199660889319,0.9134066813383851,-0.7236345000559782,1.1387743191675572
initial_good,adds_005,s0_l1_vs_fp,14.673696718551895,10.546015342595355,19.80966292847389,8.939293834823053,21.18495404912674
initial_good,adds_005,s0_l0_vs_residual,0.21158112193856482,-0.198178458449798,1.1637043424495932,-0.3001209450080875,1.3469680957117647
initial_good,adds_005,s0_l0_vs_fp,15.08584113796438,10.971159363862167,20.109958998733212,9.248204731639726,21.449541276210354
initial_good,adds_005,s1_l1_vs_residual,-0.11772191540246979,-0.6604992827405788,1.2687777147316508,-0.8325090350257691,1.5748608136629916
initial_good,adds_005,s1_l1_vs_fp,14.756538100623345,10.68379677667201,20.06613069378279,9.00878034671884,21.447865126662858
initial_good,adds_005,s1_l0_vs_residual,-0.01384591419515857,-0.5505974142672801,1.2185148160907713,-0.691134835266811,1.4768804308599683
initial_good,adds_005,s1_l0_vs_fp,14.860414101830656,10.821592473678736,20.009797090172764,9.219421946421733,21.31238354729936
initial_good,adds_01,spatial_with_latent,0.09146453271334565,-0.029881698723331584,0.21555053150409265,-0.036262350220738426,0.24161920676601775
initial_good,adds_01,spatial_without_latent,-0.021330883853849514,-0.036262350220724215,0.0,-0.038679840235445795,0.0
initial_good,adds_01,remove_latent_without_spatial,0.1762950584865024,0.0,0.3171998090236201,0.0,0.33834646295854043
initial_good,adds_01,remove_latent_with_spatial,0.06349964191930724,0.0,0.08600757084883526,0.0,0.09405586058723259
initial_good,adds_01,interaction,-0.11279541656719516,-0.22902243972308156,1.4210854715202004e-14,-0.24429060237130784,1.4210854715202004e-14
initial_good,adds_01,s0_l1_vs_residual,-0.185151599255164,-0.25927079633652284,0.008285004142507546,-0.2799458891012734,0.01657000828500088
initial_good,adds_01,s0_l1_vs_fp,10.302345843005881,5.901911428103157,15.131863331319503,4.660117435562285,16.48311913430461
initial_good,adds_01,s0_l0_vs_residual,-0.008856540768661603,-0.1411434709954733,0.20474417862145344,-0.15416035069631362,0.22887323943662352
initial_good,adds_01,s0_l0_vs_fp,10.478640901492383,5.998380656092781,15.28192022390245,4.760231496593991,16.651180506963037
initial_good,adds_01,s1_l1_vs_residual,-0.09368706654181835,-0.22360981854456946,0.15845351962522078,-0.24685120589461462,0.18753798709319938
initial_good,adds_01,s1_l1_vs_fp,10.393810375719227,5.962837121998135,15.203781625792725,4.721172747691666,16.577999851929466
initial_good,adds_01,s1_l0_vs_residual,-0.030187424622511116,-0.159259413024472,0.18687736173136216,-0.17845690383128954,0.21126760563380742
initial_good,adds_01,s1_l0_vs_fp,10.457310017638534,5.984775503581762,15.267874615142945,4.743650441636801,16.641118646358827
initial_good,rotation_deg,spatial_with_latent,-0.10551913602484575,-0.22675317977269938,0.06223034226590131,-0.2605492336481097,0.09872210756010606
initial_good,rotation_deg,spatial_without_latent,0.09670270143715953,-0.37534691540111853,0.428984150832444,-0.4381439117442079,0.48924348581400684
initial_good,rotation_deg,remove_latent_without_spatial,-0.07708761271392461,-0.28470663411200603,0.14438210636878157,-0.3110290447285152,0.16571307021961054
initial_good,rotation_deg,remove_latent_with_spatial,0.12513422474808067,-0.156505592179189,0.24452982657527292,-0.1935624137932827,0.27215434384607096
initial_good,rotation_deg,interaction,0.20222183746200528,-0.17971591131470924,0.39641497640148304,-0.20632868182402775,0.4321512679230231
initial_good,rotation_deg,s0_l1_vs_residual,-0.22012551183378548,-0.5352190194857034,0.29980890645096325,-0.6244045152483545,0.3835538374790917
initial_good,rotation_deg,s0_l1_vs_fp,-3.657532248604781,-10.343267933146103,0.3560920601312222,-12.086489130625115,1.5353456954429603
initial_good,rotation_deg,s0_l0_vs_residual,-0.2972131245477101,-0.7066985409723803,0.36141710184058456,-0.8122994012783038,0.4491390977664322
initial_good,rotation_deg,s0_l0_vs_fp,-3.7346198613187056,-10.44687726188112,0.33626650267824354,-12.187333194091382,1.5618348660163324
initial_good,rotation_deg,s1_l1_vs_residual,-0.32564464785863123,-0.6327248574749437,0.2113644357118866,-0.7440667237899189,0.31659255180788315
initial_good,rotation_deg,s1_l1_vs_fp,-3.7630513846296267,-10.390854568549992,0.2563058734407062,-12.08633631211776,1.467419628159442
initial_good,rotation_deg,s1_l0_vs_residual,-0.20051042311055056,-0.4563364187233091,0.1304661629174928,-0.5404626845265803,0.19915908476465052
initial_good,rotation_deg,s1_l0_vs_fp,-3.637917159881546,-10.38379954477373,0.3919478151878123,-12.122235282879828,1.6106105536993014
initial_good,center_mm,spatial_with_latent,-0.06936512521431304,-0.1451245584582262,0.004102964494135595,-0.16346977953235928,0.017440184639426946
initial_good,center_mm,spatial_without_latent,0.005341738414374575,-0.05688510372572773,0.04674389472696739,-0.06788066404155522,0.05716230993482448
initial_good,center_mm,remove_latent_without_spatial,-0.06709525586420106,-0.15561435119107375,0.020227302999468028,-0.1729631675315795,0.024709702268941185
initial_good,center_mm,remove_latent_with_spatial,0.00761160776448655,-0.03241409003959195,0.028183627667582322,-0.04052765179247081,0.032977868409359075
initial_good,center_mm,interaction,0.07470686362868761,-0.02193855713196058,0.15161948710055584,-0.028316308006113254,0.16846224039290175
initial_good,center_mm,s0_l1_vs_residual,-0.35023328566315826,-0.9950923452629921,0.06167406257713083,-1.0871919081498882,0.08576999296165846
initial_good,center_mm,s0_l1_vs_fp,-28.785111221777505,-44.79243698686652,-15.76968751006341,-49.7364755578416,-12.10281727090382
initial_good,center_mm,s0_l0_vs_residual,-0.4173285415273593,-1.1283793488296892,0.0466248624493378,-1.2265619415116928,0.07253822609584393
initial_good,center_mm,s0_l0_vs_fp,-28.852206477641708,-44.88993780485533,-15.81915473506708,-49.853478324368034,-12.137990312897118
initial_good,center_mm,s1_l1_vs_residual,-0.4195984108774713,-1.1190810086304903,0.033715241973629184,-1.2199921093960853,0.059285151197134275
initial_good,center_mm,s1_l1_vs_fp,-28.85447634699182,-44.86653203318038,-15.819848520513649,-49.836059875562114,-12.169148763849313
initial_good,center_mm,s1_l0_vs_residual,-0.41198680311298475,-1.1319793415992967,0.039526475608962726,-1.232215777577505,0.06296955762955464
initial_good,center_mm,s1_l0_vs_fp,-28.846864739227335,-44.864177124622,-15.830302496857037,-49.831807471068004,-12.18434519887364
initial_bad,add_01,spatial_with_latent,-0.45331829376559085,-0.8029434500409375,0.008540290559968675,-0.9219244342390446,0.10807647664084068
initial_bad,add_01,spatial_without_latent,-0.009254671986809626,-0.5804717781139506,0.5349235685951629,-0.7114738875644889,0.6690780834781815
initial_bad,add_01,remove_latent_without_spatial,-0.14838991698761106,-0.5177545374878176,0.23990096770163952,-0.5966829418242728,0.33642476347604533
initial_bad,add_01,remove_latent_with_spatial,0.29567370479117017,-0.049667866902971626,0.4467369749839241,-0.09410018199731951,0.49580490439590685
initial_bad,add_01,interaction,0.4440636217787812,-0.07609315709850434,0.793999210881687,-0.2097814539684646,0.8929551158669133
initial_bad,add_01,s0_l1_vs_residual,0.9742150648290675,-0.055292759818920685,1.9674997080976975,-0.26034270969213097,2.2286412586950965
initial_bad,add_01,s0_l1_vs_fp,2.261418394223618,-1.5570820666666172,6.636708999516651,-2.6054231697170565,7.998916807065774
initial_bad,add_01,s0_l0_vs_residual,0.8258251478414564,-0.214182176950632,1.7884999096505234,-0.4574859422038829,2.070065863693462
initial_bad,add_01,s0_l0_vs_fp,2.113028477236007,-1.9092164122573145,6.691123775032413,-2.9927188389579533,8.103581331267558
initial_bad,add_01,s1_l1_vs_residual,0.5208967710634766,-0.46011059031697277,1.5801034905165479,-0.7004523723479861,1.871079593015091
initial_bad,add_01,s1_l1_vs_fp,1.8081001004580273,-1.9779023646347889,6.295331194646455,-3.0855125139694954,7.676315404857874
initial_bad,add_01,s1_l0_vs_residual,0.8165704758546468,-0.1938103534230647,1.7572536689719314,-0.4119790847572249,2.002273005358063
initial_bad,add_01,s1_l0_vs_fp,2.1037738052491974,-1.6587699191467078,6.424365723815064,-2.731094783962771,7.697361331825394
initial_bad,adds_005,spatial_with_latent,-0.06551364631405932,-0.30066584925089684,0.1910682825852948,-0.37098121742289786,0.26329736275742865
initial_bad,adds_005,spatial_without_latent,0.4418652384955948,0.026623405265352687,0.8519211814860227,-0.06826185782747388,0.9594805293733168
initial_bad,adds_005,remove_latent_without_spatial,-0.25624092797900744,-0.6131584556011493,0.12251178957642501,-0.7024734769181953,0.2143965785887599
initial_bad,adds_005,remove_latent_with_spatial,0.25113795683064666,-0.0017716940033793082,0.5107315015894278,-0.04954041110678482,0.5644468789091058
initial_bad,adds_005,interaction,0.5073788848096541,0.08758613119344574,0.9018631580698347,-0.0032487828944977033,0.997912112210635
initial_bad,adds_005,s0_l1_vs_residual,0.9760828819035652,-0.10417997892420097,2.0355496294850233,-0.3778876357528401,2.2875751613633457
initial_bad,adds_005,s0_l1_vs_fp,11.591491174032797,6.748473702324941,17.02811318928092,5.100803363942187,18.664606596993355
initial_bad,adds_005,s0_l0_vs_residual,0.7198419539245577,-0.3180767693302279,1.731716358712499,-0.6243590526600914,2.015839335671946
initial_bad,adds_005,s0_l0_vs_fp,11.33525024605379,6.371061810800086,16.930758353740206,4.641161377024582,18.58088250136591
initial_bad,adds_005,s1_l1_vs_residual,0.9105692355895059,-0.27987897765653214,2.1253886103022497,-0.5743525543296512,2.390743743975267
initial_bad,adds_005,s1_l1_vs_fp,11.525977527718737,6.662302383533904,17.03100354454473,5.0035855403186975,18.59291387981417
initial_bad,adds_005,s1_l0_vs_residual,1.1617071924201525,0.016070150320145162,2.2908701975595456,-0.2503663367653558,2.553338922011559
initial_bad,adds_005,s1_l0_vs_fp,11.777115484549384,6.87304186352507,17.283318141613115,5.175018939500887,18.95502813548228
initial_bad,adds_01,spatial_with_latent,-0.15678500488701275,-0.3990052681657055,0.03921926040439342,-0.44754909439532403,0.0764186631184018
initial_bad,adds_01,spatial_without_latent,0.011503411835846578,-0.22770439814474522,0.27411315653963464,-0.2620040528953133,0.3208322291987892
initial_bad,adds_01,remove_latent_without_spatial,-0.20491918060069736,-0.41431946320676366,-0.016277252529865303,-0.4630906448361275,0.013146638837327002
initial_bad,adds_01,remove_latent_with_spatial,-0.036630763877838035,-0.14599581199033623,0.08431738470047598,-0.16796297115502135,0.10598231388770027
initial_bad,adds_01,interaction,0.16828841672285932,-0.07269009165822381,0.36698182110128097,-0.13633892032932174,0.41458535938766294
initial_bad,adds_01,s0_l1_vs_residual,0.8665814602703819,-0.22019028808953853,1.93274871676156,-0.429927852208728,2.20282116108425
initial_bad,adds_01,s0_l1_vs_fp,13.007222914296392,8.09495250631514,18.75063334046526,6.699831383266498,20.342970847154728
initial_bad,adds_01,s0_l0_vs_residual,0.6616622796696845,-0.3627225326456401,1.6642079679751764,-0.571868650755822,1.9260270758601925
initial_bad,adds_01,s0_l0_vs_fp,12.802303733695695,7.843992813112406,18.641046724147053,6.365761800495773,20.238059381195306
initial_bad,adds_01,s1_l1_vs_residual,0.7097964553833691,-0.47409677661857863,1.8778100211179065,-0.7036524917015295,2.1613040541120827
initial_bad,adds_01,s1_l1_vs_fp,12.85043790940938,7.944467395130377,18.59395379613449,6.571281977090182,20.12490855957158
initial_bad,adds_01,s1_l0_vs_residual,0.6731656915055311,-0.5142402627592942,1.8461041112217658,-0.755260842678169,2.125078327747132
initial_bad,adds_01,s1_l0_vs_fp,12.813807145531541,7.921519821081597,18.552277534452355,6.4962855718999,20.12192831595172
initial_bad,rotation_deg,spatial_with_latent,-0.08429243708681611,-0.18983744206042114,0.0636125395285509,-0.21871810018533736,0.112587242618684
initial_bad,rotation_deg,spatial_without_latent,0.0558367169745253,-0.32273194537171895,0.49398657280361824,-0.405352111154916,0.6112249260874938
initial_bad,rotation_deg,remove_latent_without_spatial,0.054988850423143276,-0.11554382983035438,0.26116308913117603,-0.14213665031101447,0.31558161616089936
initial_bad,rotation_deg,remove_latent_with_spatial,0.1951180044844847,-0.10657638186010968,0.5981166919962052,-0.1390194444373255,0.6755678106502702
initial_bad,rotation_deg,interaction,0.1401291540613414,-0.2660997181467387,0.5845318360201975,-0.3769491704003537,0.6985021432995383
initial_bad,rotation_deg,s0_l1_vs_residual,-0.1976642539183615,-1.4525595337703252,1.1206289195442476,-1.8076027372971817,1.461182717406009
initial_bad,rotation_deg,s0_l1_vs_fp,-1.9815175733803585,-6.286962789502626,2.036225536787756,-7.58916229404321,3.2524881651007225
initial_bad,rotation_deg,s0_l0_vs_residual,-0.14267540349521823,-1.4729622122161663,1.272204916053293,-1.8475144520080613,1.649821790869081
initial_bad,rotation_deg,s0_l0_vs_fp,-1.9265287229572152,-6.2501720521273825,2.14950225712334,-7.5801080304780575,3.3702898737257407
initial_bad,rotation_deg,s1_l1_vs_residual,-0.2819566910051776,-1.528930725899111,1.0393356750213962,-1.8856862565924293,1.381540147411357
initial_bad,rotation_deg,s1_l1_vs_fp,-2.0658100104671746,-6.327161894751321,1.9307649105554612,-7.620141388746615,3.1298889804663554
initial_bad,rotation_deg,s1_l0_vs_residual,-0.08683868652069293,-1.257965471978951,1.2283870118756102,-1.5875272089789845,1.503672847712394
initial_bad,rotation_deg,s1_l0_vs_fp,-1.87069200598269,-6.052241891741649,2.0799633674938174,-7.304092529403662,3.2132548643244374
initial_bad,center_mm,spatial_with_latent,0.07823087109370341,0.02875825657617184,0.1383958515545454,0.01615480974107215,0.15588814975646847
initial_bad,center_mm,spatial_without_latent,0.06710422635000057,-0.0339201471287367,0.16604307487006895,-0.061042692221940996,0.19554401230449184
initial_bad,center_mm,remove_latent_without_spatial,0.046826119850603476,-0.020044921426040394,0.12143082363788311,-0.03243502353228265,0.1408341906420539
initial_bad,center_mm,remove_latent_with_spatial,0.035699475106900636,-0.037226913346948144,0.11240996898753378,-0.051944284299906475,0.1273850533858455
initial_bad,center_mm,interaction,-0.01112664474370284,-0.107013993465568,0.09193443309125618,-0.12878814874617395,0.12224579930767007
initial_bad,center_mm,s0_l1_vs_residual,-0.3307212227800953,-2.8203545154806506,2.2173558011187473,-3.1590472837501578,2.580883601102217
initial_bad,center_mm,s0_l1_vs_fp,-34.8028582172271,-51.74198165293673,-20.422856578405298,-56.56139681668579,-16.109859058867368
initial_bad,center_mm,s0_l0_vs_residual,-0.2838951029294918,-2.7473935645277674,2.2390496425836854,-3.069955610515413,2.582365380445086
initial_bad,center_mm,s0_l0_vs_fp,-34.7560320973765,-51.71637260516613,-20.34753863115925,-56.53249896024157,-16.02483913799012
initial_bad,center_mm,s1_l1_vs_residual,-0.2524903516863919,-2.7542280495541167,2.307552925603448,-3.1180089803938875,2.6509195945842086
initial_bad,center_mm,s1_l1_vs_fp,-34.724627346133396,-51.67944987496885,-20.338295745614133,-56.50332316156665,-16.03342739196157
initial_bad,center_mm,s1_l0_vs_residual,-0.21679087657949125,-2.7475653669513442,2.3727405672101844,-3.103434579977063,2.7378783200219967
initial_bad,center_mm,s1_l0_vs_fp,-34.68892787102649,-51.625253115382435,-20.29684425147005,-56.52137144523783,-15.95423395887348
asymmetric,add_01,spatial_with_latent,-0.13774321982948834,-0.37795014349795475,0.10052795385163228,-0.4511887064328259,0.16295205151869616
asymmetric,add_01,spatial_without_latent,0.05227967905577202,-0.24510516853460834,0.34829713011357694,-0.34279409175741543,0.432752138084268
asymmetric,add_01,remove_latent_without_spatial,-0.16037062093151633,-0.3441759320665646,0.022482638549312338,-0.39554573312103186,0.07365843828171934
asymmetric,add_01,remove_latent_with_spatial,0.029652277953744033,-0.12064916762820914,0.17539162366800476,-0.16283903711165584,0.2122324682932457
asymmetric,add_01,interaction,0.19002289888526036,-0.014491506555437891,0.4021690083383798,-0.06705673698713653,0.45452405507468274
asymmetric,add_01,s0_l1_vs_residual,0.19468475229798798,-0.6637908657751183,1.0726414316196122,-0.8444292031807451,1.3067518979905555
asymmetric,add_01,s0_l1_vs_fp,5.694487049173389,0.8135841623516232,10.480947013918149,-0.6066479283476882,11.893888052940047
asymmetric,add_01,s0_l0_vs_residual,0.034314131366471656,-0.8515703957595324,0.939964334268175,-1.0538480310958678,1.1967063887270208
asymmetric,add_01,s0_l0_vs_fp,5.534116428241873,0.5928829576598962,10.39421667324555,-0.8832422632549938,11.794177603694317
asymmetric,add_01,s1_l1_vs_residual,0.056941532468499645,-0.6563567272756551,0.8039748532194722,-0.8221391567714124,0.9943109366958207
asymmetric,add_01,s1_l1_vs_fp,5.556743829343901,0.6476483463319905,10.37125263381935,-0.7468761625798858,11.841721014932082
asymmetric,add_01,s1_l0_vs_residual,0.08659381042224368,-0.5941300944841533,0.7909711024945454,-0.7457789577560743,0.9807731175909016
asymmetric,add_01,s1_l0_vs_fp,5.586396107297645,0.714400263342051,10.35021445939178,-0.632012741420528,11.811042085887888
asymmetric,adds_005,spatial_with_latent,0.09107246996697427,-0.15099900797340418,0.32645310528901916,-0.22032217007073102,0.3946729851601183
asymmetric,adds_005,spatial_without_latent,0.219763804282465,-0.05570129801997901,0.5018690823231619,-0.13659856361679928,0.5824317328530025
asymmetric,adds_005,remove_latent_without_spatial,-0.05571662988337778,-0.2973817094679422,0.1855370995995859,-0.3534158532856276,0.24843391145474258
asymmetric,adds_005,remove_latent_with_spatial,0.07297470443211296,-0.03319441025260729,0.18455316987104547,-0.06029025216875212,0.2205863008856173
asymmetric,adds_005,interaction,0.12869133431549074,-0.08259697779682362,0.3414402479396166,-0.13190176682365526,0.39895381109404177
asymmetric,adds_005,s0_l1_vs_residual,0.843413393265152,0.12307590734540633,1.6085303353484686,-0.03354802633775,1.8459304310963431
asymmetric,adds_005,s0_l1_vs_fp,13.997469479376335,8.73153463282047,19.03627525124598,7.053213443002171,20.59321155183701
asymmetric,adds_005,s0_l0_vs_residual,0.7876967633817742,0.015209682745915745,1.5691655161812366,-0.16379587071206955,1.8131805646631658
asymmetric,adds_005,s0_l0_vs_fp,13.941752849492957,8.673720745206454,18.97953089001027,7.000318785509729,20.572885381049687
asymmetric,adds_005,s1_l1_vs_residual,0.9344858632321262,0.10604505723390503,1.8159530017658527,-0.08754814571794454,2.0872454276636123
asymmetric,adds_005,s1_l1_vs_fp,14.088541949343309,8.66644455965555,19.290927510459504,6.959633921699227,20.83726081952621
asymmetric,adds_005,s1_l0_vs_residual,1.0074605676642392,0.2029304235447814,1.8709329187359105,0.01042115229197038,2.110167333708597
asymmetric,adds_005,s1_l0_vs_fp,14.161516653775422,8.78691884623495,19.347332338355372,7.07555284801703,20.879996717198
asymmetric,adds_01,spatial_with_latent,0.029800704441427683,-0.12555226904948888,0.1915982805617599,-0.15813524426575995,0.2287083885216716
asymmetric,adds_01,spatial_without_latent,-0.07450435646323683,-0.14726952612050326,-0.005686931083055677,-0.16757674419906776,0.011009945142849416
asymmetric,adds_01,remove_latent_without_spatial,0.03660064458284751,-0.10623267424192022,0.18329214852517522,-0.13415227183779257,0.21478232180126336
asymmetric,adds_01,remove_latent_with_spatial,-0.06770441632181701,-0.1522412470125804,0.0,-0.1669473114614187,0.00789195464924367
asymmetric,adds_01,interaction,-0.10430506090466451,-0.28497952327937914,0.0654922716982611,-0.33043487115937287,0.09505064054697346
asymmetric,adds_01,s0_l1_vs_residual,0.3441455344698596,-0.5115056159703435,1.2356595451666448,-0.6778139170871402,1.4263781486171034
asymmetric,adds_01,s0_l1_vs_fp,11.030727045243097,6.204154636512533,16.01255105081883,4.907533398065224,17.518891507317214
asymmetric,adds_01,s0_l0_vs_residual,0.38074617905270713,-0.49080992272130075,1.2946299578098879,-0.6546255328700998,1.482231896063443
asymmetric,adds_01,s0_l0_vs_fp,11.067327689825945,6.155949314792397,16.101127059532846,4.876666967805707,17.6220449584933
asymmetric,adds_01,s1_l1_vs_residual,0.3739462389112873,-0.4635279681990099,1.2511170975362766,-0.6157160290321803,1.425469041484634
asymmetric,adds_01,s1_l1_vs_fp,11.060527749684525,6.1340707890078185,16.13534510869573,4.842799693364728,17.666419289799435
asymmetric,adds_01,s1_l0_vs_residual,0.3062418225894703,-0.6019204824979962,1.2355801860199755,-0.761762789135818,1.4138941792027342
asymmetric,adds_01,s1_l0_vs_fp,10.992823333362708,6.09454178320235,16.02283595131948,4.828435214230806,17.52691606302466
asymmetric,rotation_deg,spatial_with_latent,-0.019835875713667406,-0.09865993135110385,0.06076437811684386,-0.12037273240522939,0.08526863189004917
asymmetric,rotation_deg,spatial_without_latent,-0.17357590947279178,-0.35743061167307816,-0.014638993730488964,-0.3989816441853363,0.021435967035079606
asymmetric,rotation_deg,remove_latent_without_spatial,0.07760054105395753,-0.03551297283449695,0.20039455118364086,-0.061777915159982065,0.22438946252024244
asymmetric,rotation_deg,remove_latent_with_spatial,-0.07613949270516684,-0.1883563682502663,0.017283141007468465,-0.21263745520659327,0.03864175237072313
asymmetric,rotation_deg,interaction,-0.15374003375912437,-0.31662322266099385,-0.014188029647096175,-0.3579528489491838,0.00978777273710613
asymmetric,rotation_deg,s0_l1_vs_residual,-0.11302964870948884,-1.3638731692869794,1.1618654775239567,-1.6447801673779632,1.4321868268717712
asymmetric,rotation_deg,s0_l1_vs_fp,-3.4707933010831944,-7.440279413698929,0.6271661778658544,-8.67318253073061,1.666123416667691
asymmetric,rotation_deg,s0_l0_vs_residual,-0.03542910765553131,-1.305177915150244,1.2453957647276792,-1.6192693659187698,1.550930681476745
asymmetric,rotation_deg,s0_l0_vs_fp,-3.393192760029237,-7.362194008765671,0.6913274613432313,-8.608208861834353,1.7539744087084443
asymmetric,rotation_deg,s1_l1_vs_residual,-0.13286552442315624,-1.3834165236669265,1.1500887453077793,-1.6672309616731813,1.4258790506084529
asymmetric,rotation_deg,s1_l1_vs_fp,-3.490629176796862,-7.430565984371805,0.545237029080745,-8.632118718402928,1.6098520672973582
asymmetric,rotation_deg,s1_l0_vs_residual,-0.2090050171283231,-1.4215792146368953,1.0193719549604376,-1.6801491061747633,1.2901625512074335
asymmetric,rotation_deg,s1_l0_vs_fp,-3.5667686695020286,-7.461263070034811,0.4579718182332446,-8.691229228710615,1.4840225211512328
asymmetric,center_mm,spatial_with_latent,0.02766850692233369,-0.05376218759864047,0.1024944830121742,-0.07301165073278627,0.12055963455413463
asymmetric,center_mm,spatial_without_latent,0.11970959456755459,0.02569834822481465,0.2177085790057297,0.005173878702714069,0.2368170608699224
asymmetric,center_mm,remove_latent_without_spatial,-0.04225280842924306,-0.11907999282358665,0.022993332765844695,-0.13566847507966204,0.033541712532959865
asymmetric,center_mm,remove_latent_with_spatial,0.04978827921597784,-0.010458484307260218,0.1308402879368671,-0.018753563418626617,0.1438965184305915
asymmetric,center_mm,interaction,0.0920410876452209,-0.013811364329455778,0.22339781211359624,-0.029359602309622597,0.2508097536166795
asymmetric,center_mm,s0_l1_vs_residual,0.020907291906128833,-2.725385862925613,3.222830870105316,-3.0389296704158006,3.7307083713164193
asymmetric,center_mm,s0_l1_vs_fp,-31.447370062226348,-45.61652860366353,-17.275922617139702,-49.93009984295469,-13.808780629976956
asymmetric,center_mm,s0_l0_vs_residual,-0.021345516523114227,-2.7862379075600856,3.175097051053625,-3.1117867086463527,3.6915357990048863
asymmetric,center_mm,s0_l0_vs_fp,-31.489622870655587,-45.67462151601064,-17.28248560762495,-50.009188467610045,-13.878332498150904
asymmetric,center_mm,s1_l1_vs_residual,0.048575798828462524,-2.7390071309834227,3.245026113437787,-3.053313940674597,3.7826208290280845
asymmetric,center_mm,s1_l1_vs_fp,-31.419701555304012,-45.62555099086422,-17.1961741295175,-49.95840673520739,-13.78170871061864
asymmetric,center_mm,s1_l0_vs_residual,0.09836407804444036,-2.7336303857948696,3.3690487497359505,-3.0495851355252297,3.916147865549594
asymmetric,center_mm,s1_l0_vs_fp,-31.369913276088035,-45.524866632073085,-17.119241696723726,-49.829023593586534,-13.708154217118967
symmetric,add_01,spatial_with_latent,0.5730848571173937,-0.20259559017271878,1.3340765286612906,-0.3516584766584785,1.6191898737546917
symmetric,add_01,spatial_without_latent,0.4722455760555029,-0.315680263596931,1.3853697447447433,-0.4296031708792092,1.6530829855084477
symmetric,add_01,remove_latent_without_spatial,0.12784616808589888,-0.4523273273273247,0.6979916165122586,-0.5807848293324116,0.837692760183119
symmetric,add_01,remove_latent_with_spatial,0.027006887024008108,-0.3561911645066599,0.47484984984984635,-0.42383874378736874,0.5912201619232912
symmetric,add_01,interaction,-0.10083928106189077,-0.9325249907441702,0.743132943833364,-1.1486486486486456,0.9271815034644704
symmetric,add_01,s0_l1_vs_residual,1.2414544253157196,-0.18662017086662405,3.3284754077471987,-0.2766466214716459,3.900616436749244
symmetric,add_01,s0_l1_vs_fp,5.091612374360658,-1.9429585835835859,12.437386928212618,-4.064922832989247,14.789032175871705
symmetric,add_01,s0_l0_vs_residual,1.3693005934016185,0.08001048640383551,2.9664039039039025,-0.11584387121496682,3.593414906448858
symmetric,add_01,s0_l0_vs_fp,5.2194585424465565,-2.221165791412591,12.98446512468689,-4.312003279320989,15.505084630084632
symmetric,add_01,s1_l1_vs_residual,1.8145392824331132,-0.1690725552118649,4.3133117492492445,-0.46218093093093415,5.302578899743328
symmetric,add_01,s1_l1_vs_fp,5.664697231478051,-1.7576558245458795,13.492133188234105,-3.681933398241993,16.00681195429162
symmetric,add_01,s1_l0_vs_residual,1.8415461694571214,-0.002346096096097483,4.257728240019666,-0.11458740309186782,5.259959177927927
symmetric,add_01,s1_l0_vs_fp,5.691704118502059,-1.3340049922081179,13.176990878754065,-3.2771355339714705,15.614211651239232
symmetric,adds_005,spatial_with_latent,-0.1294155885337318,-0.49716574372537536,0.20833333333337123,-0.5773752031564641,0.3181896530657674
symmetric,adds_005,spatial_without_latent,0.48456525875191403,-0.30499249249250227,1.4104729729729684,-0.40916555760305784,1.719796945382866
symmetric,adds_005,remove_latent_without_spatial,-0.12802828513444808,-0.8680555555555429,0.5079298048048031,-1.0416666666666572,0.6381381381381317
symmetric,adds_005,remove_latent_with_spatial,0.48595256215119775,-0.06480688736681409,1.1552048623966304,-0.1212899543379109,1.3510410531172496
symmetric,adds_005,interaction,0.6139808472856458,-0.16811921082043663,1.5566379735900284,-0.25337837837837185,1.822916666666643
symmetric,adds_005,s0_l1_vs_residual,0.4978223086099831,-1.220462919472396,2.6427113114827416,-1.4818618245375859,3.396516458509528
symmetric,adds_005,s0_l1_vs_fp,7.288399272560241,-0.2865461110725547,14.54742143638204,-3.4415602856526606,17.02665925604272
symmetric,adds_005,s0_l0_vs_residual,0.369794023475535,-1.0977567055692092,1.8402777777777715,-1.3583896396396398,2.4216378505799345
symmetric,adds_005,s0_l0_vs_fp,7.160370987425793,-0.7762938719969859,14.836746598465366,-4.007971839026525,17.457120476848154
symmetric,adds_005,s1_l1_vs_residual,0.3684067200762513,-1.6927102884134224,2.8472222222222285,-2.054903047578826,3.696638142945128
symmetric,adds_005,s1_l1_vs_fp,7.158983684026509,-0.13695228396027934,14.195445445445472,-3.2765926355825945,16.807337372884238
symmetric,adds_005,s1_l0_vs_residual,0.8543592822274491,-0.6940909231148851,3.141422672672661,-0.8511636636636696,3.6892419763513535
symmetric,adds_005,s1_l0_vs_fp,7.644936246177707,0.04879097847849288,14.946586494751642,-3.109290270384029,17.40689015837932
symmetric,adds_01,spatial_with_latent,-0.30124302384577106,-0.7202515015015081,0.05243764172334444,-0.8938626126126081,0.10416666666668561
symmetric,adds_01,spatial_without_latent,0.21245560629121485,-0.3536965864947348,0.9694069069068973,-0.45592467467467657,1.2117586336336217
symmetric,adds_01,remove_latent_without_spatial,-0.3712027524099426,-0.9548611111111001,0.02893518518519045,-1.1058789954337698,0.04340277777778567
symmetric,adds_01,remove_latent_with_spatial,0.1424958777270433,-0.044575825825817005,0.36597785506833447,-0.08680555555555713,0.4234934045775383
symmetric,adds_01,interaction,0.5136986301369859,0.0,0.9982638888888857,0.0,1.1671828078078192
symmetric,adds_01,s0_l1_vs_residual,0.9980657026890043,-0.22902417899551608,2.864583333333343,-0.28935185185184764,3.332629504504496
symmetric,adds_01,s0_l1_vs_fp,11.125776889903605,1.6652925756807093,21.468042153336764,0.7376302083333399,25.120505270895894
symmetric,adds_01,s0_l0_vs_residual,0.6268629502790617,-0.2870057557557576,1.8703078078078192,-0.4050925925925668,2.251079204204217
symmetric,adds_01,s0_l0_vs_fp,10.754574137493663,1.0763888888888853,21.360735735735716,0.0794779829545388,24.921405780780773
symmetric,adds_01,s1_l1_vs_residual,0.6968226788432332,-0.8743118118118076,2.7488425925925952,-1.092889764764763,3.3772053303303267
symmetric,adds_01,s1_l1_vs_fp,10.824533866057834,1.6267123287671263,20.86382085210211,0.639505471380463,24.372780984109045
symmetric,adds_01,s1_l0_vs_residual,0.8393185565702765,-0.6013333539018646,2.7702702702702737,-0.7562314919085841,3.4628378378378386
symmetric,adds_01,s1_l0_vs_fp,10.967029743784877,1.605858185882808,21.20151401401401,0.6076246843434453,24.794898669049445
symmetric,rotation_deg,spatial_with_latent,-0.22461447131921375,-0.4123526605986285,0.08783631109474967,-0.5031387192181067,0.13545553268410046
symmetric,rotation_deg,spatial_without_latent,0.8093038978887961,-0.05430862556248428,1.8891119351014127,-0.11757270773276218,2.2317424358344438
symmetric,rotation_deg,remove_latent_without_spatial,-0.2311743331503635,-0.409568401121955,0.07015222838153394,-0.5050652106499376,0.11553166302050133
symmetric,rotation_deg,remove_latent_with_spatial,0.8027440360576463,-0.03908830958918087,1.895909892528788,-0.06738823646475638,2.2610859927712337
symmetric,rotation_deg,interaction,1.0339183692080098,-0.02610120093393778,2.1736844909075166,-0.11598174686322693,2.6351029611025645
symmetric,rotation_deg,s0_l1_vs_residual,-0.4930350739407885,-1.6096688705758027,0.627112484707681,-1.9525851471300855,1.0864509467212287
symmetric,rotation_deg,s0_l1_vs_fp,-2.9839285703875333,-9.327949720826782,3.433555076059186,-11.229865755349408,5.8636628009231355
symmetric,rotation_deg,s0_l0_vs_residual,-0.724209407091152,-1.9332309631794409,0.6053734192961723,-2.338641436967918,1.1376030182367516
symmetric,rotation_deg,s0_l0_vs_fp,-3.215102903537897,-9.595608191997195,3.197630360475179,-11.578646748093051,5.604848293012727
symmetric,rotation_deg,s1_l1_vs_residual,-0.7176495452600022,-1.9047800505601373,0.6018589833841733,-2.298921369928277,1.1037518139556566
symmetric,rotation_deg,s1_l1_vs_fp,-3.208543041706747,-9.544065655800331,3.1668787873607376,-11.501910678623346,5.546986149466234
symmetric,rotation_deg,s1_l0_vs_residual,0.08509449079764408,-1.1916736251726259,1.1888803906135905,-1.4898256335992834,1.4728806437636515
symmetric,rotation_deg,s1_l0_vs_fp,-2.4057990056491008,-8.2261541485184,3.3094508937858933,-10.10433462953992,5.740576754666087
symmetric,center_mm,spatial_with_latent,0.0038118470243251323,-0.0490198691276094,0.05163999969846391,-0.06275560251423676,0.07126748991642483
symmetric,center_mm,spatial_without_latent,-0.18002434424901637,-0.38699569769880426,-0.022386150513821125,-0.4697827353567383,0.007175669922118856
symmetric,center_mm,remove_latent_without_spatial,0.11531663399464698,-0.03841908346127454,0.332963847363196,-0.0558408484380255,0.39080698120421076
symmetric,center_mm,remove_latent_with_spatial,-0.06851955727869452,-0.16568405264007233,0.01755917730111198,-0.19591889447495292,0.02739461592010365
symmetric,center_mm,interaction,-0.1838361912733415,-0.3563842390380577,-0.023448767094282952,-0.43681283330715337,-0.005385985776823379
symmetric,center_mm,s0_l1_vs_residual,-1.1705390717944866,-3.4360903606934663,0.10247829267938889,-3.6037607603693487,0.1528855970802991
symmetric,center_mm,s0_l1_vs_fp,-36.06320445667948,-71.12570628912518,-5.397574428093666,-84.2583443998693,-3.0547778265827183
symmetric,center_mm,s0_l0_vs_residual,-1.0552224377998396,-3.0838740203122725,0.12160756271535665,-3.2389777539973883,0.16664317177897606
symmetric,center_mm,s0_l0_vs_fp,-35.947887822684834,-71.06553169126106,-5.184660795745975,-84.25473678923953,-2.9115119190751724
symmetric,center_mm,s1_l1_vs_residual,-1.1667272247701614,-3.457166683321142,0.119325802230429,-3.655717692806783,0.18157581234885575
symmetric,center_mm,s1_l1_vs_fp,-36.059392609655156,-71.05607612320223,-5.421307925067646,-84.22451239217865,-3.0375525133978307
symmetric,center_mm,s1_l0_vs_residual,-1.235246782048856,-3.4938556553736513,0.06012880565225989,-3.6455810236845694,0.1027626252049154
symmetric,center_mm,s1_l0_vs_fp,-36.12791216693385,-71.23353435326928,-5.419576863794556,-84.39126302527565,-3.0600098545874737
visibility_lt_03,add_01,spatial_with_latent,1.0284128592296025,-0.14903129657228043,1.912236286919832,-0.18214936247723124,2.1552080747911013
visibility_lt_03,add_01,spatial_without_latent,0.3277549243395228,0.0,0.5621686883359409,0.0,0.6183855571695389
visibility_lt_03,add_01,remove_latent_without_spatial,0.7006579348900797,-0.32786885245901587,1.5189873417721529,-0.36429872495446247,1.6877637130801695
visibility_lt_03,add_01,remove_latent_with_spatial,0.0,0.0,0.0,0.0,0.0
visibility_lt_03,add_01,interaction,-0.7006579348900797,-1.5189873417721529,0.32786885245901587,-1.6877637130801695,0.36429872495446247
visibility_lt_03,add_01,s0_l1_vs_residual,-0.5828419083487884,-3.5314439358601795,2.5743586750746865,-4.204545454545453,2.903992817516735
visibility_lt_03,add_01,s0_l1_vs_fp,-3.0487619749365553,-10.732109852137572,3.45959057949712,-12.899725986790866,5.055566004979605
visibility_lt_03,add_01,s0_l0_vs_residual,0.11781602654129131,-3.5063260498745215,3.6815912857772735,-4.204545454545453,4.170989831915335
visibility_lt_03,add_01,s0_l0_vs_fp,-2.3481040400464757,-10.315356182466077,4.471013777823746,-12.980625931445598,6.1442291322766724
visibility_lt_03,add_01,s1_l1_vs_residual,0.4455709508808141,-3.372082179664666,4.147960713653491,-4.166666666666666,4.7081711525069005
visibility_lt_03,add_01,s1_l1_vs_fp,-2.020349115706953,-9.96391172257539,4.717629911612637,-12.561763948771489,6.349707305784381
visibility_lt_03,add_01,s1_l0_vs_residual,0.4455709508808141,-3.372082179664666,4.147960713653491,-4.166666666666666,4.7081711525069005
visibility_lt_03,add_01,s1_l0_vs_fp,-2.020349115706953,-9.96391172257539,4.717629911612637,-12.561763948771489,6.349707305784381
visibility_lt_03,adds_005,spatial_with_latent,0.5258848016559519,-0.3783102143757908,1.6914556962025316,-0.49180327868852913,1.9668254871284319
visibility_lt_03,adds_005,spatial_without_latent,0.4349376114082091,0.0,1.2853949329359224,0.0,1.5137328339575475
visibility_lt_03,adds_005,remove_latent_without_spatial,0.20537984855697644,-0.1490312965722822,0.49425569242959,-0.18214936247722946,0.5853396210805037
visibility_lt_03,adds_005,remove_latent_with_spatial,0.11443265830923366,-0.15228426395939118,0.32786885245901587,-0.182149362477233,0.364298724954466
visibility_lt_03,adds_005,interaction,-0.09094719024774633,-0.6432869890018722,0.44709388971684305,-0.7487383138909571,0.5464480874316919
visibility_lt_03,adds_005,s0_l1_vs_residual,2.614963963902266,-0.7813044466703064,4.913790320721219,-1.6817875015953319,5.619281732471886
visibility_lt_03,adds_005,s0_l1_vs_fp,10.504442071243492,1.6726942981010644,21.076141827488744,-0.9736870280201364,24.1429043069999
visibility_lt_03,adds_005,s0_l0_vs_residual,2.8203438124592424,-0.7298579958355688,5.20474510617694,-1.6379768089589872,5.969392009415191
visibility_lt_03,adds_005,s0_l0_vs_fp,10.709821919800468,1.7848100291153393,21.285046078652496,-0.9335728940376659,24.484157787585765
visibility_lt_03,adds_005,s1_l1_vs_residual,3.140848765558218,-0.18503049270961325,5.727290433151282,-1.246558319729047,6.623279893008868
visibility_lt_03,adds_005,s1_l1_vs_fp,11.030326872899444,2.0580408129746313,22.09578491745651,-0.8470991121086542,25.2768322058891
visibility_lt_03,adds_005,s1_l0_vs_residual,3.2552814238674515,-0.1785356206448807,5.887109254037594,-1.246574006457431,6.835023539404908
visibility_lt_03,adds_005,s1_l0_vs_fp,11.144759531208678,2.187610486420463,22.156364982320927,-0.6705513334408332,25.300084453541967
visibility_lt_03,adds_01,spatial_with_latent,0.578189673404033,-0.3650761003702172,1.2403435950651556,-0.5347593582887811,1.4288363864635087
visibility_lt_03,adds_01,spatial_without_latent,-0.15460556511456502,-0.8741009214018656,1.3287399066682823,-1.018942173804329,1.6164612223934398
visibility_lt_03,adds_01,remove_latent_without_spatial,0.0684380989667801,-1.4611189505456201,0.7999296765119652,-1.746880570409985,0.9599156118143455
visibility_lt_03,adds_01,remove_latent_with_spatial,-0.664357139551818,-1.0665729020159347,0.0,-1.1998945147679336,0.0
visibility_lt_03,adds_01,interaction,-0.7327952385185981,-1.745301112389697,1.2833877465299752,-2.089322749052407,1.668404070488954
visibility_lt_03,adds_01,s0_l1_vs_residual,1.4243365994995258,-0.7259005492154103,3.9081124526734428,-0.9832895392700324,4.514406675342439
visibility_lt_03,adds_01,s0_l1_vs_fp,20.00603243194457,9.551001642333796,32.967111641162276,5.641003077351995,36.64773810475767
visibility_lt_03,adds_01,s0_l0_vs_residual,1.492774698466306,-0.7877835408537242,3.280475321871748,-1.3323917515165482,3.8088691386970472
visibility_lt_03,adds_01,s0_l0_vs_fp,20.07447053091135,9.119082327172304,33.17994710198937,5.27501231129423,37.00538005270687
visibility_lt_03,adds_01,s1_l1_vs_residual,2.002526272903559,-0.5420176715329489,4.62496934482823,-1.047742847407143,5.401280565214975
visibility_lt_03,adds_01,s1_l1_vs_fp,20.5842221053486,9.918659767016326,33.65136769759802,5.911668979033657,37.39039176462284
visibility_lt_03,adds_01,s1_l0_vs_residual,1.338169133351741,-1.0337051163937545,3.9390792724083927,-1.4514767932489434,4.586167408329672
visibility_lt_03,adds_01,s1_l0_vs_fp,19.919864965796783,9.464842241463982,32.880086173749014,5.619659008692013,36.4200596454226
visibility_lt_03,rotation_deg,spatial_with_latent,-1.036236796730094,-1.8603518151295624,-0.12134034257480057,-2.0961299053515607,0.009596790725825663
visibility_lt_03,rotation_deg,spatial_without_latent,-0.5845878444013763,-1.3602612115444077,0.172011188506592,-1.5934253041508428,0.35049078090148
visibility_lt_03,rotation_deg,remove_latent_without_spatial,-0.08353569330284216,-0.3788270590456058,0.29462453075114425,-0.4523981669018523,0.36673046164227646
visibility_lt_03,rotation_deg,remove_latent_with_spatial,0.36811325902587555,0.07502420568917696,0.6202474940777273,-0.018344084089356973,0.6904165330684061
visibility_lt_03,rotation_deg,interaction,0.4516489523287177,-0.06949200446890877,0.8555865575040541,-0.16563763167860418,0.9743734721196805
visibility_lt_03,rotation_deg,s0_l1_vs_residual,1.9188557957598107,-2.020498897112979,5.511583452472205,-3.1529386039796528,6.695218713098413
visibility_lt_03,rotation_deg,s0_l1_vs_fp,-3.648872179281746,-19.373674843382375,9.676097653097562,-23.751238483591433,12.05692425430772
visibility_lt_03,rotation_deg,s0_l0_vs_residual,1.8353201024569685,-2.292917077632193,5.658893051137551,-3.4891546004237,6.943978536879279
visibility_lt_03,rotation_deg,s0_l0_vs_fp,-3.732407872584588,-19.569587191672703,9.74601077179388,-23.93678892689335,12.191758697495127
visibility_lt_03,rotation_deg,s1_l1_vs_residual,0.8826189990297166,-3.5472166996972696,5.082806835977091,-4.612212550757053,6.318599413464226
visibility_lt_03,rotation_deg,s1_l1_vs_fp,-4.68510897601184,-20.83739463817428,9.133285767651914,-25.34335937454991,11.589211972038251
visibility_lt_03,rotation_deg,s1_l0_vs_residual,1.2507322580555922,-3.2984151143393228,5.469069428438655,-4.3712568397678435,6.770688067043378
visibility_lt_03,rotation_deg,s1_l0_vs_fp,-4.316995716985964,-20.60768909180559,9.54702010695374,-24.96355402736557,11.98395906641729
visibility_lt_03,center_mm,spatial_with_latent,-0.4100831963614979,-0.6745421222847878,0.019406293077920675,-0.7579728722708081,0.10177994914004337
visibility_lt_03,center_mm,spatial_without_latent,-0.343874220011152,-0.621755883000289,0.049253362754916416,-0.7145398720239362,0.13166524670001134
visibility_lt_03,center_mm,remove_latent_without_spatial,0.28191031204606176,0.0033204016052524317,0.4973486272421817,-0.04688042987445554,0.5643680520228015
visibility_lt_03,center_mm,remove_latent_with_spatial,0.3481192883964077,0.0830552323696323,0.5027917954165657,0.02926416844173138,0.5625529353821189
visibility_lt_03,center_mm,interaction,0.06620897635034595,-0.18450612737669755,0.27067380022347454,-0.24786727295950506,0.3391693388887795
visibility_lt_03,center_mm,s0_l1_vs_residual,0.42812861067200103,-3.038879506633504,2.63701749247099,-3.87214188277777,3.1737141256123427
visibility_lt_03,center_mm,s0_l1_vs_fp,-46.248658610229654,-83.88802077659517,-14.525284823650624,-95.42047631266001,-7.923984134859335
visibility_lt_03,center_mm,s0_l0_vs_residual,0.7100389227180628,-2.77258304175788,2.9035170977222235,-3.5602540275732473,3.404853328394818
visibility_lt_03,center_mm,s0_l0_vs_fp,-45.96674829818359,-83.65921275018856,-14.153922208052702,-95.13433649709633,-7.71893419104602
visibility_lt_03,center_mm,s1_l1_vs_residual,0.018045414310503105,-3.1536696263047874,2.08287754444157,-3.948434568288481,2.579259300064256
visibility_lt_03,center_mm,s1_l1_vs_fp,-46.65874180659115,-84.2308325820982,-14.997678337596874,-95.37246829818599,-8.384132492632656
visibility_lt_03,center_mm,s1_l0_vs_residual,0.3661647027069108,-2.9641795828208286,2.4938891401761465,-3.7662475450400774,2.9954981630158164
visibility_lt_03,center_mm,s1_l0_vs_fp,-46.31062251819474,-83.9433979332049,-14.582893184192415,-95.19938545223498,-8.028938938720788
visibility_lt_05,add_01,spatial_with_latent,-0.16374376678643188,-0.9312654710939614,0.5483653878208868,-1.1370978990820755,0.6960860459941761
visibility_lt_05,add_01,spatial_without_latent,0.07642721876843339,-0.4698627187257533,0.6165059347415937,-0.6126786838428646,0.7915817707204805
visibility_lt_05,add_01,remove_latent_without_spatial,0.033938929377100635,-0.3628974128887005,0.43726678165114824,-0.485382407975769,0.5249562147054276
visibility_lt_05,add_01,remove_latent_with_spatial,0.2741099149319659,-0.24232429209804723,0.854117103427101,-0.3274811608144965,0.9589910744252014
visibility_lt_05,add_01,interaction,0.24017098555486527,-0.446845833439431,0.8928466985126126,-0.5879226003448224,1.0848322030234694
visibility_lt_05,add_01,s0_l1_vs_residual,0.33470082202930485,-0.9183864540488277,1.4293490633307926,-1.2345122662115555,1.7910708104436361
visibility_lt_05,add_01,s0_l1_vs_fp,-10.054982844877124,-16.33642393313283,0.5013781993377037,-18.161055441529292,2.4759782944023847
visibility_lt_05,add_01,s0_l0_vs_residual,0.3686397514064055,-1.0455532953417572,1.6484585507561493,-1.4199693631552934,2.055208700414887
visibility_lt_05,add_01,s0_l0_vs_fp,-10.021043915500023,-16.465792967627632,0.7182211661316411,-18.315208712594757,2.865256925212295
visibility_lt_05,add_01,s1_l1_vs_residual,0.17095705524287297,-1.6223714341677389,1.8338012898696094,-2.0940360701048197,2.296943603485469
visibility_lt_05,add_01,s1_l1_vs_fp,-10.218726611663556,-16.615792601999793,0.3272698376732696,-18.599284395041707,2.372624518467285
visibility_lt_05,add_01,s1_l0_vs_residual,0.44506697017483887,-1.2068758264632917,1.8661051091768583,-1.6144052661145072,2.2833228359991704
visibility_lt_05,add_01,s1_l0_vs_fp,-9.94461669673159,-16.354723625867514,0.6674161353576906,-18.216869717418955,2.717140288295144
visibility_lt_05,adds_005,spatial_with_latent,0.5224467810610136,-0.1280190407400262,1.0419592591748887,-0.34318798516890675,1.1577699133476618
visibility_lt_05,adds_005,spatial_without_latent,0.4338478109462116,-0.07045547156875036,1.0535049854319118,-0.23932291652714505,1.2200626253589089
visibility_lt_05,adds_005,remove_latent_without_spatial,0.3314503801196196,-0.18469713131808232,0.6899296763946381,-0.2905658505083422,0.7920430333826805
visibility_lt_05,adds_005,remove_latent_with_spatial,0.24285141000481758,0.03733312904620885,0.5184588946987949,-0.024520296141810113,0.6096811098786166
visibility_lt_05,adds_005,interaction,-0.088598970114802,-0.5415397544114968,0.5780489021148352,-0.6913380645445987,0.7276327397873923
visibility_lt_05,adds_005,s0_l1_vs_residual,0.9552441458637801,-0.6879171914724468,3.2140106052538875,-1.1418711780891793,3.7788414136406114
visibility_lt_05,adds_005,s0_l1_vs_fp,2.3556465106151947,-2.5746670765392077,9.956238051014816,-4.269776496362895,11.867365120152037
visibility_lt_05,adds_005,s0_l0_vs_residual,1.2866945259833997,-0.5290968745520932,3.5697704851302032,-0.9766114609834927,4.173956882095621
visibility_lt_05,adds_005,s0_l0_vs_fp,2.6870968907348143,-2.497824724703753,10.42349455382251,-4.2203443411826775,12.326649831467543
visibility_lt_05,adds_005,s1_l1_vs_residual,1.4776909269247938,-0.276417475438121,3.6998509552474235,-0.8137622724627828,4.332657111677721
visibility_lt_05,adds_005,s1_l1_vs_fp,2.8780932916762083,-2.289627966420712,10.616277986805107,-3.9720942226060227,12.557212430098843
visibility_lt_05,adds_005,s1_l0_vs_residual,1.7205423369296113,0.01520708074821721,3.9672444778001936,-0.5351337853654711,4.613871691379218
visibility_lt_05,adds_005,s1_l0_vs_fp,3.120944701681026,-2.0155159404111784,10.889450933161026,-3.669768154759142,12.808331429177787
visibility_lt_05,adds_01,spatial_with_latent,0.2397673472109716,0.02561475409837044,0.5168889161309099,0.0,0.5598656441353143
visibility_lt_05,adds_01,spatial_without_latent,0.09134651319875786,-0.237191278752287,0.3292432999490277,-0.3174603174603164,0.3926153961163124
visibility_lt_05,adds_01,remove_latent_without_spatial,0.01482350075814054,-0.23458366327021452,0.31866281866280133,-0.29187930880114266,0.3765624999999884
visibility_lt_05,adds_01,remove_latent_with_spatial,-0.1335973332540732,-0.41229975136120345,0.026737967914442606,-0.461884063935868,0.030303030303031164
visibility_lt_05,adds_01,interaction,-0.14842083401221373,-0.6802766016342826,0.1956947162426559,-0.7669982525426257,0.26953735001679036
visibility_lt_05,adds_01,s0_l1_vs_residual,1.0468290606538915,-0.20335459825400762,1.9497586944570808,-0.41346540599638015,2.207684962209064
visibility_lt_05,adds_01,s0_l1_vs_fp,9.055179636562386,2.849721542026404,16.961275105780278,1.0121820757758844,19.168149795957504
visibility_lt_05,adds_01,s0_l0_vs_residual,1.061652561412032,-0.17360752534496093,1.9851788450990908,-0.40277353484122086,2.260644572002141
visibility_lt_05,adds_01,s0_l0_vs_fp,9.070003137320526,2.8088375906661094,16.96836124428241,0.993060002830192,19.356514677767077
visibility_lt_05,adds_01,s1_l1_vs_residual,1.286596407864863,0.0004918407026199504,2.256531095210324,-0.2505893917768474,2.574529090693203
visibility_lt_05,adds_01,s1_l1_vs_fp,9.294946983773357,2.9904304828986827,17.23718122379911,1.13582738021989,19.68142202597238
visibility_lt_05,adds_01,s1_l0_vs_residual,1.1529990746107899,-0.10166528102099757,2.0257984886363065,-0.3016839595075119,2.254011327966258
visibility_lt_05,adds_01,s1_l0_vs_fp,9.161349650519284,2.9089137374795624,17.07075562317158,1.038316762766769,19.30723544191056
visibility_lt_05,rotation_deg,spatial_with_latent,-0.0009578141456429989,-0.2971431708737661,0.140608402311901,-0.3634549243208574,0.19809703850680938
visibility_lt_05,rotation_deg,spatial_without_latent,-0.1689560258676721,-0.5116310242073305,0.30427218855277083,-0.6122408315912278,0.42562138908615077
visibility_lt_05,rotation_deg,remove_latent_without_spatial,0.21523930807097003,-0.24239334349847697,0.44347270337775285,-0.32340208959047606,0.5287455306754318
visibility_lt_05,rotation_deg,remove_latent_with_spatial,0.047241096348940914,-0.11102165738458183,0.2631265220884038,-0.14591387896572425,0.3131567353302176
visibility_lt_05,rotation_deg,interaction,-0.1679982117220291,-0.43421064976495866,0.35250876557682786,-0.5362447127731748,0.46944362525598954
visibility_lt_05,rotation_deg,s0_l1_vs_residual,2.293295166785718,-0.5254208491890874,4.155619432225614,-1.3094762708790462,4.641153853642005
visibility_lt_05,rotation_deg,s0_l1_vs_fp,5.0016807106063155,-1.959781218581234,10.64391892446368,-3.5967464415309616,12.44927273994225
visibility_lt_05,rotation_deg,s0_l0_vs_residual,2.5085344748566882,-0.5957427887604286,4.4205119863105375,-1.4063825092703166,4.9316507401574805
visibility_lt_05,rotation_deg,s0_l0_vs_fp,5.2169200186772855,-1.8857333443527902,10.794814810029454,-3.6005976169466134,12.529197051105983
visibility_lt_05,rotation_deg,s1_l1_vs_residual,2.292337352640075,-0.6231932692214238,4.089711730846436,-1.332991002861399,4.557008037222791
visibility_lt_05,rotation_deg,s1_l1_vs_fp,5.0007228964606725,-2.0140046380330703,10.579802552241581,-3.701072695172793,12.354111758912845
visibility_lt_05,rotation_deg,s1_l0_vs_residual,2.339578448989016,-0.507179891711628,4.127351164957642,-1.2188540523970501,4.6168044233213195
visibility_lt_05,rotation_deg,s1_l0_vs_fp,5.047963992809613,-1.9318423678427528,10.675050880772423,-3.637657687113705,12.451231588816825
visibility_lt_05,center_mm,spatial_with_latent,-0.03822033231251609,-0.20122536468732583,0.15974305817663792,-0.2542770442674126,0.21905500635385713
visibility_lt_05,center_mm,spatial_without_latent,0.06768355405735704,-0.11437672444601787,0.2853982137771792,-0.17120131278896109,0.33185383524031875
visibility_lt_05,center_mm,remove_latent_without_spatial,0.03607062041689346,-0.18089659239624734,0.19461786137720688,-0.2262087892519399,0.23626632937811876
visibility_lt_05,center_mm,remove_latent_with_spatial,0.1419745067867666,0.00973222391086952,0.19844591429248917,-0.007505319687484277,0.21613766311939353
visibility_lt_05,center_mm,interaction,0.10590388636987313,-0.07392776858209328,0.25924267807292817,-0.10938020501345472,0.29976863999296227
visibility_lt_05,center_mm,s0_l1_vs_residual,-0.7842804929786205,-2.086086896061248,0.767457353579886,-2.389359777508212,1.0602816869930174
visibility_lt_05,center_mm,s0_l1_vs_fp,-23.320857189384302,-40.43377875826615,-7.545428193257213,-45.101837673874286,-3.861500142824781
visibility_lt_05,center_mm,s0_l0_vs_residual,-0.748209872561727,-2.0480853656270277,0.7489051273653453,-2.3902434088972027,1.0393365322387547
visibility_lt_05,center_mm,s0_l0_vs_fp,-23.28478656896741,-40.46550211453926,-7.470376732863327,-45.14249050318433,-3.740831857690721
visibility_lt_05,center_mm,s1_l1_vs_residual,-0.8225008252911366,-2.0648546064969984,0.6821334046262651,-2.3811289507604045,0.9826181714372596
visibility_lt_05,center_mm,s1_l1_vs_fp,-23.35907752169682,-40.43474352500646,-7.604379934602203,-45.06766511509668,-3.8037252992693733
visibility_lt_05,center_mm,s1_l0_vs_residual,-0.68052631850437,-1.9501118414524994,0.792585891667187,-2.273270947037837,1.085660534454765
visibility_lt_05,center_mm,s1_l0_vs_fp,-23.21710301491005,-40.35672381204385,-7.457419437466006,-44.98884056144611,-3.6255793768636764
long_occlusion_gt8,add_01,spatial_with_latent,-0.06382249177892874,-1.7009742371237107,0.871893077111345,-2.1134063380334553,1.0665291908813601
long_occlusion_gt8,add_01,spatial_without_latent,0.1118273765698703,-0.4571636304261387,0.7510715818320051,-0.5792600782300676,0.9701546153643739
long_occlusion_gt8,add_01,remove_latent_without_spatial,0.12272352242939633,-0.4228035968061876,0.6683437558415044,-0.5658614174258422,0.7936717217229938
long_occlusion_gt8,add_01,remove_latent_with_spatial,0.29837339077819536,-0.30160422194994907,1.7706726713187744,-0.4053780680799612,1.9498071833495825
long_occlusion_gt8,add_01,interaction,0.17564986834879903,-0.6595207782618795,1.6808730116505084,-0.8433698181511573,2.036095874690693
long_occlusion_gt8,add_01,s0_l1_vs_residual,0.5428339926696992,-0.906191628582507,2.223194046805148,-1.3137392269676433,2.756947026587923
long_occlusion_gt8,add_01,s0_l1_vs_fp,-7.5572715838839954,-13.091444099972852,4.781101205613089,-15.089847960396993,8.128534540426964
long_occlusion_gt8,add_01,s0_l0_vs_residual,0.6655575150990956,-0.9561116962231895,2.591088588009648,-1.5061169613173122,3.207371730495232
long_occlusion_gt8,add_01,s0_l0_vs_fp,-7.434548061454599,-13.177946360347098,5.254081740221826,-15.14728687654693,8.637617291317994
long_occlusion_gt8,add_01,s1_l1_vs_residual,0.4790115008907705,-2.1367044427170545,2.845568054845874,-2.9291416097761274,3.551561862951823
long_occlusion_gt8,add_01,s1_l1_vs_fp,-7.621094075662924,-13.230381183507031,4.164549772890939,-15.279206316753813,7.214736666631309
long_occlusion_gt8,add_01,s1_l0_vs_residual,0.7773848916689658,-1.087596360397341,2.900938611113941,-1.642908740718875,3.5215482003135863
long_occlusion_gt8,add_01,s1_l0_vs_fp,-7.322720684884729,-12.966927886679722,5.227098590212024,-15.011097205998073,8.500910376319899
long_occlusion_gt8,adds_005,spatial_with_latent,0.816031919677016,-0.24207238304587692,2.0330169223138808,-0.5462970342965159,2.347564409531376
long_occlusion_gt8,adds_005,spatial_without_latent,0.37216411616473977,-0.25148904367535785,1.474032050072652,-0.4331012718399097,1.7534502191335848
long_occlusion_gt8,adds_005,remove_latent_without_spatial,0.8381387449262689,-0.17112958320359578,1.4514332475317309,-0.29502285231973985,1.608094503828209
long_occlusion_gt8,adds_005,remove_latent_with_spatial,0.39427094141399266,0.07296463390907243,0.6462967216825184,-0.011337198761961813,0.7340199687788852
long_occlusion_gt8,adds_005,interaction,-0.4438678035122763,-1.2304560144700207,0.6962980309738823,-1.4425157089769984,0.9052589102175631
long_occlusion_gt8,adds_005,s0_l1_vs_residual,2.3523769419104994,-0.2185498094205943,5.515351191653391,-0.9083024003634802,6.35209691469234
long_occlusion_gt8,adds_005,s0_l1_vs_fp,4.056059189234091,-2.427807481687695,16.463517899152436,-4.784710898395931,19.20222367520024
long_occlusion_gt8,adds_005,s0_l0_vs_residual,3.1905156868367683,0.37178765315788354,6.360143245593952,-0.4200218349574112,7.203295643701933
long_occlusion_gt8,adds_005,s0_l0_vs_fp,4.89419793416036,-2.0087958518463185,17.43573642432622,-4.4018933927179456,20.05304459384702
long_occlusion_gt8,adds_005,s1_l1_vs_residual,3.1684088615875154,0.5506435523232348,6.875049669266219,-0.28364709616930456,7.806406585130244
long_occlusion_gt8,adds_005,s1_l1_vs_fp,4.872091108911107,-1.7872875449809826,17.49301014934455,-4.021063981193852,20.50307233858725
long_occlusion_gt8,adds_005,s1_l0_vs_residual,3.562679803001508,0.885989332184125,7.2315936496018836,0.0026417844026387694,8.123411141109184
long_occlusion_gt8,adds_005,s1_l0_vs_fp,5.2663620503251,-1.3966242527372574,17.816662791411705,-3.6271772358709073,20.778917226115166
long_occlusion_gt8,adds_01,spatial_with_latent,0.46486257026757016,0.04337544179292509,1.1143960938580868,-0.047126691161657554,1.2823518957950955
long_occlusion_gt8,adds_01,spatial_without_latent,0.21622510358498914,-0.2951519648343144,0.5883327991897301,-0.4021406142867756,0.6831719173860131
long_occlusion_gt8,adds_01,remove_latent_without_spatial,0.17194453639338292,0.0,0.4881684912085834,0.0,0.541697544151566
long_occlusion_gt8,adds_01,remove_latent_with_spatial,-0.0766929302891981,-0.5256354531594756,0.12755102040816269,-0.6404901141743267,0.14577259475218796
long_occlusion_gt8,adds_01,interaction,-0.24863746668258102,-0.9486679662118291,0.0,-1.0164299637984158,1.4210854715202004e-14
long_occlusion_gt8,adds_01,s0_l1_vs_residual,1.0609081489184575,-0.44830806301834514,3.050155087129736,-0.6901547483476587,3.447207981197294
long_occlusion_gt8,adds_01,s0_l1_vs_fp,10.180772126108394,1.4662182542631734,20.17188689487542,-1.2168385474821597,23.174584258095408
long_occlusion_gt8,adds_01,s0_l0_vs_residual,1.2328526853118404,-0.250027042229145,3.296778917282019,-0.5131954658939708,3.7242185975037545
long_occlusion_gt8,adds_01,s0_l0_vs_fp,10.352716662501777,1.5697325160454956,20.48465959390893,-1.1676926827414733,23.59953687670827
long_occlusion_gt8,adds_01,s1_l1_vs_residual,1.5257707191860277,-0.08777070051319455,3.9140917147321024,-0.3476669239255834,4.407638953624574
long_occlusion_gt8,adds_01,s1_l1_vs_fp,10.645634696375964,1.8552866131185333,20.911316119612323,-0.9433927400985073,23.87025048852139
long_occlusion_gt8,adds_01,s1_l0_vs_residual,1.4490777888968296,-0.13238935150033448,3.555450927072929,-0.3152054120013229,3.9675398546892735
long_occlusion_gt8,adds_01,s1_l0_vs_fp,10.568941766086766,1.7413504554404147,20.641705544108707,-1.0236260167696247,23.716086729758576
long_occlusion_gt8,rotation_deg,spatial_with_latent,-0.021312265062057634,-0.30131948730080876,0.208418937036169,-0.3715670868633016,0.2777621024331742
long_occlusion_gt8,rotation_deg,spatial_without_latent,-0.2449461237274022,-0.6023665854541865,0.3450985084382414,-0.719312550348386,0.48226087322840594
long_occlusion_gt8,rotation_deg,remove_latent_without_spatial,0.3296719836274846,-0.18975587848212674,0.5772776287172877,-0.25287208076286005,0.6856570674330091
long_occlusion_gt8,rotation_deg,remove_latent_with_spatial,0.10603812496214005,-0.06212758341000839,0.3243173269897062,-0.09721750257431978,0.3815275480839718
long_occlusion_gt8,rotation_deg,interaction,-0.22363385866534458,-0.5597603353035742,0.37356537965230946,-0.6804191423103083,0.504565761097849
long_occlusion_gt8,rotation_deg,s0_l1_vs_residual,1.7088362618043718,-1.105445441128686,3.858915681412509,-1.642087624656385,4.344144901775596
long_occlusion_gt8,rotation_deg,s0_l1_vs_fp,4.782609232272847,-1.4275680139787739,11.189761947757786,-3.0252404534649706,12.759988999604872
long_occlusion_gt8,rotation_deg,s0_l0_vs_residual,2.0385082454318564,-1.19761618172669,4.304842654704068,-1.7512189887909417,4.818378394561908
long_occlusion_gt8,rotation_deg,s0_l0_vs_fp,5.112281215900332,-1.2646430295763504,11.50655758502533,-3.0078972831639565,13.155365830198098
long_occlusion_gt8,rotation_deg,s1_l1_vs_residual,1.6875239967423141,-1.1268063322342086,3.813958272029642,-1.690334774259975,4.3390872062363615
long_occlusion_gt8,rotation_deg,s1_l1_vs_fp,4.761296967210789,-1.3961066230857977,11.194530440720499,-3.0330886197209472,12.768048438527213
long_occlusion_gt8,rotation_deg,s1_l0_vs_residual,1.7935621217044542,-0.985928446935134,3.898491861202466,-1.56335463547477,4.433674348243762
long_occlusion_gt8,rotation_deg,s1_l0_vs_fp,4.8673350921729295,-1.3046756472650436,11.372239849900538,-2.917760453828692,12.953249093826724
long_occlusion_gt8,center_mm,spatial_with_latent,-0.04486649693077638,-0.23220946434156617,0.20647363483842804,-0.2981456345402787,0.2808892007347403
long_occlusion_gt8,center_mm,spatial_without_latent,0.08482344853528545,-0.1271000490964515,0.3395342531685057,-0.19693569083118773,0.39563042503220536
long_occlusion_gt8,center_mm,remove_latent_without_spatial,0.0301984608915582,-0.20960033846421564,0.2156740728894009,-0.26018981528770807,0.2581041045221589
long_occlusion_gt8,center_mm,remove_latent_with_spatial,0.15988840635762003,-0.0011770665090708105,0.21998741081874706,-0.02566182281528567,0.24158578550116375
long_occlusion_gt8,center_mm,interaction,0.12968994546606183,-0.08832206260427818,0.2912050457312855,-0.12588782373760185,0.3340721816416497
long_occlusion_gt8,center_mm,s0_l1_vs_residual,-0.4442409166182344,-1.1597584181949516,0.7952599846819419,-1.3329891395459188,1.0489996571302482
long_occlusion_gt8,center_mm,s0_l1_vs_fp,-19.16605295670107,-36.93910202663339,-3.818021232241701,-41.78325374091317,-0.5285540982115093
long_occlusion_gt8,center_mm,s0_l0_vs_residual,-0.4140424557266762,-1.1466500599178406,0.7618101637602318,-1.3146912243217586,1.019727932995748
long_occlusion_gt8,center_mm,s0_l0_vs_fp,-19.13585449580951,-37.04385082539929,-3.7246856549075065,-41.85005571021058,-0.39413801713858265
long_occlusion_gt8,center_mm,s1_l1_vs_residual,-0.48910741354901077,-1.1750151249935485,0.7273625417580185,-1.341621356330704,0.9987655506970933
long_occlusion_gt8,center_mm,s1_l1_vs_fp,-19.210919453631845,-36.956609779503815,-3.8326682437876185,-41.962264576549096,-0.5863398425149958
long_occlusion_gt8,center_mm,s1_l0_vs_residual,-0.32921900719139074,-1.0629465857313476,0.8589385919838793,-1.2278310372551386,1.1281010988454567
long_occlusion_gt8,center_mm,s1_l0_vs_fp,-19.051031047274225,-36.82085509566994,-3.6869319529459816,-41.801587672490484,-0.4339687739687706
