population,metric,physical_sequence,object_id,method,frames,sum
all,add_01,20200709-subject-01/20200709_142123,1,residual,592,28500.0
all,add_01,20200709-subject-01/20200709_142123,1,s0_l1,592,28200.0
all,add_01,20200709-subject-01/20200709_142123,1,s0_l0,592,28400.0
all,add_01,20200709-subject-01/20200709_142123,1,s1_l1,592,27300.0
all,add_01,20200709-subject-01/20200709_142123,1,s1_l0,592,28700.0
all,add_01,20200709-subject-01/20200709_142123,1,fp,592,34100.0
all,add_01,20200709-subject-01/20200709_142446,2,residual,576,50000.0
all,add_01,20200709-subject-01/20200709_142446,2,s0_l1,576,50000.0
all,add_01,20200709-subject-01/20200709_142446,2,s0_l0,576,50000.0
all,add_01,20200709-subject-01/20200709_142446,2,s1_l1,576,50000.0
all,add_01,20200709-subject-01/20200709_142446,2,s1_l0,576,50000.0
all,add_01,20200709-subject-01/20200709_142446,2,fp,576,50000.0
all,add_01,20200709-subject-01/20200709_142802,3,residual,576,42900.0
all,add_01,20200709-subject-01/20200709_142802,3,s0_l1,576,42900.0
all,add_01,20200709-subject-01/20200709_142802,3,s0_l0,576,42900.0
all,add_01,20200709-subject-01/20200709_142802,3,s1_l1,576,42900.0
all,add_01,20200709-subject-01/20200709_142802,3,s1_l0,576,42900.0
all,add_01,20200709-subject-01/20200709_142802,3,fp,576,42900.0
all,add_01,20200709-subject-01/20200709_143125,4,residual,576,13200.0
all,add_01,20200709-subject-01/20200709_143125,4,s0_l1,576,12900.0
all,add_01,20200709-subject-01/20200709_143125,4,s0_l0,576,13000.0
all,add_01,20200709-subject-01/20200709_143125,4,s1_l1,576,13400.0
all,add_01,20200709-subject-01/20200709_143125,4,s1_l0,576,13400.0
all,add_01,20200709-subject-01/20200709_143125,4,fp,576,29400.0
all,add_01,20200709-subject-01/20200709_143531,5,residual,592,43300.0
all,add_01,20200709-subject-01/20200709_143531,5,s0_l1,592,43300.0
all,add_01,20200709-subject-01/20200709_143531,5,s0_l0,592,41800.0
all,add_01,20200709-subject-01/20200709_143531,5,s1_l1,592,43200.0
all,add_01,20200709-subject-01/20200709_143531,5,s1_l0,592,43200.0
all,add_01,20200709-subject-01/20200709_143531,5,fp,592,51100.0
all,add_01,20200709-subject-01/20200709_143907,6,residual,576,12000.0
all,add_01,20200709-subject-01/20200709_143907,6,s0_l1,576,10600.0
all,add_01,20200709-subject-01/20200709_143907,6,s0_l0,576,10000.0
all,add_01,20200709-subject-01/20200709_143907,6,s1_l1,576,10800.0
all,add_01,20200709-subject-01/20200709_143907,6,s1_l0,576,10900.0
all,add_01,20200709-subject-01/20200709_143907,6,fp,576,12100.0
all,add_01,20200709-subject-01/20200709_144313,7,residual,576,35200.0
all,add_01,20200709-subject-01/20200709_144313,7,s0_l1,576,35500.0
all,add_01,20200709-subject-01/20200709_144313,7,s0_l0,576,35500.0
all,add_01,20200709-subject-01/20200709_144313,7,s1_l1,576,35500.0
all,add_01,20200709-subject-01/20200709_144313,7,s1_l0,576,35500.0
all,add_01,20200709-subject-01/20200709_144313,7,fp,576,25900.0
all,add_01,20200709-subject-01/20200709_144735,8,residual,576,38700.0
all,add_01,20200709-subject-01/20200709_144735,8,s0_l1,576,44800.0
all,add_01,20200709-subject-01/20200709_144735,8,s0_l0,576,45200.0
all,add_01,20200709-subject-01/20200709_144735,8,s1_l1,576,43900.0
all,add_01,20200709-subject-01/20200709_144735,8,s1_l0,576,44200.0
all,add_01,20200709-subject-01/20200709_144735,8,fp,576,49900.0
all,add_01,20200709-subject-01/20200709_145132,9,residual,592,57000.0
all,add_01,20200709-subject-01/20200709_145132,9,s0_l1,592,56200.0
all,add_01,20200709-subject-01/20200709_145132,9,s0_l0,592,56100.0
all,add_01,20200709-subject-01/20200709_145132,9,s1_l1,592,55900.0
all,add_01,20200709-subject-01/20200709_145132,9,s1_l0,592,56000.0
all,add_01,20200709-subject-01/20200709_145132,9,fp,592,56600.0
all,add_01,20200709-subject-01/20200709_145743,10,residual,576,47900.0
all,add_01,20200709-subject-01/20200709_145743,10,s0_l1,576,47800.0
all,add_01,20200709-subject-01/20200709_145743,10,s0_l0,576,47800.0
all,add_01,20200709-subject-01/20200709_145743,10,s1_l1,576,47200.0
all,add_01,20200709-subject-01/20200709_145743,10,s1_l0,576,47400.0
all,add_01,20200709-subject-01/20200709_145743,10,fp,576,42600.0
all,add_01,20200709-subject-01/20200709_150144,11,residual,576,47400.0
all,add_01,20200709-subject-01/20200709_150144,11,s0_l1,576,47200.0
all,add_01,20200709-subject-01/20200709_150144,11,s0_l0,576,47200.0
all,add_01,20200709-subject-01/20200709_150144,11,s1_l1,576,47000.0
all,add_01,20200709-subject-01/20200709_150144,11,s1_l0,576,46900.0
all,add_01,20200709-subject-01/20200709_150144,11,fp,576,45400.0
all,add_01,20200709-subject-01/20200709_150524,12,residual,576,46500.0
all,add_01,20200709-subject-01/20200709_150524,12,s0_l1,576,46600.0
all,add_01,20200709-subject-01/20200709_150524,12,s0_l0,576,46600.0
all,add_01,20200709-subject-01/20200709_150524,12,s1_l1,576,46600.0
all,add_01,20200709-subject-01/20200709_150524,12,s1_l0,576,46600.0
all,add_01,20200709-subject-01/20200709_150524,12,fp,576,46100.0
all,add_01,20200709-subject-01/20200709_150906,13,residual,592,19800.0
all,add_01,20200709-subject-01/20200709_150906,13,s0_l1,592,20900.0
all,add_01,20200709-subject-01/20200709_150906,13,s0_l0,592,21600.0
all,add_01,20200709-subject-01/20200709_150906,13,s1_l1,592,23400.0
all,add_01,20200709-subject-01/20200709_150906,13,s1_l0,592,22800.0
all,add_01,20200709-subject-01/20200709_150906,13,fp,592,5000.0
all,add_01,20200709-subject-01/20200709_151246,14,residual,592,32400.0
all,add_01,20200709-subject-01/20200709_151246,14,s0_l1,592,30600.0
all,add_01,20200709-subject-01/20200709_151246,14,s0_l0,592,30800.0
all,add_01,20200709-subject-01/20200709_151246,14,s1_l1,592,31100.0
all,add_01,20200709-subject-01/20200709_151246,14,s1_l0,592,31200.0
all,add_01,20200709-subject-01/20200709_151246,14,fp,592,21100.0
all,add_01,20200709-subject-01/20200709_151632,15,residual,576,56600.0
all,add_01,20200709-subject-01/20200709_151632,15,s0_l1,576,56500.0
all,add_01,20200709-subject-01/20200709_151632,15,s0_l0,576,56500.0
all,add_01,20200709-subject-01/20200709_151632,15,s1_l1,576,56100.0
all,add_01,20200709-subject-01/20200709_151632,15,s1_l0,576,56200.0
all,add_01,20200709-subject-01/20200709_151632,15,fp,576,55200.0
all,add_01,20200709-subject-01/20200709_151948,16,residual,576,28500.0
all,add_01,20200709-subject-01/20200709_151948,16,s0_l1,576,28600.0
all,add_01,20200709-subject-01/20200709_151948,16,s0_l0,576,28600.0
all,add_01,20200709-subject-01/20200709_151948,16,s1_l1,576,28500.0
all,add_01,20200709-subject-01/20200709_151948,16,s1_l0,576,28500.0
all,add_01,20200709-subject-01/20200709_151948,16,fp,576,27600.0
all,add_01,20200709-subject-01/20200709_152420,17,residual,592,29200.0
all,add_01,20200709-subject-01/20200709_152420,17,s0_l1,592,29700.0
all,add_01,20200709-subject-01/20200709_152420,17,s0_l0,592,29600.0
all,add_01,20200709-subject-01/20200709_152420,17,s1_l1,592,28700.0
all,add_01,20200709-subject-01/20200709_152420,17,s1_l0,592,28800.0
all,add_01,20200709-subject-01/20200709_152420,17,fp,592,33900.0
all,add_01,20200709-subject-01/20200709_152757,18,residual,576,16600.0
all,add_01,20200709-subject-01/20200709_152757,18,s0_l1,576,24400.0
all,add_01,20200709-subject-01/20200709_152757,18,s0_l0,576,23100.0
all,add_01,20200709-subject-01/20200709_152757,18,s1_l1,576,25900.0
all,add_01,20200709-subject-01/20200709_152757,18,s1_l0,576,26000.0
all,add_01,20200709-subject-01/20200709_152757,18,fp,576,29300.0
all,add_01,20200709-subject-01/20200709_153148,20,residual,576,13800.0
all,add_01,20200709-subject-01/20200709_153148,20,s0_l1,576,14000.0
all,add_01,20200709-subject-01/20200709_153148,20,s0_l0,576,14100.0
all,add_01,20200709-subject-01/20200709_153148,20,s1_l1,576,14000.0
all,add_01,20200709-subject-01/20200709_153148,20,s1_l0,576,14100.0
all,add_01,20200709-subject-01/20200709_153148,20,fp,576,20200.0
all,add_01,20200709-subject-01/20200709_153548,21,residual,576,13400.0
all,add_01,20200709-subject-01/20200709_153548,21,s0_l1,576,13100.0
all,add_01,20200709-subject-01/20200709_153548,21,s0_l0,576,13100.0
all,add_01,20200709-subject-01/20200709_153548,21,s1_l1,576,13300.0
all,add_01,20200709-subject-01/20200709_153548,21,s1_l0,576,13200.0
all,add_01,20200709-subject-01/20200709_153548,21,fp,576,6400.0
all,add_01,20200813-subject-02/20200813_145612,1,residual,592,24000.0
all,add_01,20200813-subject-02/20200813_145612,1,s0_l1,592,24600.0
all,add_01,20200813-subject-02/20200813_145612,1,s0_l0,592,24700.0
all,add_01,20200813-subject-02/20200813_145612,1,s1_l1,592,24200.0
all,add_01,20200813-subject-02/20200813_145612,1,s1_l0,592,23800.0
all,add_01,20200813-subject-02/20200813_145612,1,fp,592,11100.0
all,add_01,20200813-subject-02/20200813_145920,2,residual,592,59000.0
all,add_01,20200813-subject-02/20200813_145920,2,s0_l1,592,59000.0
all,add_01,20200813-subject-02/20200813_145920,2,s0_l0,592,59000.0
all,add_01,20200813-subject-02/20200813_145920,2,s1_l1,592,59000.0
all,add_01,20200813-subject-02/20200813_145920,2,s1_l0,592,59000.0
all,add_01,20200813-subject-02/20200813_145920,2,fp,592,58800.0
all,add_01,20200813-subject-02/20200813_150228,3,residual,576,54000.0
all,add_01,20200813-subject-02/20200813_150228,3,s0_l1,576,54000.0
all,add_01,20200813-subject-02/20200813_150228,3,s0_l0,576,54000.0
all,add_01,20200813-subject-02/20200813_150228,3,s1_l1,576,54200.0
all,add_01,20200813-subject-02/20200813_150228,3,s1_l0,576,54100.0
all,add_01,20200813-subject-02/20200813_150228,3,fp,576,40700.0
all,add_01,20200813-subject-02/20200813_150535,4,residual,592,36300.0
all,add_01,20200813-subject-02/20200813_150535,4,s0_l1,592,36800.0
all,add_01,20200813-subject-02/20200813_150535,4,s0_l0,592,37500.0
all,add_01,20200813-subject-02/20200813_150535,4,s1_l1,592,36800.0
all,add_01,20200813-subject-02/20200813_150535,4,s1_l0,592,37200.0
all,add_01,20200813-subject-02/20200813_150535,4,fp,592,24300.0
all,add_01,20200813-subject-02/20200813_150823,5,residual,576,51600.0
all,add_01,20200813-subject-02/20200813_150823,5,s0_l1,576,50000.0
all,add_01,20200813-subject-02/20200813_150823,5,s0_l0,576,49800.0
all,add_01,20200813-subject-02/20200813_150823,5,s1_l1,576,50300.0
all,add_01,20200813-subject-02/20200813_150823,5,s1_l0,576,50300.0
all,add_01,20200813-subject-02/20200813_150823,5,fp,576,47400.0
all,add_01,20200813-subject-02/20200813_151117,6,residual,576,13100.0
all,add_01,20200813-subject-02/20200813_151117,6,s0_l1,576,16100.0
all,add_01,20200813-subject-02/20200813_151117,6,s0_l0,576,15500.0
all,add_01,20200813-subject-02/20200813_151117,6,s1_l1,576,15800.0
all,add_01,20200813-subject-02/20200813_151117,6,s1_l0,576,15000.0
all,add_01,20200813-subject-02/20200813_151117,6,fp,576,6100.0
all,add_01,20200813-subject-02/20200813_151925,7,residual,576,51400.0
all,add_01,20200813-subject-02/20200813_151925,7,s0_l1,576,51300.0
all,add_01,20200813-subject-02/20200813_151925,7,s0_l0,576,51100.0
all,add_01,20200813-subject-02/20200813_151925,7,s1_l1,576,51100.0
all,add_01,20200813-subject-02/20200813_151925,7,s1_l0,576,51000.0
all,add_01,20200813-subject-02/20200813_151925,7,fp,576,35100.0
all,add_01,20200813-subject-02/20200813_152215,8,residual,576,49700.0
all,add_01,20200813-subject-02/20200813_152215,8,s0_l1,576,50500.0
all,add_01,20200813-subject-02/20200813_152215,8,s0_l0,576,50500.0
all,add_01,20200813-subject-02/20200813_152215,8,s1_l1,576,50600.0
all,add_01,20200813-subject-02/20200813_152215,8,s1_l0,576,50500.0
all,add_01,20200813-subject-02/20200813_152215,8,fp,576,36700.0
all,add_01,20200813-subject-02/20200813_152513,9,residual,592,49100.0
all,add_01,20200813-subject-02/20200813_152513,9,s0_l1,592,48500.0
all,add_01,20200813-subject-02/20200813_152513,9,s0_l0,592,48700.0
all,add_01,20200813-subject-02/20200813_152513,9,s1_l1,592,48700.0
all,add_01,20200813-subject-02/20200813_152513,9,s1_l0,592,48700.0
all,add_01,20200813-subject-02/20200813_152513,9,fp,592,33200.0
all,add_01,20200813-subject-02/20200813_152842,10,residual,560,39800.0
all,add_01,20200813-subject-02/20200813_152842,10,s0_l1,560,40000.0
all,add_01,20200813-subject-02/20200813_152842,10,s0_l0,560,39900.0
all,add_01,20200813-subject-02/20200813_152842,10,s1_l1,560,40300.0
all,add_01,20200813-subject-02/20200813_152842,10,s1_l0,560,39800.0
all,add_01,20200813-subject-02/20200813_152842,10,fp,560,36100.0
all,add_01,20200813-subject-02/20200813_153152,11,residual,576,46500.0
all,add_01,20200813-subject-02/20200813_153152,11,s0_l1,576,46400.0
all,add_01,20200813-subject-02/20200813_153152,11,s0_l0,576,46400.0
all,add_01,20200813-subject-02/20200813_153152,11,s1_l1,576,46500.0
all,add_01,20200813-subject-02/20200813_153152,11,s1_l0,576,47000.0
all,add_01,20200813-subject-02/20200813_153152,11,fp,576,52200.0
all,add_01,20200813-subject-02/20200813_153453,12,residual,576,46300.0
all,add_01,20200813-subject-02/20200813_153453,12,s0_l1,576,47500.0
all,add_01,20200813-subject-02/20200813_153453,12,s0_l0,576,47400.0
all,add_01,20200813-subject-02/20200813_153453,12,s1_l1,576,47400.0
all,add_01,20200813-subject-02/20200813_153453,12,s1_l0,576,47300.0
all,add_01,20200813-subject-02/20200813_153453,12,fp,576,52700.0
all,add_01,20200813-subject-02/20200813_153802,13,residual,576,0.0
all,add_01,20200813-subject-02/20200813_153802,13,s0_l1,576,0.0
all,add_01,20200813-subject-02/20200813_153802,13,s0_l0,576,0.0
all,add_01,20200813-subject-02/20200813_153802,13,s1_l1,576,0.0
all,add_01,20200813-subject-02/20200813_153802,13,s1_l0,576,0.0
all,add_01,20200813-subject-02/20200813_153802,13,fp,576,0.0
all,add_01,20200813-subject-02/20200813_154103,14,residual,592,28200.0
all,add_01,20200813-subject-02/20200813_154103,14,s0_l1,592,28000.0
all,add_01,20200813-subject-02/20200813_154103,14,s0_l0,592,27700.0
all,add_01,20200813-subject-02/20200813_154103,14,s1_l1,592,27500.0
all,add_01,20200813-subject-02/20200813_154103,14,s1_l0,592,27700.0
all,add_01,20200813-subject-02/20200813_154103,14,fp,592,15100.0
all,add_01,20200813-subject-02/20200813_154408,15,residual,544,47500.0
all,add_01,20200813-subject-02/20200813_154408,15,s0_l1,544,47600.0
all,add_01,20200813-subject-02/20200813_154408,15,s0_l0,544,47500.0
all,add_01,20200813-subject-02/20200813_154408,15,s1_l1,544,47300.0
all,add_01,20200813-subject-02/20200813_154408,15,s1_l0,544,47300.0
all,add_01,20200813-subject-02/20200813_154408,15,fp,544,39500.0
all,add_01,20200813-subject-02/20200813_154729,16,residual,576,0.0
all,add_01,20200813-subject-02/20200813_154729,16,s0_l1,576,0.0
all,add_01,20200813-subject-02/20200813_154729,16,s0_l0,576,0.0
all,add_01,20200813-subject-02/20200813_154729,16,s1_l1,576,0.0
all,add_01,20200813-subject-02/20200813_154729,16,s1_l0,576,0.0
all,add_01,20200813-subject-02/20200813_154729,16,fp,576,0.0
all,add_01,20200813-subject-02/20200813_155021,17,residual,576,13300.0
all,add_01,20200813-subject-02/20200813_155021,17,s0_l1,576,10800.0
all,add_01,20200813-subject-02/20200813_155021,17,s0_l0,576,10500.0
all,add_01,20200813-subject-02/20200813_155021,17,s1_l1,576,11100.0
all,add_01,20200813-subject-02/20200813_155021,17,s1_l0,576,11300.0
all,add_01,20200813-subject-02/20200813_155021,17,fp,576,8700.0
all,add_01,20200813-subject-02/20200813_155314,18,residual,592,17000.0
all,add_01,20200813-subject-02/20200813_155314,18,s0_l1,592,16600.0
all,add_01,20200813-subject-02/20200813_155314,18,s0_l0,592,17900.0
all,add_01,20200813-subject-02/20200813_155314,18,s1_l1,592,17800.0
all,add_01,20200813-subject-02/20200813_155314,18,s1_l0,592,17600.0
all,add_01,20200813-subject-02/20200813_155314,18,fp,592,6000.0
all,add_01,20200813-subject-02/20200813_155633,20,residual,576,12000.0
all,add_01,20200813-subject-02/20200813_155633,20,s0_l1,576,12000.0
all,add_01,20200813-subject-02/20200813_155633,20,s0_l0,576,11900.0
all,add_01,20200813-subject-02/20200813_155633,20,s1_l1,576,12000.0
all,add_01,20200813-subject-02/20200813_155633,20,s1_l0,576,12100.0
all,add_01,20200813-subject-02/20200813_155633,20,fp,576,15100.0
all,add_01,20200813-subject-02/20200813_155953,21,residual,592,12900.0
all,add_01,20200813-subject-02/20200813_155953,21,s0_l1,592,12800.0
all,add_01,20200813-subject-02/20200813_155953,21,s0_l0,592,12700.0
all,add_01,20200813-subject-02/20200813_155953,21,s1_l1,592,12800.0
all,add_01,20200813-subject-02/20200813_155953,21,s1_l0,592,12600.0
all,add_01,20200813-subject-02/20200813_155953,21,fp,592,4500.0
all,adds_005,20200709-subject-01/20200709_142123,1,residual,592,58800.0
all,adds_005,20200709-subject-01/20200709_142123,1,s0_l1,592,58800.0
all,adds_005,20200709-subject-01/20200709_142123,1,s0_l0,592,58800.0
all,adds_005,20200709-subject-01/20200709_142123,1,s1_l1,592,58800.0
all,adds_005,20200709-subject-01/20200709_142123,1,s1_l0,592,58800.0
all,adds_005,20200709-subject-01/20200709_142123,1,fp,592,58000.0
all,adds_005,20200709-subject-01/20200709_142446,2,residual,576,50100.0
all,adds_005,20200709-subject-01/20200709_142446,2,s0_l1,576,50000.0
all,adds_005,20200709-subject-01/20200709_142446,2,s0_l0,576,50000.0
all,adds_005,20200709-subject-01/20200709_142446,2,s1_l1,576,50000.0
all,adds_005,20200709-subject-01/20200709_142446,2,s1_l0,576,50000.0
all,adds_005,20200709-subject-01/20200709_142446,2,fp,576,50100.0
all,adds_005,20200709-subject-01/20200709_142802,3,residual,576,47900.0
all,adds_005,20200709-subject-01/20200709_142802,3,s0_l1,576,47900.0
all,adds_005,20200709-subject-01/20200709_142802,3,s0_l0,576,48200.0
all,adds_005,20200709-subject-01/20200709_142802,3,s1_l1,576,48200.0
all,adds_005,20200709-subject-01/20200709_142802,3,s1_l0,576,48200.0
all,adds_005,20200709-subject-01/20200709_142802,3,fp,576,47600.0
all,adds_005,20200709-subject-01/20200709_143125,4,residual,576,57100.0
all,adds_005,20200709-subject-01/20200709_143125,4,s0_l1,576,57200.0
all,adds_005,20200709-subject-01/20200709_143125,4,s0_l0,576,57200.0
all,adds_005,20200709-subject-01/20200709_143125,4,s1_l1,576,57200.0
all,adds_005,20200709-subject-01/20200709_143125,4,s1_l0,576,57200.0
all,adds_005,20200709-subject-01/20200709_143125,4,fp,576,51400.0
all,adds_005,20200709-subject-01/20200709_143531,5,residual,592,48000.0
all,adds_005,20200709-subject-01/20200709_143531,5,s0_l1,592,46500.0
all,adds_005,20200709-subject-01/20200709_143531,5,s0_l0,592,45200.0
all,adds_005,20200709-subject-01/20200709_143531,5,s1_l1,592,46400.0
all,adds_005,20200709-subject-01/20200709_143531,5,s1_l0,592,46500.0
all,adds_005,20200709-subject-01/20200709_143531,5,fp,592,52800.0
all,adds_005,20200709-subject-01/20200709_143907,6,residual,576,47200.0
all,adds_005,20200709-subject-01/20200709_143907,6,s0_l1,576,46700.0
all,adds_005,20200709-subject-01/20200709_143907,6,s0_l0,576,46000.0
all,adds_005,20200709-subject-01/20200709_143907,6,s1_l1,576,46100.0
all,adds_005,20200709-subject-01/20200709_143907,6,s1_l0,576,45800.0
all,adds_005,20200709-subject-01/20200709_143907,6,fp,576,25600.0
all,adds_005,20200709-subject-01/20200709_144313,7,residual,576,40300.0
all,adds_005,20200709-subject-01/20200709_144313,7,s0_l1,576,40300.0
all,adds_005,20200709-subject-01/20200709_144313,7,s0_l0,576,40300.0
all,adds_005,20200709-subject-01/20200709_144313,7,s1_l1,576,40300.0
all,adds_005,20200709-subject-01/20200709_144313,7,s1_l0,576,40300.0
all,adds_005,20200709-subject-01/20200709_144313,7,fp,576,27200.0
all,adds_005,20200709-subject-01/20200709_144735,8,residual,576,46800.0
all,adds_005,20200709-subject-01/20200709_144735,8,s0_l1,576,49700.0
all,adds_005,20200709-subject-01/20200709_144735,8,s0_l0,576,49800.0
all,adds_005,20200709-subject-01/20200709_144735,8,s1_l1,576,49500.0
all,adds_005,20200709-subject-01/20200709_144735,8,s1_l0,576,49200.0
all,adds_005,20200709-subject-01/20200709_144735,8,fp,576,47500.0
all,adds_005,20200709-subject-01/20200709_145132,9,residual,592,58200.0
all,adds_005,20200709-subject-01/20200709_145132,9,s0_l1,592,58300.0
all,adds_005,20200709-subject-01/20200709_145132,9,s0_l0,592,58200.0
all,adds_005,20200709-subject-01/20200709_145132,9,s1_l1,592,58200.0
all,adds_005,20200709-subject-01/20200709_145132,9,s1_l0,592,58300.0
all,adds_005,20200709-subject-01/20200709_145132,9,fp,592,56200.0
all,adds_005,20200709-subject-01/20200709_145743,10,residual,576,54100.0
all,adds_005,20200709-subject-01/20200709_145743,10,s0_l1,576,53300.0
all,adds_005,20200709-subject-01/20200709_145743,10,s0_l0,576,53300.0
all,adds_005,20200709-subject-01/20200709_145743,10,s1_l1,576,53200.0
all,adds_005,20200709-subject-01/20200709_145743,10,s1_l0,576,53400.0
all,adds_005,20200709-subject-01/20200709_145743,10,fp,576,46000.0
all,adds_005,20200709-subject-01/20200709_150144,11,residual,576,51600.0
all,adds_005,20200709-subject-01/20200709_150144,11,s0_l1,576,51700.0
all,adds_005,20200709-subject-01/20200709_150144,11,s0_l0,576,51700.0
all,adds_005,20200709-subject-01/20200709_150144,11,s1_l1,576,51700.0
all,adds_005,20200709-subject-01/20200709_150144,11,s1_l0,576,51700.0
all,adds_005,20200709-subject-01/20200709_150144,11,fp,576,51600.0
all,adds_005,20200709-subject-01/20200709_150524,12,residual,576,52000.0
all,adds_005,20200709-subject-01/20200709_150524,12,s0_l1,576,51800.0
all,adds_005,20200709-subject-01/20200709_150524,12,s0_l0,576,52900.0
all,adds_005,20200709-subject-01/20200709_150524,12,s1_l1,576,52600.0
all,adds_005,20200709-subject-01/20200709_150524,12,s1_l0,576,52800.0
all,adds_005,20200709-subject-01/20200709_150524,12,fp,576,43800.0
all,adds_005,20200709-subject-01/20200709_150906,13,residual,592,56700.0
all,adds_005,20200709-subject-01/20200709_150906,13,s0_l1,592,56300.0
all,adds_005,20200709-subject-01/20200709_150906,13,s0_l0,592,56300.0
all,adds_005,20200709-subject-01/20200709_150906,13,s1_l1,592,56400.0
all,adds_005,20200709-subject-01/20200709_150906,13,s1_l0,592,56400.0
all,adds_005,20200709-subject-01/20200709_150906,13,fp,592,58700.0
all,adds_005,20200709-subject-01/20200709_151246,14,residual,592,46800.0
all,adds_005,20200709-subject-01/20200709_151246,14,s0_l1,592,46900.0
all,adds_005,20200709-subject-01/20200709_151246,14,s0_l0,592,46900.0
all,adds_005,20200709-subject-01/20200709_151246,14,s1_l1,592,47000.0
all,adds_005,20200709-subject-01/20200709_151246,14,s1_l0,592,47000.0
all,adds_005,20200709-subject-01/20200709_151246,14,fp,592,35300.0
all,adds_005,20200709-subject-01/20200709_151632,15,residual,576,57200.0
all,adds_005,20200709-subject-01/20200709_151632,15,s0_l1,576,57100.0
all,adds_005,20200709-subject-01/20200709_151632,15,s0_l0,576,57100.0
all,adds_005,20200709-subject-01/20200709_151632,15,s1_l1,576,57000.0
all,adds_005,20200709-subject-01/20200709_151632,15,s1_l0,576,57000.0
all,adds_005,20200709-subject-01/20200709_151632,15,fp,576,54500.0
all,adds_005,20200709-subject-01/20200709_151948,16,residual,576,55900.0
all,adds_005,20200709-subject-01/20200709_151948,16,s0_l1,576,55800.0
all,adds_005,20200709-subject-01/20200709_151948,16,s0_l0,576,55800.0
all,adds_005,20200709-subject-01/20200709_151948,16,s1_l1,576,55800.0
all,adds_005,20200709-subject-01/20200709_151948,16,s1_l0,576,55800.0
all,adds_005,20200709-subject-01/20200709_151948,16,fp,576,55400.0
all,adds_005,20200709-subject-01/20200709_152420,17,residual,592,35400.0
all,adds_005,20200709-subject-01/20200709_152420,17,s0_l1,592,35900.0
all,adds_005,20200709-subject-01/20200709_152420,17,s0_l0,592,36500.0
all,adds_005,20200709-subject-01/20200709_152420,17,s1_l1,592,34900.0
all,adds_005,20200709-subject-01/20200709_152420,17,s1_l0,592,35700.0
all,adds_005,20200709-subject-01/20200709_152420,17,fp,592,48800.0
all,adds_005,20200709-subject-01/20200709_152757,18,residual,576,28700.0
all,adds_005,20200709-subject-01/20200709_152757,18,s0_l1,576,36800.0
all,adds_005,20200709-subject-01/20200709_152757,18,s0_l0,576,34600.0
all,adds_005,20200709-subject-01/20200709_152757,18,s1_l1,576,37500.0
all,adds_005,20200709-subject-01/20200709_152757,18,s1_l0,576,37400.0
all,adds_005,20200709-subject-01/20200709_152757,18,fp,576,40400.0
all,adds_005,20200709-subject-01/20200709_153148,20,residual,576,38900.0
all,adds_005,20200709-subject-01/20200709_153148,20,s0_l1,576,37900.0
all,adds_005,20200709-subject-01/20200709_153148,20,s0_l0,576,38300.0
all,adds_005,20200709-subject-01/20200709_153148,20,s1_l1,576,37700.0
all,adds_005,20200709-subject-01/20200709_153148,20,s1_l0,576,38300.0
all,adds_005,20200709-subject-01/20200709_153148,20,fp,576,46200.0
all,adds_005,20200709-subject-01/20200709_153548,21,residual,576,45800.0
all,adds_005,20200709-subject-01/20200709_153548,21,s0_l1,576,45500.0
all,adds_005,20200709-subject-01/20200709_153548,21,s0_l0,576,45400.0
all,adds_005,20200709-subject-01/20200709_153548,21,s1_l1,576,45600.0
all,adds_005,20200709-subject-01/20200709_153548,21,s1_l0,576,45700.0
all,adds_005,20200709-subject-01/20200709_153548,21,fp,576,33200.0
all,adds_005,20200813-subject-02/20200813_145612,1,residual,592,59200.0
all,adds_005,20200813-subject-02/20200813_145612,1,s0_l1,592,58800.0
all,adds_005,20200813-subject-02/20200813_145612,1,s0_l0,592,58800.0
all,adds_005,20200813-subject-02/20200813_145612,1,s1_l1,592,58800.0
all,adds_005,20200813-subject-02/20200813_145612,1,s1_l0,592,58800.0
all,adds_005,20200813-subject-02/20200813_145612,1,fp,592,57700.0
all,adds_005,20200813-subject-02/20200813_145920,2,residual,592,59000.0
all,adds_005,20200813-subject-02/20200813_145920,2,s0_l1,592,59000.0
all,adds_005,20200813-subject-02/20200813_145920,2,s0_l0,592,59000.0
all,adds_005,20200813-subject-02/20200813_145920,2,s1_l1,592,59000.0
all,adds_005,20200813-subject-02/20200813_145920,2,s1_l0,592,59000.0
all,adds_005,20200813-subject-02/20200813_145920,2,fp,592,58900.0
all,adds_005,20200813-subject-02/20200813_150228,3,residual,576,53900.0
all,adds_005,20200813-subject-02/20200813_150228,3,s0_l1,576,54100.0
all,adds_005,20200813-subject-02/20200813_150228,3,s0_l0,576,54000.0
all,adds_005,20200813-subject-02/20200813_150228,3,s1_l1,576,54200.0
all,adds_005,20200813-subject-02/20200813_150228,3,s1_l0,576,54100.0
all,adds_005,20200813-subject-02/20200813_150228,3,fp,576,39900.0
all,adds_005,20200813-subject-02/20200813_150535,4,residual,592,51900.0
all,adds_005,20200813-subject-02/20200813_150535,4,s0_l1,592,54100.0
all,adds_005,20200813-subject-02/20200813_150535,4,s0_l0,592,54100.0
all,adds_005,20200813-subject-02/20200813_150535,4,s1_l1,592,54100.0
all,adds_005,20200813-subject-02/20200813_150535,4,s1_l0,592,53900.0
all,adds_005,20200813-subject-02/20200813_150535,4,fp,592,31500.0
all,adds_005,20200813-subject-02/20200813_150823,5,residual,576,52000.0
all,adds_005,20200813-subject-02/20200813_150823,5,s0_l1,576,52000.0
all,adds_005,20200813-subject-02/20200813_150823,5,s0_l0,576,52000.0
all,adds_005,20200813-subject-02/20200813_150823,5,s1_l1,576,52000.0
all,adds_005,20200813-subject-02/20200813_150823,5,s1_l0,576,52000.0
all,adds_005,20200813-subject-02/20200813_150823,5,fp,576,48600.0
all,adds_005,20200813-subject-02/20200813_151117,6,residual,576,36600.0
all,adds_005,20200813-subject-02/20200813_151117,6,s0_l1,576,41300.0
all,adds_005,20200813-subject-02/20200813_151117,6,s0_l0,576,41100.0
all,adds_005,20200813-subject-02/20200813_151117,6,s1_l1,576,41500.0
all,adds_005,20200813-subject-02/20200813_151117,6,s1_l0,576,41600.0
all,adds_005,20200813-subject-02/20200813_151117,6,fp,576,9300.0
all,adds_005,20200813-subject-02/20200813_151925,7,residual,576,53700.0
all,adds_005,20200813-subject-02/20200813_151925,7,s0_l1,576,53400.0
all,adds_005,20200813-subject-02/20200813_151925,7,s0_l0,576,53400.0
all,adds_005,20200813-subject-02/20200813_151925,7,s1_l1,576,53400.0
all,adds_005,20200813-subject-02/20200813_151925,7,s1_l0,576,53500.0
all,adds_005,20200813-subject-02/20200813_151925,7,fp,576,35500.0
all,adds_005,20200813-subject-02/20200813_152215,8,residual,576,50200.0
all,adds_005,20200813-subject-02/20200813_152215,8,s0_l1,576,51100.0
all,adds_005,20200813-subject-02/20200813_152215,8,s0_l0,576,51100.0
all,adds_005,20200813-subject-02/20200813_152215,8,s1_l1,576,51400.0
all,adds_005,20200813-subject-02/20200813_152215,8,s1_l0,576,51300.0
all,adds_005,20200813-subject-02/20200813_152215,8,fp,576,36600.0
all,adds_005,20200813-subject-02/20200813_152513,9,residual,592,51300.0
all,adds_005,20200813-subject-02/20200813_152513,9,s0_l1,592,50900.0
all,adds_005,20200813-subject-02/20200813_152513,9,s0_l0,592,51300.0
all,adds_005,20200813-subject-02/20200813_152513,9,s1_l1,592,51100.0
all,adds_005,20200813-subject-02/20200813_152513,9,s1_l0,592,51500.0
all,adds_005,20200813-subject-02/20200813_152513,9,fp,592,33100.0
all,adds_005,20200813-subject-02/20200813_152842,10,residual,560,44900.0
all,adds_005,20200813-subject-02/20200813_152842,10,s0_l1,560,44800.0
all,adds_005,20200813-subject-02/20200813_152842,10,s0_l0,560,44500.0
all,adds_005,20200813-subject-02/20200813_152842,10,s1_l1,560,45100.0
all,adds_005,20200813-subject-02/20200813_152842,10,s1_l0,560,45000.0
all,adds_005,20200813-subject-02/20200813_152842,10,fp,560,37200.0
all,adds_005,20200813-subject-02/20200813_153152,11,residual,576,56300.0
all,adds_005,20200813-subject-02/20200813_153152,11,s0_l1,576,56800.0
all,adds_005,20200813-subject-02/20200813_153152,11,s0_l0,576,56700.0
all,adds_005,20200813-subject-02/20200813_153152,11,s1_l1,576,56800.0
all,adds_005,20200813-subject-02/20200813_153152,11,s1_l0,576,56800.0
all,adds_005,20200813-subject-02/20200813_153152,11,fp,576,55100.0
all,adds_005,20200813-subject-02/20200813_153453,12,residual,576,50200.0
all,adds_005,20200813-subject-02/20200813_153453,12,s0_l1,576,51400.0
all,adds_005,20200813-subject-02/20200813_153453,12,s0_l0,576,51200.0
all,adds_005,20200813-subject-02/20200813_153453,12,s1_l1,576,51200.0
all,adds_005,20200813-subject-02/20200813_153453,12,s1_l0,576,51400.0
all,adds_005,20200813-subject-02/20200813_153453,12,fp,576,53300.0
all,adds_005,20200813-subject-02/20200813_153802,13,residual,576,53100.0
all,adds_005,20200813-subject-02/20200813_153802,13,s0_l1,576,53200.0
all,adds_005,20200813-subject-02/20200813_153802,13,s0_l0,576,53200.0
all,adds_005,20200813-subject-02/20200813_153802,13,s1_l1,576,53200.0
all,adds_005,20200813-subject-02/20200813_153802,13,s1_l0,576,53100.0
all,adds_005,20200813-subject-02/20200813_153802,13,fp,576,45800.0
all,adds_005,20200813-subject-02/20200813_154103,14,residual,592,51800.0
all,adds_005,20200813-subject-02/20200813_154103,14,s0_l1,592,52800.0
all,adds_005,20200813-subject-02/20200813_154103,14,s0_l0,592,52900.0
all,adds_005,20200813-subject-02/20200813_154103,14,s1_l1,592,53900.0
all,adds_005,20200813-subject-02/20200813_154103,14,s1_l0,592,53900.0
all,adds_005,20200813-subject-02/20200813_154103,14,fp,592,32400.0
all,adds_005,20200813-subject-02/20200813_154408,15,residual,544,49100.0
all,adds_005,20200813-subject-02/20200813_154408,15,s0_l1,544,49100.0
all,adds_005,20200813-subject-02/20200813_154408,15,s0_l0,544,49100.0
all,adds_005,20200813-subject-02/20200813_154408,15,s1_l1,544,49000.0
all,adds_005,20200813-subject-02/20200813_154408,15,s1_l0,544,49000.0
all,adds_005,20200813-subject-02/20200813_154408,15,fp,544,38700.0
all,adds_005,20200813-subject-02/20200813_154729,16,residual,576,56700.0
all,adds_005,20200813-subject-02/20200813_154729,16,s0_l1,576,56700.0
all,adds_005,20200813-subject-02/20200813_154729,16,s0_l0,576,56700.0
all,adds_005,20200813-subject-02/20200813_154729,16,s1_l1,576,56700.0
all,adds_005,20200813-subject-02/20200813_154729,16,s1_l0,576,56700.0
all,adds_005,20200813-subject-02/20200813_154729,16,fp,576,57000.0
all,adds_005,20200813-subject-02/20200813_155021,17,residual,576,16500.0
all,adds_005,20200813-subject-02/20200813_155021,17,s0_l1,576,19700.0
all,adds_005,20200813-subject-02/20200813_155021,17,s0_l0,576,19200.0
all,adds_005,20200813-subject-02/20200813_155021,17,s1_l1,576,20300.0
all,adds_005,20200813-subject-02/20200813_155021,17,s1_l0,576,20400.0
all,adds_005,20200813-subject-02/20200813_155021,17,fp,576,8400.0
all,adds_005,20200813-subject-02/20200813_155314,18,residual,592,33100.0
all,adds_005,20200813-subject-02/20200813_155314,18,s0_l1,592,33300.0
all,adds_005,20200813-subject-02/20200813_155314,18,s0_l0,592,34400.0
all,adds_005,20200813-subject-02/20200813_155314,18,s1_l1,592,33100.0
all,adds_005,20200813-subject-02/20200813_155314,18,s1_l0,592,33600.0
all,adds_005,20200813-subject-02/20200813_155314,18,fp,592,15300.0
all,adds_005,20200813-subject-02/20200813_155633,20,residual,576,50700.0
all,adds_005,20200813-subject-02/20200813_155633,20,s0_l1,576,50600.0
all,adds_005,20200813-subject-02/20200813_155633,20,s0_l0,576,50400.0
all,adds_005,20200813-subject-02/20200813_155633,20,s1_l1,576,50300.0
all,adds_005,20200813-subject-02/20200813_155633,20,s1_l0,576,50100.0
all,adds_005,20200813-subject-02/20200813_155633,20,fp,576,42200.0
all,adds_005,20200813-subject-02/20200813_155953,21,residual,592,32800.0
all,adds_005,20200813-subject-02/20200813_155953,21,s0_l1,592,30200.0
all,adds_005,20200813-subject-02/20200813_155953,21,s0_l0,592,30300.0
all,adds_005,20200813-subject-02/20200813_155953,21,s1_l1,592,29100.0
all,adds_005,20200813-subject-02/20200813_155953,21,s1_l0,592,31700.0
all,adds_005,20200813-subject-02/20200813_155953,21,fp,592,12900.0
all,adds_01,20200709-subject-01/20200709_142123,1,residual,592,59100.0
all,adds_01,20200709-subject-01/20200709_142123,1,s0_l1,592,59100.0
all,adds_01,20200709-subject-01/20200709_142123,1,s0_l0,592,59100.0
all,adds_01,20200709-subject-01/20200709_142123,1,s1_l1,592,59100.0
all,adds_01,20200709-subject-01/20200709_142123,1,s1_l0,592,59100.0
all,adds_01,20200709-subject-01/20200709_142123,1,fp,592,59100.0
all,adds_01,20200709-subject-01/20200709_142446,2,residual,576,57600.0
all,adds_01,20200709-subject-01/20200709_142446,2,s0_l1,576,57600.0
all,adds_01,20200709-subject-01/20200709_142446,2,s0_l0,576,57600.0
all,adds_01,20200709-subject-01/20200709_142446,2,s1_l1,576,57600.0
all,adds_01,20200709-subject-01/20200709_142446,2,s1_l0,576,57600.0
all,adds_01,20200709-subject-01/20200709_142446,2,fp,576,57600.0
all,adds_01,20200709-subject-01/20200709_142802,3,residual,576,50000.0
all,adds_01,20200709-subject-01/20200709_142802,3,s0_l1,576,49900.0
all,adds_01,20200709-subject-01/20200709_142802,3,s0_l0,576,49900.0
all,adds_01,20200709-subject-01/20200709_142802,3,s1_l1,576,50000.0
all,adds_01,20200709-subject-01/20200709_142802,3,s1_l0,576,50000.0
all,adds_01,20200709-subject-01/20200709_142802,3,fp,576,47800.0
all,adds_01,20200709-subject-01/20200709_143125,4,residual,576,57400.0
all,adds_01,20200709-subject-01/20200709_143125,4,s0_l1,576,57400.0
all,adds_01,20200709-subject-01/20200709_143125,4,s0_l0,576,57400.0
all,adds_01,20200709-subject-01/20200709_143125,4,s1_l1,576,57400.0
all,adds_01,20200709-subject-01/20200709_143125,4,s1_l0,576,57400.0
all,adds_01,20200709-subject-01/20200709_143125,4,fp,576,57400.0
all,adds_01,20200709-subject-01/20200709_143531,5,residual,592,54800.0
all,adds_01,20200709-subject-01/20200709_143531,5,s0_l1,592,54500.0
all,adds_01,20200709-subject-01/20200709_143531,5,s0_l0,592,54500.0
all,adds_01,20200709-subject-01/20200709_143531,5,s1_l1,592,54500.0
all,adds_01,20200709-subject-01/20200709_143531,5,s1_l0,592,54500.0
all,adds_01,20200709-subject-01/20200709_143531,5,fp,592,54300.0
all,adds_01,20200709-subject-01/20200709_143907,6,residual,576,55200.0
all,adds_01,20200709-subject-01/20200709_143907,6,s0_l1,576,54400.0
all,adds_01,20200709-subject-01/20200709_143907,6,s0_l0,576,53800.0
all,adds_01,20200709-subject-01/20200709_143907,6,s1_l1,576,53700.0
all,adds_01,20200709-subject-01/20200709_143907,6,s1_l0,576,53600.0
all,adds_01,20200709-subject-01/20200709_143907,6,fp,576,45400.0
all,adds_01,20200709-subject-01/20200709_144313,7,residual,576,45300.0
all,adds_01,20200709-subject-01/20200709_144313,7,s0_l1,576,45300.0
all,adds_01,20200709-subject-01/20200709_144313,7,s0_l0,576,45300.0
all,adds_01,20200709-subject-01/20200709_144313,7,s1_l1,576,45300.0
all,adds_01,20200709-subject-01/20200709_144313,7,s1_l0,576,45300.0
all,adds_01,20200709-subject-01/20200709_144313,7,fp,576,41100.0
all,adds_01,20200709-subject-01/20200709_144735,8,residual,576,54200.0
all,adds_01,20200709-subject-01/20200709_144735,8,s0_l1,576,55500.0
all,adds_01,20200709-subject-01/20200709_144735,8,s0_l0,576,55500.0
all,adds_01,20200709-subject-01/20200709_144735,8,s1_l1,576,55200.0
all,adds_01,20200709-subject-01/20200709_144735,8,s1_l0,576,55200.0
all,adds_01,20200709-subject-01/20200709_144735,8,fp,576,55600.0
all,adds_01,20200709-subject-01/20200709_145132,9,residual,592,59000.0
all,adds_01,20200709-subject-01/20200709_145132,9,s0_l1,592,59000.0
all,adds_01,20200709-subject-01/20200709_145132,9,s0_l0,592,59000.0
all,adds_01,20200709-subject-01/20200709_145132,9,s1_l1,592,59000.0
all,adds_01,20200709-subject-01/20200709_145132,9,s1_l0,592,59000.0
all,adds_01,20200709-subject-01/20200709_145132,9,fp,592,59000.0
all,adds_01,20200709-subject-01/20200709_145743,10,residual,576,56800.0
all,adds_01,20200709-subject-01/20200709_145743,10,s0_l1,576,56800.0
all,adds_01,20200709-subject-01/20200709_145743,10,s0_l0,576,56800.0
all,adds_01,20200709-subject-01/20200709_145743,10,s1_l1,576,56700.0
all,adds_01,20200709-subject-01/20200709_145743,10,s1_l0,576,56700.0
all,adds_01,20200709-subject-01/20200709_145743,10,fp,576,50000.0
all,adds_01,20200709-subject-01/20200709_150144,11,residual,576,56100.0
all,adds_01,20200709-subject-01/20200709_150144,11,s0_l1,576,56100.0
all,adds_01,20200709-subject-01/20200709_150144,11,s0_l0,576,56100.0
all,adds_01,20200709-subject-01/20200709_150144,11,s1_l1,576,56100.0
all,adds_01,20200709-subject-01/20200709_150144,11,s1_l0,576,56100.0
all,adds_01,20200709-subject-01/20200709_150144,11,fp,576,55700.0
all,adds_01,20200709-subject-01/20200709_150524,12,residual,576,53600.0
all,adds_01,20200709-subject-01/20200709_150524,12,s0_l1,576,53600.0
all,adds_01,20200709-subject-01/20200709_150524,12,s0_l0,576,54700.0
all,adds_01,20200709-subject-01/20200709_150524,12,s1_l1,576,54600.0
all,adds_01,20200709-subject-01/20200709_150524,12,s1_l0,576,54700.0
all,adds_01,20200709-subject-01/20200709_150524,12,fp,576,46700.0
all,adds_01,20200709-subject-01/20200709_150906,13,residual,592,59000.0
all,adds_01,20200709-subject-01/20200709_150906,13,s0_l1,592,59000.0
all,adds_01,20200709-subject-01/20200709_150906,13,s0_l0,592,59000.0
all,adds_01,20200709-subject-01/20200709_150906,13,s1_l1,592,59000.0
all,adds_01,20200709-subject-01/20200709_150906,13,s1_l0,592,59000.0
all,adds_01,20200709-subject-01/20200709_150906,13,fp,592,59000.0
all,adds_01,20200709-subject-01/20200709_151246,14,residual,592,47300.0
all,adds_01,20200709-subject-01/20200709_151246,14,s0_l1,592,47300.0
all,adds_01,20200709-subject-01/20200709_151246,14,s0_l0,592,47300.0
all,adds_01,20200709-subject-01/20200709_151246,14,s1_l1,592,47300.0
all,adds_01,20200709-subject-01/20200709_151246,14,s1_l0,592,47300.0
all,adds_01,20200709-subject-01/20200709_151246,14,fp,592,45700.0
all,adds_01,20200709-subject-01/20200709_151632,15,residual,576,57600.0
all,adds_01,20200709-subject-01/20200709_151632,15,s0_l1,576,57600.0
all,adds_01,20200709-subject-01/20200709_151632,15,s0_l0,576,57600.0
all,adds_01,20200709-subject-01/20200709_151632,15,s1_l1,576,57600.0
all,adds_01,20200709-subject-01/20200709_151632,15,s1_l0,576,57600.0
all,adds_01,20200709-subject-01/20200709_151632,15,fp,576,57600.0
all,adds_01,20200709-subject-01/20200709_151948,16,residual,576,56700.0
all,adds_01,20200709-subject-01/20200709_151948,16,s0_l1,576,56700.0
all,adds_01,20200709-subject-01/20200709_151948,16,s0_l0,576,56700.0
all,adds_01,20200709-subject-01/20200709_151948,16,s1_l1,576,56700.0
all,adds_01,20200709-subject-01/20200709_151948,16,s1_l0,576,56700.0
all,adds_01,20200709-subject-01/20200709_151948,16,fp,576,55700.0
all,adds_01,20200709-subject-01/20200709_152420,17,residual,592,54000.0
all,adds_01,20200709-subject-01/20200709_152420,17,s0_l1,592,55200.0
all,adds_01,20200709-subject-01/20200709_152420,17,s0_l0,592,55300.0
all,adds_01,20200709-subject-01/20200709_152420,17,s1_l1,592,55200.0
all,adds_01,20200709-subject-01/20200709_152420,17,s1_l0,592,55200.0
all,adds_01,20200709-subject-01/20200709_152420,17,fp,592,57700.0
all,adds_01,20200709-subject-01/20200709_152757,18,residual,576,40200.0
all,adds_01,20200709-subject-01/20200709_152757,18,s0_l1,576,47100.0
all,adds_01,20200709-subject-01/20200709_152757,18,s0_l0,576,44900.0
all,adds_01,20200709-subject-01/20200709_152757,18,s1_l1,576,47300.0
all,adds_01,20200709-subject-01/20200709_152757,18,s1_l0,576,47400.0
all,adds_01,20200709-subject-01/20200709_152757,18,fp,576,46900.0
all,adds_01,20200709-subject-01/20200709_153148,20,residual,576,51200.0
all,adds_01,20200709-subject-01/20200709_153148,20,s0_l1,576,50700.0
all,adds_01,20200709-subject-01/20200709_153148,20,s0_l0,576,50500.0
all,adds_01,20200709-subject-01/20200709_153148,20,s1_l1,576,50100.0
all,adds_01,20200709-subject-01/20200709_153148,20,s1_l0,576,49900.0
all,adds_01,20200709-subject-01/20200709_153148,20,fp,576,50000.0
all,adds_01,20200709-subject-01/20200709_153548,21,residual,576,57000.0
all,adds_01,20200709-subject-01/20200709_153548,21,s0_l1,576,57000.0
all,adds_01,20200709-subject-01/20200709_153548,21,s0_l0,576,57000.0
all,adds_01,20200709-subject-01/20200709_153548,21,s1_l1,576,57100.0
all,adds_01,20200709-subject-01/20200709_153548,21,s1_l0,576,57100.0
all,adds_01,20200709-subject-01/20200709_153548,21,fp,576,54500.0
all,adds_01,20200813-subject-02/20200813_145612,1,residual,592,59200.0
all,adds_01,20200813-subject-02/20200813_145612,1,s0_l1,592,59200.0
all,adds_01,20200813-subject-02/20200813_145612,1,s0_l0,592,59200.0
all,adds_01,20200813-subject-02/20200813_145612,1,s1_l1,592,59200.0
all,adds_01,20200813-subject-02/20200813_145612,1,s1_l0,592,59200.0
all,adds_01,20200813-subject-02/20200813_145612,1,fp,592,59200.0
all,adds_01,20200813-subject-02/20200813_145920,2,residual,592,59200.0
all,adds_01,20200813-subject-02/20200813_145920,2,s0_l1,592,59200.0
all,adds_01,20200813-subject-02/20200813_145920,2,s0_l0,592,59200.0
all,adds_01,20200813-subject-02/20200813_145920,2,s1_l1,592,59200.0
all,adds_01,20200813-subject-02/20200813_145920,2,s1_l0,592,59200.0
all,adds_01,20200813-subject-02/20200813_145920,2,fp,592,59200.0
all,adds_01,20200813-subject-02/20200813_150228,3,residual,576,55700.0
all,adds_01,20200813-subject-02/20200813_150228,3,s0_l1,576,57300.0
all,adds_01,20200813-subject-02/20200813_150228,3,s0_l0,576,57300.0
all,adds_01,20200813-subject-02/20200813_150228,3,s1_l1,576,57300.0
all,adds_01,20200813-subject-02/20200813_150228,3,s1_l0,576,57300.0
all,adds_01,20200813-subject-02/20200813_150228,3,fp,576,47600.0
all,adds_01,20200813-subject-02/20200813_150535,4,residual,592,57300.0
all,adds_01,20200813-subject-02/20200813_150535,4,s0_l1,592,57600.0
all,adds_01,20200813-subject-02/20200813_150535,4,s0_l0,592,57500.0
all,adds_01,20200813-subject-02/20200813_150535,4,s1_l1,592,57600.0
all,adds_01,20200813-subject-02/20200813_150535,4,s1_l0,592,57500.0
all,adds_01,20200813-subject-02/20200813_150535,4,fp,592,37100.0
all,adds_01,20200813-subject-02/20200813_150823,5,residual,576,54000.0
all,adds_01,20200813-subject-02/20200813_150823,5,s0_l1,576,53800.0
all,adds_01,20200813-subject-02/20200813_150823,5,s0_l0,576,53800.0
all,adds_01,20200813-subject-02/20200813_150823,5,s1_l1,576,53800.0
all,adds_01,20200813-subject-02/20200813_150823,5,s1_l0,576,53800.0
all,adds_01,20200813-subject-02/20200813_150823,5,fp,576,49700.0
all,adds_01,20200813-subject-02/20200813_151117,6,residual,576,48200.0
all,adds_01,20200813-subject-02/20200813_151117,6,s0_l1,576,53800.0
all,adds_01,20200813-subject-02/20200813_151117,6,s0_l0,576,53900.0
all,adds_01,20200813-subject-02/20200813_151117,6,s1_l1,576,53800.0
all,adds_01,20200813-subject-02/20200813_151117,6,s1_l0,576,53800.0
all,adds_01,20200813-subject-02/20200813_151117,6,fp,576,24500.0
all,adds_01,20200813-subject-02/20200813_151925,7,residual,576,57400.0
all,adds_01,20200813-subject-02/20200813_151925,7,s0_l1,576,57400.0
all,adds_01,20200813-subject-02/20200813_151925,7,s0_l0,576,57400.0
all,adds_01,20200813-subject-02/20200813_151925,7,s1_l1,576,57400.0
all,adds_01,20200813-subject-02/20200813_151925,7,s1_l0,576,57400.0
all,adds_01,20200813-subject-02/20200813_151925,7,fp,576,40800.0
all,adds_01,20200813-subject-02/20200813_152215,8,residual,576,56900.0
all,adds_01,20200813-subject-02/20200813_152215,8,s0_l1,576,57100.0
all,adds_01,20200813-subject-02/20200813_152215,8,s0_l0,576,57000.0
all,adds_01,20200813-subject-02/20200813_152215,8,s1_l1,576,57100.0
all,adds_01,20200813-subject-02/20200813_152215,8,s1_l0,576,57100.0
all,adds_01,20200813-subject-02/20200813_152215,8,fp,576,44000.0
all,adds_01,20200813-subject-02/20200813_152513,9,residual,592,57400.0
all,adds_01,20200813-subject-02/20200813_152513,9,s0_l1,592,57000.0
all,adds_01,20200813-subject-02/20200813_152513,9,s0_l0,592,57000.0
all,adds_01,20200813-subject-02/20200813_152513,9,s1_l1,592,57100.0
all,adds_01,20200813-subject-02/20200813_152513,9,s1_l0,592,57100.0
all,adds_01,20200813-subject-02/20200813_152513,9,fp,592,46000.0
all,adds_01,20200813-subject-02/20200813_152842,10,residual,560,54000.0
all,adds_01,20200813-subject-02/20200813_152842,10,s0_l1,560,54200.0
all,adds_01,20200813-subject-02/20200813_152842,10,s0_l0,560,53900.0
all,adds_01,20200813-subject-02/20200813_152842,10,s1_l1,560,54000.0
all,adds_01,20200813-subject-02/20200813_152842,10,s1_l0,560,53900.0
all,adds_01,20200813-subject-02/20200813_152842,10,fp,560,46400.0
all,adds_01,20200813-subject-02/20200813_153152,11,residual,576,57600.0
all,adds_01,20200813-subject-02/20200813_153152,11,s0_l1,576,57600.0
all,adds_01,20200813-subject-02/20200813_153152,11,s0_l0,576,57600.0
all,adds_01,20200813-subject-02/20200813_153152,11,s1_l1,576,57600.0
all,adds_01,20200813-subject-02/20200813_153152,11,s1_l0,576,57600.0
all,adds_01,20200813-subject-02/20200813_153152,11,fp,576,56600.0
all,adds_01,20200813-subject-02/20200813_153453,12,residual,576,56200.0
all,adds_01,20200813-subject-02/20200813_153453,12,s0_l1,576,57400.0
all,adds_01,20200813-subject-02/20200813_153453,12,s0_l0,576,57400.0
all,adds_01,20200813-subject-02/20200813_153453,12,s1_l1,576,57400.0
all,adds_01,20200813-subject-02/20200813_153453,12,s1_l0,576,57400.0
all,adds_01,20200813-subject-02/20200813_153453,12,fp,576,57400.0
all,adds_01,20200813-subject-02/20200813_153802,13,residual,576,53200.0
all,adds_01,20200813-subject-02/20200813_153802,13,s0_l1,576,53200.0
all,adds_01,20200813-subject-02/20200813_153802,13,s0_l0,576,53200.0
all,adds_01,20200813-subject-02/20200813_153802,13,s1_l1,576,53200.0
all,adds_01,20200813-subject-02/20200813_153802,13,s1_l0,576,53200.0
all,adds_01,20200813-subject-02/20200813_153802,13,fp,576,49100.0
all,adds_01,20200813-subject-02/20200813_154103,14,residual,592,59200.0
all,adds_01,20200813-subject-02/20200813_154103,14,s0_l1,592,59200.0
all,adds_01,20200813-subject-02/20200813_154103,14,s0_l0,592,59200.0
all,adds_01,20200813-subject-02/20200813_154103,14,s1_l1,592,59200.0
all,adds_01,20200813-subject-02/20200813_154103,14,s1_l0,592,59200.0
all,adds_01,20200813-subject-02/20200813_154103,14,fp,592,42500.0
all,adds_01,20200813-subject-02/20200813_154408,15,residual,544,52900.0
all,adds_01,20200813-subject-02/20200813_154408,15,s0_l1,544,52700.0
all,adds_01,20200813-subject-02/20200813_154408,15,s0_l0,544,52700.0
all,adds_01,20200813-subject-02/20200813_154408,15,s1_l1,544,52600.0
all,adds_01,20200813-subject-02/20200813_154408,15,s1_l0,544,52500.0
all,adds_01,20200813-subject-02/20200813_154408,15,fp,544,53200.0
all,adds_01,20200813-subject-02/20200813_154729,16,residual,576,57600.0
all,adds_01,20200813-subject-02/20200813_154729,16,s0_l1,576,57600.0
all,adds_01,20200813-subject-02/20200813_154729,16,s0_l0,576,57600.0
all,adds_01,20200813-subject-02/20200813_154729,16,s1_l1,576,57600.0
all,adds_01,20200813-subject-02/20200813_154729,16,s1_l0,576,57600.0
all,adds_01,20200813-subject-02/20200813_154729,16,fp,576,57600.0
all,adds_01,20200813-subject-02/20200813_155021,17,residual,576,38300.0
all,adds_01,20200813-subject-02/20200813_155021,17,s0_l1,576,34200.0
all,adds_01,20200813-subject-02/20200813_155021,17,s0_l0,576,34600.0
all,adds_01,20200813-subject-02/20200813_155021,17,s1_l1,576,34900.0
all,adds_01,20200813-subject-02/20200813_155021,17,s1_l0,576,34100.0
all,adds_01,20200813-subject-02/20200813_155021,17,fp,576,13000.0
all,adds_01,20200813-subject-02/20200813_155314,18,residual,592,46100.0
all,adds_01,20200813-subject-02/20200813_155314,18,s0_l1,592,45800.0
all,adds_01,20200813-subject-02/20200813_155314,18,s0_l0,592,45800.0
all,adds_01,20200813-subject-02/20200813_155314,18,s1_l1,592,44300.0
all,adds_01,20200813-subject-02/20200813_155314,18,s1_l0,592,45200.0
all,adds_01,20200813-subject-02/20200813_155314,18,fp,592,20700.0
all,adds_01,20200813-subject-02/20200813_155633,20,residual,576,56200.0
all,adds_01,20200813-subject-02/20200813_155633,20,s0_l1,576,56300.0
all,adds_01,20200813-subject-02/20200813_155633,20,s0_l0,576,56400.0
all,adds_01,20200813-subject-02/20200813_155633,20,s1_l1,576,56100.0
all,adds_01,20200813-subject-02/20200813_155633,20,s1_l0,576,56200.0
all,adds_01,20200813-subject-02/20200813_155633,20,fp,576,45800.0
all,adds_01,20200813-subject-02/20200813_155953,21,residual,592,57400.0
all,adds_01,20200813-subject-02/20200813_155953,21,s0_l1,592,58200.0
all,adds_01,20200813-subject-02/20200813_155953,21,s0_l0,592,57900.0
all,adds_01,20200813-subject-02/20200813_155953,21,s1_l1,592,58100.0
all,adds_01,20200813-subject-02/20200813_155953,21,s1_l0,592,58200.0
all,adds_01,20200813-subject-02/20200813_155953,21,fp,592,24500.0
all,rotation_deg,20200709-subject-01/20200709_142123,1,residual,592,28372.50327384472
all,rotation_deg,20200709-subject-01/20200709_142123,1,s0_l1,592,28425.02796971798
all,rotation_deg,20200709-subject-01/20200709_142123,1,s0_l0,592,28330.921276330948
all,rotation_deg,20200709-subject-01/20200709_142123,1,s1_l1,592,28406.08923649788
all,rotation_deg,20200709-subject-01/20200709_142123,1,s1_l0,592,28250.26545238495
all,rotation_deg,20200709-subject-01/20200709_142123,1,fp,592,26431.024018764496
all,rotation_deg,20200709-subject-01/20200709_142446,2,residual,576,8114.947067260742
all,rotation_deg,20200709-subject-01/20200709_142446,2,s0_l1,576,8090.006076037884
all,rotation_deg,20200709-subject-01/20200709_142446,2,s0_l0,576,8101.313271090388
all,rotation_deg,20200709-subject-01/20200709_142446,2,s1_l1,576,8101.810867905617
all,rotation_deg,20200709-subject-01/20200709_142446,2,s1_l0,576,8108.500733450055
all,rotation_deg,20200709-subject-01/20200709_142446,2,fp,576,8101.20012742281
all,rotation_deg,20200709-subject-01/20200709_142802,3,residual,505,12956.95548915863
all,rotation_deg,20200709-subject-01/20200709_142802,3,s0_l1,505,12961.17050331831
all,rotation_deg,20200709-subject-01/20200709_142802,3,s0_l0,505,13017.324501127005
all,rotation_deg,20200709-subject-01/20200709_142802,3,s1_l1,505,13017.59293961525
all,rotation_deg,20200709-subject-01/20200709_142802,3,s1_l0,505,13011.809680312872
all,rotation_deg,20200709-subject-01/20200709_142802,3,fp,505,12861.791154265404
all,rotation_deg,20200709-subject-01/20200709_143125,4,residual,576,30012.19989323616
all,rotation_deg,20200709-subject-01/20200709_143125,4,s0_l1,576,30817.25785446167
all,rotation_deg,20200709-subject-01/20200709_143125,4,s0_l0,576,30710.481778621674
all,rotation_deg,20200709-subject-01/20200709_143125,4,s1_l1,576,30515.28917169571
all,rotation_deg,20200709-subject-01/20200709_143125,4,s1_l0,576,30462.980011463165
all,rotation_deg,20200709-subject-01/20200709_143125,4,fp,576,18616.57845544815
all,rotation_deg,20200709-subject-01/20200709_143531,5,residual,569,12865.04532596469
all,rotation_deg,20200709-subject-01/20200709_143531,5,s0_l1,569,14102.859185993671
all,rotation_deg,20200709-subject-01/20200709_143531,5,s0_l0,569,15245.416812479496
all,rotation_deg,20200709-subject-01/20200709_143531,5,s1_l1,569,14116.004003703594
all,rotation_deg,20200709-subject-01/20200709_143531,5,s1_l0,569,14108.444958895445
all,rotation_deg,20200709-subject-01/20200709_143531,5,fp,569,12415.089463248849
all,rotation_deg,20200709-subject-01/20200709_143907,6,residual,576,24008.076112747192
all,rotation_deg,20200709-subject-01/20200709_143907,6,s0_l1,576,24524.402390003204
all,rotation_deg,20200709-subject-01/20200709_143907,6,s0_l0,576,24491.22780442238
all,rotation_deg,20200709-subject-01/20200709_143907,6,s1_l1,576,24448.930725812912
all,rotation_deg,20200709-subject-01/20200709_143907,6,s1_l0,576,24144.275394678116
all,rotation_deg,20200709-subject-01/20200709_143907,6,fp,576,28428.60307455063
all,rotation_deg,20200709-subject-01/20200709_144313,7,residual,456,12335.13120853901
all,rotation_deg,20200709-subject-01/20200709_144313,7,s0_l1,456,12358.218241989613
all,rotation_deg,20200709-subject-01/20200709_144313,7,s0_l0,456,12342.832596302032
all,rotation_deg,20200709-subject-01/20200709_144313,7,s1_l1,456,12367.84599506855
all,rotation_deg,20200709-subject-01/20200709_144313,7,s1_l0,456,12330.85386800766
all,rotation_deg,20200709-subject-01/20200709_144313,7,fp,456,12596.502560734749
all,rotation_deg,20200709-subject-01/20200709_144735,8,residual,576,10038.95958161354
all,rotation_deg,20200709-subject-01/20200709_144735,8,s0_l1,576,5017.148275852203
all,rotation_deg,20200709-subject-01/20200709_144735,8,s0_l0,576,4971.119884610176
all,rotation_deg,20200709-subject-01/20200709_144735,8,s1_l1,576,4979.480104327202
all,rotation_deg,20200709-subject-01/20200709_144735,8,s1_l0,576,4955.424175739288
all,rotation_deg,20200709-subject-01/20200709_144735,8,fp,576,3651.610844671726
all,rotation_deg,20200709-subject-01/20200709_145132,9,residual,592,4136.732297003269
all,rotation_deg,20200709-subject-01/20200709_145132,9,s0_l1,592,4222.701231539249
all,rotation_deg,20200709-subject-01/20200709_145132,9,s0_l0,592,4178.101173877716
all,rotation_deg,20200709-subject-01/20200709_145132,9,s1_l1,592,4287.099258542061
all,rotation_deg,20200709-subject-01/20200709_145132,9,s1_l0,592,4224.5639271736145
all,rotation_deg,20200709-subject-01/20200709_145132,9,fp,592,3937.754018217325
all,rotation_deg,20200709-subject-01/20200709_145743,10,residual,576,7412.642407536507
all,rotation_deg,20200709-subject-01/20200709_145743,10,s0_l1,576,8066.735189914703
all,rotation_deg,20200709-subject-01/20200709_145743,10,s0_l0,576,8051.430329084396
all,rotation_deg,20200709-subject-01/20200709_145743,10,s1_l1,576,8237.72291457653
all,rotation_deg,20200709-subject-01/20200709_145743,10,s1_l0,576,8107.068848341703
all,rotation_deg,20200709-subject-01/20200709_145743,10,fp,576,17808.045735120773
all,rotation_deg,20200709-subject-01/20200709_150144,11,residual,576,5629.945092976093
all,rotation_deg,20200709-subject-01/20200709_150144,11,s0_l1,576,5619.127845913172
all,rotation_deg,20200709-subject-01/20200709_150144,11,s0_l0,576,5629.908994376659
all,rotation_deg,20200709-subject-01/20200709_150144,11,s1_l1,576,5636.020373731852
all,rotation_deg,20200709-subject-01/20200709_150144,11,s1_l0,576,5611.841625183821
all,rotation_deg,20200709-subject-01/20200709_150144,11,fp,576,13469.552601993084
all,rotation_deg,20200709-subject-01/20200709_150524,12,residual,576,19406.86701375246
all,rotation_deg,20200709-subject-01/20200709_150524,12,s0_l1,576,18760.26132696867
all,rotation_deg,20200709-subject-01/20200709_150524,12,s0_l0,576,18594.716881990433
all,rotation_deg,20200709-subject-01/20200709_150524,12,s1_l1,576,18595.274202108383
all,rotation_deg,20200709-subject-01/20200709_150524,12,s1_l0,576,18529.59704965353
all,rotation_deg,20200709-subject-01/20200709_150524,12,fp,576,13079.249361723661
all,rotation_deg,20200709-subject-01/20200709_150906,13,residual,592,19554.493761777878
all,rotation_deg,20200709-subject-01/20200709_150906,13,s0_l1,592,19515.6769926548
all,rotation_deg,20200709-subject-01/20200709_150906,13,s0_l0,592,19433.10651230812
all,rotation_deg,20200709-subject-01/20200709_150906,13,s1_l1,592,19374.641313672066
all,rotation_deg,20200709-subject-01/20200709_150906,13,s1_l0,592,19398.50301718712
all,rotation_deg,20200709-subject-01/20200709_150906,13,fp,592,33367.5225328207
all,rotation_deg,20200709-subject-01/20200709_151246,14,residual,473,8805.718526631594
all,rotation_deg,20200709-subject-01/20200709_151246,14,s0_l1,473,9451.686074346304
all,rotation_deg,20200709-subject-01/20200709_151246,14,s0_l0,473,9351.663920342922
all,rotation_deg,20200709-subject-01/20200709_151246,14,s1_l1,473,9154.929325938225
all,rotation_deg,20200709-subject-01/20200709_151246,14,s1_l0,473,8557.21644437313
all,rotation_deg,20200709-subject-01/20200709_151246,14,fp,473,8058.122169971466
all,rotation_deg,20200709-subject-01/20200709_151632,15,residual,576,2324.090840756893
all,rotation_deg,20200709-subject-01/20200709_151632,15,s0_l1,576,2331.942061662674
all,rotation_deg,20200709-subject-01/20200709_151632,15,s0_l0,576,2328.731742799282
all,rotation_deg,20200709-subject-01/20200709_151632,15,s1_l1,576,2368.1495896577835
all,rotation_deg,20200709-subject-01/20200709_151632,15,s1_l0,576,2367.7889298200607
all,rotation_deg,20200709-subject-01/20200709_151632,15,fp,576,1937.2737312316895
all,rotation_deg,20200709-subject-01/20200709_151948,16,residual,576,52874.52637219429
all,rotation_deg,20200709-subject-01/20200709_151948,16,s0_l1,576,52852.57298642397
all,rotation_deg,20200709-subject-01/20200709_151948,16,s0_l0,576,52849.89779186249
all,rotation_deg,20200709-subject-01/20200709_151948,16,s1_l1,576,52857.69473576546
all,rotation_deg,20200709-subject-01/20200709_151948,16,s1_l0,576,52846.507887899876
all,rotation_deg,20200709-subject-01/20200709_151948,16,fp,576,52537.88526678085
all,rotation_deg,20200709-subject-01/20200709_152420,17,residual,592,37193.70111334324
all,rotation_deg,20200709-subject-01/20200709_152420,17,s0_l1,592,37259.27821135521
all,rotation_deg,20200709-subject-01/20200709_152420,17,s0_l0,592,37631.577894210815
all,rotation_deg,20200709-subject-01/20200709_152420,17,s1_l1,592,37113.90544068813
all,rotation_deg,20200709-subject-01/20200709_152420,17,s1_l0,592,37467.45866382122
all,rotation_deg,20200709-subject-01/20200709_152420,17,fp,592,32436.634144067764
all,rotation_deg,20200709-subject-01/20200709_152757,18,residual,508,28394.34870815277
all,rotation_deg,20200709-subject-01/20200709_152757,18,s0_l1,508,26435.34213745594
all,rotation_deg,20200709-subject-01/20200709_152757,18,s0_l0,508,25671.75251829624
all,rotation_deg,20200709-subject-01/20200709_152757,18,s1_l1,508,25646.107293605804
all,rotation_deg,20200709-subject-01/20200709_152757,18,s1_l0,508,25674.34033703804
all,rotation_deg,20200709-subject-01/20200709_152757,18,fp,508,22835.3651406765
all,rotation_deg,20200709-subject-01/20200709_153148,20,residual,525,58430.38696026802
all,rotation_deg,20200709-subject-01/20200709_153148,20,s0_l1,525,58132.96389913559
all,rotation_deg,20200709-subject-01/20200709_153148,20,s0_l0,525,58121.138385772705
all,rotation_deg,20200709-subject-01/20200709_153148,20,s1_l1,525,58173.82844400406
all,rotation_deg,20200709-subject-01/20200709_153148,20,s1_l0,525,58255.85566282272
all,rotation_deg,20200709-subject-01/20200709_153148,20,fp,525,55207.9313095808
all,rotation_deg,20200709-subject-01/20200709_153548,21,residual,576,69838.07758593559
all,rotation_deg,20200709-subject-01/20200709_153548,21,s0_l1,576,70755.28094959259
all,rotation_deg,20200709-subject-01/20200709_153548,21,s0_l0,576,70741.95509684086
all,rotation_deg,20200709-subject-01/20200709_153548,21,s1_l1,576,70784.63408470154
all,rotation_deg,20200709-subject-01/20200709_153548,21,s1_l0,576,70824.58723449707
all,rotation_deg,20200709-subject-01/20200709_153548,21,fp,576,77718.94019472599
all,rotation_deg,20200813-subject-02/20200813_145612,1,residual,592,40095.7623616457
all,rotation_deg,20200813-subject-02/20200813_145612,1,s0_l1,592,39476.62105721235
all,rotation_deg,20200813-subject-02/20200813_145612,1,s0_l0,592,39545.09440910816
all,rotation_deg,20200813-subject-02/20200813_145612,1,s1_l1,592,39794.50299715996
all,rotation_deg,20200813-subject-02/20200813_145612,1,s1_l0,592,39740.11181116104
all,rotation_deg,20200813-subject-02/20200813_145612,1,fp,592,44647.429191827774
all,rotation_deg,20200813-subject-02/20200813_145920,2,residual,592,1662.7921015769243
all,rotation_deg,20200813-subject-02/20200813_145920,2,s0_l1,592,1664.1894379109144
all,rotation_deg,20200813-subject-02/20200813_145920,2,s0_l0,592,1649.7004688084126
all,rotation_deg,20200813-subject-02/20200813_145920,2,s1_l1,592,1667.147548481822
all,rotation_deg,20200813-subject-02/20200813_145920,2,s1_l0,592,1660.569257184863
all,rotation_deg,20200813-subject-02/20200813_145920,2,fp,592,1421.1940824091434
all,rotation_deg,20200813-subject-02/20200813_150228,3,residual,576,3590.2254651784897
all,rotation_deg,20200813-subject-02/20200813_150228,3,s0_l1,576,3379.6315499171615
all,rotation_deg,20200813-subject-02/20200813_150228,3,s0_l0,576,3388.0098167918622
all,rotation_deg,20200813-subject-02/20200813_150228,3,s1_l1,576,3446.36036413908
all,rotation_deg,20200813-subject-02/20200813_150228,3,s1_l0,576,3438.2427231520414
all,rotation_deg,20200813-subject-02/20200813_150228,3,fp,576,8225.223561137915
all,rotation_deg,20200813-subject-02/20200813_150535,4,residual,592,12491.885192871094
all,rotation_deg,20200813-subject-02/20200813_150535,4,s0_l1,592,12438.418516993523
all,rotation_deg,20200813-subject-02/20200813_150535,4,s0_l0,592,12531.36811542511
all,rotation_deg,20200813-subject-02/20200813_150535,4,s1_l1,592,12230.724868059158
all,rotation_deg,20200813-subject-02/20200813_150535,4,s1_l0,592,12232.21006333828
all,rotation_deg,20200813-subject-02/20200813_150535,4,fp,592,16978.38887220621
all,rotation_deg,20200813-subject-02/20200813_150823,5,residual,576,5481.157071083784
all,rotation_deg,20200813-subject-02/20200813_150823,5,s0_l1,576,5392.307540237904
all,rotation_deg,20200813-subject-02/20200813_150823,5,s0_l0,576,5448.721336781979
all,rotation_deg,20200813-subject-02/20200813_150823,5,s1_l1,576,5338.036798596382
all,rotation_deg,20200813-subject-02/20200813_150823,5,s1_l0,576,5373.9130250662565
all,rotation_deg,20200813-subject-02/20200813_150823,5,fp,576,6257.581688344479
all,rotation_deg,20200813-subject-02/20200813_151117,6,residual,576,20183.038512706757
all,rotation_deg,20200813-subject-02/20200813_151117,6,s0_l1,576,13149.603593826294
all,rotation_deg,20200813-subject-02/20200813_151117,6,s0_l0,576,13130.05615735054
all,rotation_deg,20200813-subject-02/20200813_151117,6,s1_l1,576,13382.094632148743
all,rotation_deg,20200813-subject-02/20200813_151117,6,s1_l0,576,13453.59911441803
all,rotation_deg,20200813-subject-02/20200813_151117,6,fp,576,38858.87453275919
all,rotation_deg,20200813-subject-02/20200813_151925,7,residual,576,3695.224985420704
all,rotation_deg,20200813-subject-02/20200813_151925,7,s0_l1,576,3651.835577249527
all,rotation_deg,20200813-subject-02/20200813_151925,7,s0_l0,576,3667.8965970873833
all,rotation_deg,20200813-subject-02/20200813_151925,7,s1_l1,576,3633.4902933835983
all,rotation_deg,20200813-subject-02/20200813_151925,7,s1_l0,576,3656.0809342861176
all,rotation_deg,20200813-subject-02/20200813_151925,7,fp,576,13566.550770521164
all,rotation_deg,20200813-subject-02/20200813_152215,8,residual,576,4796.446892619133
all,rotation_deg,20200813-subject-02/20200813_152215,8,s0_l1,576,4681.643807411194
all,rotation_deg,20200813-subject-02/20200813_152215,8,s0_l0,576,4706.875015079975
all,rotation_deg,20200813-subject-02/20200813_152215,8,s1_l1,576,4671.38635969162
all,rotation_deg,20200813-subject-02/20200813_152215,8,s1_l0,576,4685.151202976704
all,rotation_deg,20200813-subject-02/20200813_152215,8,fp,576,15281.814195096493
all,rotation_deg,20200813-subject-02/20200813_152513,9,residual,592,3948.3605670928955
all,rotation_deg,20200813-subject-02/20200813_152513,9,s0_l1,592,3959.255034983158
all,rotation_deg,20200813-subject-02/20200813_152513,9,s0_l0,592,3962.3836629390717
all,rotation_deg,20200813-subject-02/20200813_152513,9,s1_l1,592,4038.9091461896896
all,rotation_deg,20200813-subject-02/20200813_152513,9,s1_l0,592,4028.6711378097534
all,rotation_deg,20200813-subject-02/20200813_152513,9,fp,592,10178.153089880943
all,rotation_deg,20200813-subject-02/20200813_152842,10,residual,560,6054.302812457085
all,rotation_deg,20200813-subject-02/20200813_152842,10,s0_l1,560,6515.399414330721
all,rotation_deg,20200813-subject-02/20200813_152842,10,s0_l0,560,6473.867218613625
all,rotation_deg,20200813-subject-02/20200813_152842,10,s1_l1,560,6433.689345210791
all,rotation_deg,20200813-subject-02/20200813_152842,10,s1_l0,560,6428.92016851902
all,rotation_deg,20200813-subject-02/20200813_152842,10,fp,560,8882.56757903099
all,rotation_deg,20200813-subject-02/20200813_153152,11,residual,576,6912.539347171783
all,rotation_deg,20200813-subject-02/20200813_153152,11,s0_l1,576,7998.4248059391975
all,rotation_deg,20200813-subject-02/20200813_153152,11,s0_l0,576,7856.635826051235
all,rotation_deg,20200813-subject-02/20200813_153152,11,s1_l1,576,8044.423103183508
all,rotation_deg,20200813-subject-02/20200813_153152,11,s1_l0,576,7962.251200437546
all,rotation_deg,20200813-subject-02/20200813_153152,11,fp,576,4450.46514827013
all,rotation_deg,20200813-subject-02/20200813_153453,12,residual,576,9410.948760986328
all,rotation_deg,20200813-subject-02/20200813_153453,12,s0_l1,576,8764.237800776958
all,rotation_deg,20200813-subject-02/20200813_153453,12,s0_l0,576,8649.807182729244
all,rotation_deg,20200813-subject-02/20200813_153453,12,s1_l1,576,8738.133096754551
all,rotation_deg,20200813-subject-02/20200813_153453,12,s1_l0,576,8756.298052668571
all,rotation_deg,20200813-subject-02/20200813_153453,12,fp,576,4187.387884676456
all,rotation_deg,20200813-subject-02/20200813_153802,13,residual,576,63800.71604156494
all,rotation_deg,20200813-subject-02/20200813_153802,13,s0_l1,576,66173.55065917969
all,rotation_deg,20200813-subject-02/20200813_153802,13,s0_l0,576,66383.46503448486
all,rotation_deg,20200813-subject-02/20200813_153802,13,s1_l1,576,66154.3711013794
all,rotation_deg,20200813-subject-02/20200813_153802,13,s1_l0,576,66107.90144348145
all,rotation_deg,20200813-subject-02/20200813_153802,13,fp,576,56234.015853881836
all,rotation_deg,20200813-subject-02/20200813_154103,14,residual,592,10995.441947460175
all,rotation_deg,20200813-subject-02/20200813_154103,14,s0_l1,592,10749.523309469223
all,rotation_deg,20200813-subject-02/20200813_154103,14,s0_l0,592,10756.416411161423
all,rotation_deg,20200813-subject-02/20200813_154103,14,s1_l1,592,10761.25508093834
all,rotation_deg,20200813-subject-02/20200813_154103,14,s1_l0,592,10729.983212351799
all,rotation_deg,20200813-subject-02/20200813_154103,14,fp,592,19464.93985271454
all,rotation_deg,20200813-subject-02/20200813_154408,15,residual,544,5457.2777807712555
all,rotation_deg,20200813-subject-02/20200813_154408,15,s0_l1,544,5397.154980778694
all,rotation_deg,20200813-subject-02/20200813_154408,15,s0_l0,544,5388.630787014961
all,rotation_deg,20200813-subject-02/20200813_154408,15,s1_l1,544,5396.4321311712265
all,rotation_deg,20200813-subject-02/20200813_154408,15,s1_l0,544,5361.587198138237
all,rotation_deg,20200813-subject-02/20200813_154408,15,fp,544,3613.7426626086235
all,rotation_deg,20200813-subject-02/20200813_154729,16,residual,576,102383.8724975586
all,rotation_deg,20200813-subject-02/20200813_154729,16,s0_l1,576,102421.96842956543
all,rotation_deg,20200813-subject-02/20200813_154729,16,s0_l0,576,102427.3498840332
all,rotation_deg,20200813-subject-02/20200813_154729,16,s1_l1,576,102418.07447814941
all,rotation_deg,20200813-subject-02/20200813_154729,16,s1_l0,576,102417.3623046875
all,rotation_deg,20200813-subject-02/20200813_154729,16,fp,576,102570.92337036133
all,rotation_deg,20200813-subject-02/20200813_155021,17,residual,507,47641.155918598175
all,rotation_deg,20200813-subject-02/20200813_155021,17,s0_l1,507,54075.57011508942
all,rotation_deg,20200813-subject-02/20200813_155021,17,s0_l0,507,54359.415011405945
all,rotation_deg,20200813-subject-02/20200813_155021,17,s1_l1,507,54362.41930937767
all,rotation_deg,20200813-subject-02/20200813_155021,17,s1_l0,507,54148.58753466606
all,rotation_deg,20200813-subject-02/20200813_155021,17,fp,507,50858.32428646088
all,rotation_deg,20200813-subject-02/20200813_155314,18,residual,535,40544.658257484436
all,rotation_deg,20200813-subject-02/20200813_155314,18,s0_l1,535,39442.51542758942
all,rotation_deg,20200813-subject-02/20200813_155314,18,s0_l0,535,38618.339096069336
all,rotation_deg,20200813-subject-02/20200813_155314,18,s1_l1,535,38645.323845624924
all,rotation_deg,20200813-subject-02/20200813_155314,18,s1_l0,535,41664.38805961609
all,rotation_deg,20200813-subject-02/20200813_155314,18,fp,535,46086.18190717697
all,rotation_deg,20200813-subject-02/20200813_155633,20,residual,576,65301.82724261284
all,rotation_deg,20200813-subject-02/20200813_155633,20,s0_l1,576,65329.433791399
all,rotation_deg,20200813-subject-02/20200813_155633,20,s0_l0,576,65336.06939959526
all,rotation_deg,20200813-subject-02/20200813_155633,20,s1_l1,576,65301.827644884586
all,rotation_deg,20200813-subject-02/20200813_155633,20,s1_l0,576,65265.93317180872
all,rotation_deg,20200813-subject-02/20200813_155633,20,fp,576,62241.86534643173
all,rotation_deg,20200813-subject-02/20200813_155953,21,residual,592,56869.3996527195
all,rotation_deg,20200813-subject-02/20200813_155953,21,s0_l1,592,54419.835122823715
all,rotation_deg,20200813-subject-02/20200813_155953,21,s0_l0,592,54491.8504781723
all,rotation_deg,20200813-subject-02/20200813_155953,21,s1_l1,592,54442.93973660469
all,rotation_deg,20200813-subject-02/20200813_155953,21,s1_l0,592,56809.21769964695
all,rotation_deg,20200813-subject-02/20200813_155953,21,fp,592,64459.42195278406
all,center_mm,20200709-subject-01/20200709_142123,1,residual,592,4001.9405440092087
all,center_mm,20200709-subject-01/20200709_142123,1,s0_l1,592,3995.5965859889984
all,center_mm,20200709-subject-01/20200709_142123,1,s0_l0,592,3989.1126623153687
all,center_mm,20200709-subject-01/20200709_142123,1,s1_l1,592,4045.1690325737
all,center_mm,20200709-subject-01/20200709_142123,1,s1_l0,592,4040.0169150829315
all,center_mm,20200709-subject-01/20200709_142123,1,fp,592,3496.324549674988
all,center_mm,20200709-subject-01/20200709_142446,2,residual,576,4892.488881081343
all,center_mm,20200709-subject-01/20200709_142446,2,s0_l1,576,5020.380233407021
all,center_mm,20200709-subject-01/20200709_142446,2,s0_l0,576,5057.0055313408375
all,center_mm,20200709-subject-01/20200709_142446,2,s1_l1,576,5049.524329334497
all,center_mm,20200709-subject-01/20200709_142446,2,s1_l0,576,5059.008094936609
all,center_mm,20200709-subject-01/20200709_142446,2,fp,576,5823.995846688747
all,center_mm,20200709-subject-01/20200709_142802,3,residual,505,2917.5428915023804
all,center_mm,20200709-subject-01/20200709_142802,3,s0_l1,505,2876.955131292343
all,center_mm,20200709-subject-01/20200709_142802,3,s0_l0,505,2862.434833884239
all,center_mm,20200709-subject-01/20200709_142802,3,s1_l1,505,2904.0220066308975
all,center_mm,20200709-subject-01/20200709_142802,3,s1_l0,505,2906.38148021698
all,center_mm,20200709-subject-01/20200709_142802,3,fp,505,5816.112704515457
all,center_mm,20200709-subject-01/20200709_143125,4,residual,576,2238.0020874738693
all,center_mm,20200709-subject-01/20200709_143125,4,s0_l1,576,2183.8125827014446
all,center_mm,20200709-subject-01/20200709_143125,4,s0_l0,576,2183.5083600580692
all,center_mm,20200709-subject-01/20200709_143125,4,s1_l1,576,2181.195467889309
all,center_mm,20200709-subject-01/20200709_143125,4,s1_l0,576,2183.4527202546597
all,center_mm,20200709-subject-01/20200709_143125,4,fp,576,3920.711239874363
all,center_mm,20200709-subject-01/20200709_143531,5,residual,569,5902.1896705031395
all,center_mm,20200709-subject-01/20200709_143531,5,s0_l1,569,6179.723007977009
all,center_mm,20200709-subject-01/20200709_143531,5,s0_l0,569,6070.59332293272
all,center_mm,20200709-subject-01/20200709_143531,5,s1_l1,569,6069.779286026955
all,center_mm,20200709-subject-01/20200709_143531,5,s1_l0,569,6162.9655604064465
all,center_mm,20200709-subject-01/20200709_143531,5,fp,569,4735.277120798826
all,center_mm,20200709-subject-01/20200709_143907,6,residual,576,3923.174711763859
all,center_mm,20200709-subject-01/20200709_143907,6,s0_l1,576,4144.886850357056
all,center_mm,20200709-subject-01/20200709_143907,6,s0_l0,576,4279.7750145196915
all,center_mm,20200709-subject-01/20200709_143907,6,s1_l1,576,4387.092207670212
all,center_mm,20200709-subject-01/20200709_143907,6,s1_l0,576,4414.937863111496
all,center_mm,20200709-subject-01/20200709_143907,6,fp,576,18364.49901229143
all,center_mm,20200709-subject-01/20200709_144313,7,residual,456,3404.3991001844406
all,center_mm,20200709-subject-01/20200709_144313,7,s0_l1,456,3386.90102738142
all,center_mm,20200709-subject-01/20200709_144313,7,s0_l0,456,3382.1051483750343
all,center_mm,20200709-subject-01/20200709_144313,7,s1_l1,456,3395.6182965636253
all,center_mm,20200709-subject-01/20200709_144313,7,s1_l0,456,3380.002592563629
all,center_mm,20200709-subject-01/20200709_144313,7,fp,456,9496.809571027756
all,center_mm,20200709-subject-01/20200709_144735,8,residual,576,5457.176534950733
all,center_mm,20200709-subject-01/20200709_144735,8,s0_l1,576,4834.22366797924
all,center_mm,20200709-subject-01/20200709_144735,8,s0_l0,576,4849.0858718156815
all,center_mm,20200709-subject-01/20200709_144735,8,s1_l1,576,5004.0436208844185
all,center_mm,20200709-subject-01/20200709_144735,8,s1_l0,576,5048.58654665947
all,center_mm,20200709-subject-01/20200709_144735,8,fp,576,4416.665708422661
all,center_mm,20200709-subject-01/20200709_145132,9,residual,592,3416.169024348259
all,center_mm,20200709-subject-01/20200709_145132,9,s0_l1,592,3362.121694892645
all,center_mm,20200709-subject-01/20200709_145132,9,s0_l0,592,3363.3403676748276
all,center_mm,20200709-subject-01/20200709_145132,9,s1_l1,592,3388.474530875683
all,center_mm,20200709-subject-01/20200709_145132,9,s1_l0,592,3385.1261990070343
all,center_mm,20200709-subject-01/20200709_145132,9,fp,592,3714.7588878273964
all,center_mm,20200709-subject-01/20200709_145743,10,residual,576,5878.930130243301
all,center_mm,20200709-subject-01/20200709_145743,10,s0_l1,576,6005.536371707916
all,center_mm,20200709-subject-01/20200709_145743,10,s0_l0,576,6040.469886302948
all,center_mm,20200709-subject-01/20200709_145743,10,s1_l1,576,6088.6076810359955
all,center_mm,20200709-subject-01/20200709_145743,10,s1_l0,576,6032.46175134182
all,center_mm,20200709-subject-01/20200709_145743,10,fp,576,24952.596378564835
all,center_mm,20200709-subject-01/20200709_150144,11,residual,576,4656.718617677689
all,center_mm,20200709-subject-01/20200709_150144,11,s0_l1,576,4647.500822126865
all,center_mm,20200709-subject-01/20200709_150144,11,s0_l0,576,4648.41816931963
all,center_mm,20200709-subject-01/20200709_150144,11,s1_l1,576,4686.19928663969
all,center_mm,20200709-subject-01/20200709_150144,11,s1_l0,576,4696.965326488018
all,center_mm,20200709-subject-01/20200709_150144,11,fp,576,6675.502291560173
all,center_mm,20200709-subject-01/20200709_150524,12,residual,576,13415.248089313507
all,center_mm,20200709-subject-01/20200709_150524,12,s0_l1,576,8028.876563072205
all,center_mm,20200709-subject-01/20200709_150524,12,s0_l0,576,7423.276587367058
all,center_mm,20200709-subject-01/20200709_150524,12,s1_l1,576,7472.033436596394
all,center_mm,20200709-subject-01/20200709_150524,12,s1_l0,576,7400.186225533485
all,center_mm,20200709-subject-01/20200709_150524,12,fp,576,34552.44887524843
all,center_mm,20200709-subject-01/20200709_150906,13,residual,592,3659.8588661551476
all,center_mm,20200709-subject-01/20200709_150906,13,s0_l1,592,3686.9450675845146
all,center_mm,20200709-subject-01/20200709_150906,13,s0_l0,592,3680.4020667672157
all,center_mm,20200709-subject-01/20200709_150906,13,s1_l1,592,3639.803736805916
all,center_mm,20200709-subject-01/20200709_150906,13,s1_l0,592,3617.768501520157
all,center_mm,20200709-subject-01/20200709_150906,13,fp,592,3888.1617153286934
all,center_mm,20200709-subject-01/20200709_151246,14,residual,473,3602.977524191141
all,center_mm,20200709-subject-01/20200709_151246,14,s0_l1,473,3833.9281688928604
all,center_mm,20200709-subject-01/20200709_151246,14,s0_l0,473,3812.005972981453
all,center_mm,20200709-subject-01/20200709_151246,14,s1_l1,473,3722.4301344156265
all,center_mm,20200709-subject-01/20200709_151246,14,s1_l0,473,3649.3695001602173
all,center_mm,20200709-subject-01/20200709_151246,14,fp,473,4977.746926903725
all,center_mm,20200709-subject-01/20200709_151632,15,residual,576,3565.460244268179
all,center_mm,20200709-subject-01/20200709_151632,15,s0_l1,576,3585.3425074219704
all,center_mm,20200709-subject-01/20200709_151632,15,s0_l0,576,3573.5720967054367
all,center_mm,20200709-subject-01/20200709_151632,15,s1_l1,576,3635.6606434062123
all,center_mm,20200709-subject-01/20200709_151632,15,s1_l0,576,3627.3588465973735
all,center_mm,20200709-subject-01/20200709_151632,15,fp,576,5742.1243388056755
all,center_mm,20200709-subject-01/20200709_151948,16,residual,576,3050.7789576649666
all,center_mm,20200709-subject-01/20200709_151948,16,s0_l1,576,3044.682112812996
all,center_mm,20200709-subject-01/20200709_151948,16,s0_l0,576,3043.8866404891014
all,center_mm,20200709-subject-01/20200709_151948,16,s1_l1,576,3054.867673575878
all,center_mm,20200709-subject-01/20200709_151948,16,s1_l0,576,3057.9789524674416
all,center_mm,20200709-subject-01/20200709_151948,16,fp,576,9140.713812708855
all,center_mm,20200709-subject-01/20200709_152420,17,residual,592,14287.6663980484
all,center_mm,20200709-subject-01/20200709_152420,17,s0_l1,592,13334.605119764805
all,center_mm,20200709-subject-01/20200709_152420,17,s0_l0,592,13324.213545143604
all,center_mm,20200709-subject-01/20200709_152420,17,s1_l1,592,13555.91695034504
all,center_mm,20200709-subject-01/20200709_152420,17,s1_l0,592,13597.883958816528
all,center_mm,20200709-subject-01/20200709_152420,17,fp,592,14305.570981740952
all,center_mm,20200709-subject-01/20200709_152757,18,residual,508,13050.856481194496
all,center_mm,20200709-subject-01/20200709_152757,18,s0_l1,508,5850.562341094017
all,center_mm,20200709-subject-01/20200709_152757,18,s0_l0,508,6539.596753954887
all,center_mm,20200709-subject-01/20200709_152757,18,s1_l1,508,5760.350097537041
all,center_mm,20200709-subject-01/20200709_152757,18,s1_l0,508,5795.894837617874
all,center_mm,20200709-subject-01/20200709_152757,18,fp,508,8680.703021287918
all,center_mm,20200709-subject-01/20200709_153148,20,residual,525,13331.155381679535
all,center_mm,20200709-subject-01/20200709_153148,20,s0_l1,525,13558.839730739594
all,center_mm,20200709-subject-01/20200709_153148,20,s0_l0,525,13506.915929079056
all,center_mm,20200709-subject-01/20200709_153148,20,s1_l1,525,13584.240091085434
all,center_mm,20200709-subject-01/20200709_153148,20,s1_l0,525,13550.692475557327
all,center_mm,20200709-subject-01/20200709_153148,20,fp,525,12502.103729486465
all,center_mm,20200709-subject-01/20200709_153548,21,residual,576,3472.6792766451836
all,center_mm,20200709-subject-01/20200709_153548,21,s0_l1,576,3393.7476878762245
all,center_mm,20200709-subject-01/20200709_153548,21,s0_l0,576,3414.8229056596756
all,center_mm,20200709-subject-01/20200709_153548,21,s1_l1,576,3338.6917389035225
all,center_mm,20200709-subject-01/20200709_153548,21,s1_l0,576,3337.7129501104355
all,center_mm,20200709-subject-01/20200709_153548,21,fp,576,10100.027593433857
all,center_mm,20200813-subject-02/20200813_145612,1,residual,592,4084.3806462287903
all,center_mm,20200813-subject-02/20200813_145612,1,s0_l1,592,4064.678681075573
all,center_mm,20200813-subject-02/20200813_145612,1,s0_l0,592,4066.9307059645653
all,center_mm,20200813-subject-02/20200813_145612,1,s1_l1,592,4101.926489174366
all,center_mm,20200813-subject-02/20200813_145612,1,s1_l0,592,4094.5281210541725
all,center_mm,20200813-subject-02/20200813_145612,1,fp,592,4914.336275219917
all,center_mm,20200813-subject-02/20200813_145920,2,residual,592,3370.462160527706
all,center_mm,20200813-subject-02/20200813_145920,2,s0_l1,592,3316.6280821561813
all,center_mm,20200813-subject-02/20200813_145920,2,s0_l0,592,3311.3440809845924
all,center_mm,20200813-subject-02/20200813_145920,2,s1_l1,592,3396.857214808464
all,center_mm,20200813-subject-02/20200813_145920,2,s1_l0,592,3393.848840266466
all,center_mm,20200813-subject-02/20200813_145920,2,fp,592,3920.401903629303
all,center_mm,20200813-subject-02/20200813_150228,3,residual,576,3706.667924940586
all,center_mm,20200813-subject-02/20200813_150228,3,s0_l1,576,3473.5741643309593
all,center_mm,20200813-subject-02/20200813_150228,3,s0_l0,576,3478.72687754035
all,center_mm,20200813-subject-02/20200813_150228,3,s1_l1,576,3472.3707981705666
all,center_mm,20200813-subject-02/20200813_150228,3,s1_l0,576,3495.4989005327225
all,center_mm,20200813-subject-02/20200813_150228,3,fp,576,30257.68646211922
all,center_mm,20200813-subject-02/20200813_150535,4,residual,592,3905.3844860196114
all,center_mm,20200813-subject-02/20200813_150535,4,s0_l1,592,3717.089741140604
all,center_mm,20200813-subject-02/20200813_150535,4,s0_l0,592,3759.580354243517
all,center_mm,20200813-subject-02/20200813_150535,4,s1_l1,592,3757.52990090847
all,center_mm,20200813-subject-02/20200813_150535,4,s1_l0,592,3776.5995797514915
all,center_mm,20200813-subject-02/20200813_150535,4,fp,592,66635.29987299442
all,center_mm,20200813-subject-02/20200813_150823,5,residual,576,5798.443669438362
all,center_mm,20200813-subject-02/20200813_150823,5,s0_l1,576,5820.302458047867
all,center_mm,20200813-subject-02/20200813_150823,5,s0_l0,576,5746.306729316711
all,center_mm,20200813-subject-02/20200813_150823,5,s1_l1,576,5784.983379125595
all,center_mm,20200813-subject-02/20200813_150823,5,s1_l0,576,5798.781562030315
all,center_mm,20200813-subject-02/20200813_150823,5,fp,576,19644.959352731705
all,center_mm,20200813-subject-02/20200813_151117,6,residual,576,17773.721114873886
all,center_mm,20200813-subject-02/20200813_151117,6,s0_l1,576,3578.816537320614
all,center_mm,20200813-subject-02/20200813_151117,6,s0_l0,576,3576.665674328804
all,center_mm,20200813-subject-02/20200813_151117,6,s1_l1,576,3580.711775869131
all,center_mm,20200813-subject-02/20200813_151117,6,s1_l0,576,3584.628991961479
all,center_mm,20200813-subject-02/20200813_151117,6,fp,576,86005.97649043798
all,center_mm,20200813-subject-02/20200813_151925,7,residual,576,3947.7227099835873
all,center_mm,20200813-subject-02/20200813_151925,7,s0_l1,576,3842.7095217108727
all,center_mm,20200813-subject-02/20200813_151925,7,s0_l0,576,3858.618998259306
all,center_mm,20200813-subject-02/20200813_151925,7,s1_l1,576,3828.5690670907497
all,center_mm,20200813-subject-02/20200813_151925,7,s1_l0,576,3831.223970681429
all,center_mm,20200813-subject-02/20200813_151925,7,fp,576,44849.41750651598
all,center_mm,20200813-subject-02/20200813_152215,8,residual,576,3143.779409199953
all,center_mm,20200813-subject-02/20200813_152215,8,s0_l1,576,2962.9003586173058
all,center_mm,20200813-subject-02/20200813_152215,8,s0_l0,576,2967.4706507325172
all,center_mm,20200813-subject-02/20200813_152215,8,s1_l1,576,2958.7445275187492
all,center_mm,20200813-subject-02/20200813_152215,8,s1_l0,576,2966.9321370124817
all,center_mm,20200813-subject-02/20200813_152215,8,fp,576,37104.141982227564
all,center_mm,20200813-subject-02/20200813_152513,9,residual,592,4795.773841619492
all,center_mm,20200813-subject-02/20200813_152513,9,s0_l1,592,4800.994103372097
all,center_mm,20200813-subject-02/20200813_152513,9,s0_l0,592,4774.898238062859
all,center_mm,20200813-subject-02/20200813_152513,9,s1_l1,592,4823.469564676285
all,center_mm,20200813-subject-02/20200813_152513,9,s1_l0,592,4798.527798652649
all,center_mm,20200813-subject-02/20200813_152513,9,fp,592,38152.987452328205
all,center_mm,20200813-subject-02/20200813_152842,10,residual,560,7612.624674320221
all,center_mm,20200813-subject-02/20200813_152842,10,s0_l1,560,7450.614541620016
all,center_mm,20200813-subject-02/20200813_152842,10,s0_l0,560,7547.422082722187
all,center_mm,20200813-subject-02/20200813_152842,10,s1_l1,560,7493.994719713926
all,center_mm,20200813-subject-02/20200813_152842,10,s1_l0,560,7550.52421733737
all,center_mm,20200813-subject-02/20200813_152842,10,fp,560,27037.539806365967
all,center_mm,20200813-subject-02/20200813_153152,11,residual,576,4280.499284505844
all,center_mm,20200813-subject-02/20200813_153152,11,s0_l1,576,4319.5426144599915
all,center_mm,20200813-subject-02/20200813_153152,11,s0_l0,576,4318.930307149887
all,center_mm,20200813-subject-02/20200813_153152,11,s1_l1,576,4291.536218032241
all,center_mm,20200813-subject-02/20200813_153152,11,s1_l0,576,4282.442467018962
all,center_mm,20200813-subject-02/20200813_153152,11,fp,576,6512.125165820122
all,center_mm,20200813-subject-02/20200813_153453,12,residual,576,6179.926645100117
all,center_mm,20200813-subject-02/20200813_153453,12,s0_l1,576,5447.233958542347
all,center_mm,20200813-subject-02/20200813_153453,12,s0_l0,576,5507.226391583681
all,center_mm,20200813-subject-02/20200813_153453,12,s1_l1,576,5518.690900653601
all,center_mm,20200813-subject-02/20200813_153453,12,s1_l0,576,5512.660282701254
all,center_mm,20200813-subject-02/20200813_153453,12,fp,576,6774.828288435936
all,center_mm,20200813-subject-02/20200813_153802,13,residual,576,7588.976881146431
all,center_mm,20200813-subject-02/20200813_153802,13,s0_l1,576,7477.132636964321
all,center_mm,20200813-subject-02/20200813_153802,13,s0_l0,576,7570.551529884338
all,center_mm,20200813-subject-02/20200813_153802,13,s1_l1,576,7424.391643553972
all,center_mm,20200813-subject-02/20200813_153802,13,s1_l0,576,7480.59874433279
all,center_mm,20200813-subject-02/20200813_153802,13,fp,576,31187.91885948181
all,center_mm,20200813-subject-02/20200813_154103,14,residual,592,4824.282369196415
all,center_mm,20200813-subject-02/20200813_154103,14,s0_l1,592,4785.370548188686
all,center_mm,20200813-subject-02/20200813_154103,14,s0_l0,592,4775.004853606224
all,center_mm,20200813-subject-02/20200813_154103,14,s1_l1,592,4813.646236419678
all,center_mm,20200813-subject-02/20200813_154103,14,s1_l0,592,4799.786237776279
all,center_mm,20200813-subject-02/20200813_154103,14,fp,592,45848.17068517208
all,center_mm,20200813-subject-02/20200813_154408,15,residual,544,7299.545388221741
all,center_mm,20200813-subject-02/20200813_154408,15,s0_l1,544,7428.254603266716
all,center_mm,20200813-subject-02/20200813_154408,15,s0_l0,544,7432.047962188721
all,center_mm,20200813-subject-02/20200813_154408,15,s1_l1,544,7552.357550740242
all,center_mm,20200813-subject-02/20200813_154408,15,s1_l0,544,7559.929572582245
all,center_mm,20200813-subject-02/20200813_154408,15,fp,544,8983.990465164185
all,center_mm,20200813-subject-02/20200813_154729,16,residual,576,3322.3430825173855
all,center_mm,20200813-subject-02/20200813_154729,16,s0_l1,576,3279.886034101248
all,center_mm,20200813-subject-02/20200813_154729,16,s0_l0,576,3277.9919232726097
all,center_mm,20200813-subject-02/20200813_154729,16,s1_l1,576,3311.164981484413
all,center_mm,20200813-subject-02/20200813_154729,16,s1_l0,576,3320.343625962734
all,center_mm,20200813-subject-02/20200813_154729,16,fp,576,5202.2962002158165
all,center_mm,20200813-subject-02/20200813_155021,17,residual,507,18043.534566283226
all,center_mm,20200813-subject-02/20200813_155021,17,s0_l1,507,39239.959562540054
all,center_mm,20200813-subject-02/20200813_155021,17,s0_l0,507,39016.35535168648
all,center_mm,20200813-subject-02/20200813_155021,17,s1_l1,507,39233.777715444565
all,center_mm,20200813-subject-02/20200813_155021,17,s1_l0,507,39925.29031038284
all,center_mm,20200813-subject-02/20200813_155021,17,fp,507,96952.23319339752
all,center_mm,20200813-subject-02/20200813_155314,18,residual,535,6657.145227193832
all,center_mm,20200813-subject-02/20200813_155314,18,s0_l1,535,6261.572528243065
all,center_mm,20200813-subject-02/20200813_155314,18,s0_l0,535,6170.237978219986
all,center_mm,20200813-subject-02/20200813_155314,18,s1_l1,535,6342.907702803612
all,center_mm,20200813-subject-02/20200813_155314,18,s1_l0,535,6081.8910076618195
all,center_mm,20200813-subject-02/20200813_155314,18,fp,535,97094.44114100933
all,center_mm,20200813-subject-02/20200813_155633,20,residual,576,14769.230065345764
all,center_mm,20200813-subject-02/20200813_155633,20,s0_l1,576,14835.298346281052
all,center_mm,20200813-subject-02/20200813_155633,20,s0_l0,576,14883.410881996155
all,center_mm,20200813-subject-02/20200813_155633,20,s1_l1,576,14833.368652820587
all,center_mm,20200813-subject-02/20200813_155633,20,s1_l0,576,14813.774354934692
all,center_mm,20200813-subject-02/20200813_155633,20,fp,576,24971.100373983383
all,center_mm,20200813-subject-02/20200813_155953,21,residual,592,4673.37731346488
all,center_mm,20200813-subject-02/20200813_155953,21,s0_l1,592,4903.428375303745
all,center_mm,20200813-subject-02/20200813_155953,21,s0_l0,592,4945.228924691677
all,center_mm,20200813-subject-02/20200813_155953,21,s1_l1,592,4942.434670388699
all,center_mm,20200813-subject-02/20200813_155953,21,s1_l0,592,4737.846604585648
all,center_mm,20200813-subject-02/20200813_155953,21,fp,592,104020.85912275314
updates,add_01,20200709-subject-01/20200709_142123,1,residual,584,28300.0
updates,add_01,20200709-subject-01/20200709_142123,1,s0_l1,584,28000.0
updates,add_01,20200709-subject-01/20200709_142123,1,s0_l0,584,28200.0
updates,add_01,20200709-subject-01/20200709_142123,1,s1_l1,584,27100.0
updates,add_01,20200709-subject-01/20200709_142123,1,s1_l0,584,28500.0
updates,add_01,20200709-subject-01/20200709_142123,1,fp,584,33900.0
updates,add_01,20200709-subject-01/20200709_142446,2,residual,568,49700.0
updates,add_01,20200709-subject-01/20200709_142446,2,s0_l1,568,49700.0
updates,add_01,20200709-subject-01/20200709_142446,2,s0_l0,568,49700.0
updates,add_01,20200709-subject-01/20200709_142446,2,s1_l1,568,49700.0
updates,add_01,20200709-subject-01/20200709_142446,2,s1_l0,568,49700.0
updates,add_01,20200709-subject-01/20200709_142446,2,fp,568,49700.0
updates,add_01,20200709-subject-01/20200709_142802,3,residual,497,42600.0
updates,add_01,20200709-subject-01/20200709_142802,3,s0_l1,497,42600.0
updates,add_01,20200709-subject-01/20200709_142802,3,s0_l0,497,42600.0
updates,add_01,20200709-subject-01/20200709_142802,3,s1_l1,497,42600.0
updates,add_01,20200709-subject-01/20200709_142802,3,s1_l0,497,42600.0
updates,add_01,20200709-subject-01/20200709_142802,3,fp,497,42600.0
updates,add_01,20200709-subject-01/20200709_143125,4,residual,568,13100.0
updates,add_01,20200709-subject-01/20200709_143125,4,s0_l1,568,12800.0
updates,add_01,20200709-subject-01/20200709_143125,4,s0_l0,568,12900.0
updates,add_01,20200709-subject-01/20200709_143125,4,s1_l1,568,13300.0
updates,add_01,20200709-subject-01/20200709_143125,4,s1_l0,568,13300.0
updates,add_01,20200709-subject-01/20200709_143125,4,fp,568,29300.0
updates,add_01,20200709-subject-01/20200709_143531,5,residual,561,42900.0
updates,add_01,20200709-subject-01/20200709_143531,5,s0_l1,561,42900.0
updates,add_01,20200709-subject-01/20200709_143531,5,s0_l0,561,41400.0
updates,add_01,20200709-subject-01/20200709_143531,5,s1_l1,561,42800.0
updates,add_01,20200709-subject-01/20200709_143531,5,s1_l0,561,42800.0
updates,add_01,20200709-subject-01/20200709_143531,5,fp,561,50700.0
updates,add_01,20200709-subject-01/20200709_143907,6,residual,568,11900.0
updates,add_01,20200709-subject-01/20200709_143907,6,s0_l1,568,10500.0
updates,add_01,20200709-subject-01/20200709_143907,6,s0_l0,568,9900.0
updates,add_01,20200709-subject-01/20200709_143907,6,s1_l1,568,10700.0
updates,add_01,20200709-subject-01/20200709_143907,6,s1_l0,568,10800.0
updates,add_01,20200709-subject-01/20200709_143907,6,fp,568,12000.0
updates,add_01,20200709-subject-01/20200709_144313,7,residual,448,35100.0
updates,add_01,20200709-subject-01/20200709_144313,7,s0_l1,448,35400.0
updates,add_01,20200709-subject-01/20200709_144313,7,s0_l0,448,35400.0
updates,add_01,20200709-subject-01/20200709_144313,7,s1_l1,448,35400.0
updates,add_01,20200709-subject-01/20200709_144313,7,s1_l0,448,35400.0
updates,add_01,20200709-subject-01/20200709_144313,7,fp,448,25800.0
updates,add_01,20200709-subject-01/20200709_144735,8,residual,568,38600.0
updates,add_01,20200709-subject-01/20200709_144735,8,s0_l1,568,44700.0
updates,add_01,20200709-subject-01/20200709_144735,8,s0_l0,568,45100.0
updates,add_01,20200709-subject-01/20200709_144735,8,s1_l1,568,43800.0
updates,add_01,20200709-subject-01/20200709_144735,8,s1_l0,568,44100.0
updates,add_01,20200709-subject-01/20200709_144735,8,fp,568,49800.0
updates,add_01,20200709-subject-01/20200709_145132,9,residual,584,56700.0
updates,add_01,20200709-subject-01/20200709_145132,9,s0_l1,584,55900.0
updates,add_01,20200709-subject-01/20200709_145132,9,s0_l0,584,55800.0
updates,add_01,20200709-subject-01/20200709_145132,9,s1_l1,584,55600.0
updates,add_01,20200709-subject-01/20200709_145132,9,s1_l0,584,55700.0
updates,add_01,20200709-subject-01/20200709_145132,9,fp,584,56300.0
updates,add_01,20200709-subject-01/20200709_145743,10,residual,568,47600.0
updates,add_01,20200709-subject-01/20200709_145743,10,s0_l1,568,47500.0
updates,add_01,20200709-subject-01/20200709_145743,10,s0_l0,568,47500.0
updates,add_01,20200709-subject-01/20200709_145743,10,s1_l1,568,46900.0
updates,add_01,20200709-subject-01/20200709_145743,10,s1_l0,568,47100.0
updates,add_01,20200709-subject-01/20200709_145743,10,fp,568,42300.0
updates,add_01,20200709-subject-01/20200709_150144,11,residual,568,47000.0
updates,add_01,20200709-subject-01/20200709_150144,11,s0_l1,568,46800.0
updates,add_01,20200709-subject-01/20200709_150144,11,s0_l0,568,46800.0
updates,add_01,20200709-subject-01/20200709_150144,11,s1_l1,568,46600.0
updates,add_01,20200709-subject-01/20200709_150144,11,s1_l0,568,46500.0
updates,add_01,20200709-subject-01/20200709_150144,11,fp,568,45000.0
updates,add_01,20200709-subject-01/20200709_150524,12,residual,568,45900.0
updates,add_01,20200709-subject-01/20200709_150524,12,s0_l1,568,46000.0
updates,add_01,20200709-subject-01/20200709_150524,12,s0_l0,568,46000.0
updates,add_01,20200709-subject-01/20200709_150524,12,s1_l1,568,46000.0
updates,add_01,20200709-subject-01/20200709_150524,12,s1_l0,568,46000.0
updates,add_01,20200709-subject-01/20200709_150524,12,fp,568,45500.0
updates,add_01,20200709-subject-01/20200709_150906,13,residual,584,19600.0
updates,add_01,20200709-subject-01/20200709_150906,13,s0_l1,584,20700.0
updates,add_01,20200709-subject-01/20200709_150906,13,s0_l0,584,21400.0
updates,add_01,20200709-subject-01/20200709_150906,13,s1_l1,584,23200.0
updates,add_01,20200709-subject-01/20200709_150906,13,s1_l0,584,22600.0
updates,add_01,20200709-subject-01/20200709_150906,13,fp,584,4800.0
updates,add_01,20200709-subject-01/20200709_151246,14,residual,466,32000.0
updates,add_01,20200709-subject-01/20200709_151246,14,s0_l1,466,30200.0
updates,add_01,20200709-subject-01/20200709_151246,14,s0_l0,466,30400.0
updates,add_01,20200709-subject-01/20200709_151246,14,s1_l1,466,30700.0
updates,add_01,20200709-subject-01/20200709_151246,14,s1_l0,466,30800.0
updates,add_01,20200709-subject-01/20200709_151246,14,fp,466,20700.0
updates,add_01,20200709-subject-01/20200709_151632,15,residual,568,56200.0
updates,add_01,20200709-subject-01/20200709_151632,15,s0_l1,568,56100.0
updates,add_01,20200709-subject-01/20200709_151632,15,s0_l0,568,56100.0
updates,add_01,20200709-subject-01/20200709_151632,15,s1_l1,568,55700.0
updates,add_01,20200709-subject-01/20200709_151632,15,s1_l0,568,55800.0
updates,add_01,20200709-subject-01/20200709_151632,15,fp,568,54800.0
updates,add_01,20200709-subject-01/20200709_151948,16,residual,568,28300.0
updates,add_01,20200709-subject-01/20200709_151948,16,s0_l1,568,28400.0
updates,add_01,20200709-subject-01/20200709_151948,16,s0_l0,568,28400.0
updates,add_01,20200709-subject-01/20200709_151948,16,s1_l1,568,28300.0
updates,add_01,20200709-subject-01/20200709_151948,16,s1_l0,568,28300.0
updates,add_01,20200709-subject-01/20200709_151948,16,fp,568,27400.0
updates,add_01,20200709-subject-01/20200709_152420,17,residual,584,29100.0
updates,add_01,20200709-subject-01/20200709_152420,17,s0_l1,584,29600.0
updates,add_01,20200709-subject-01/20200709_152420,17,s0_l0,584,29500.0
updates,add_01,20200709-subject-01/20200709_152420,17,s1_l1,584,28600.0
updates,add_01,20200709-subject-01/20200709_152420,17,s1_l0,584,28700.0
updates,add_01,20200709-subject-01/20200709_152420,17,fp,584,33800.0
updates,add_01,20200709-subject-01/20200709_152757,18,residual,500,16600.0
updates,add_01,20200709-subject-01/20200709_152757,18,s0_l1,500,24400.0
updates,add_01,20200709-subject-01/20200709_152757,18,s0_l0,500,23100.0
updates,add_01,20200709-subject-01/20200709_152757,18,s1_l1,500,25900.0
updates,add_01,20200709-subject-01/20200709_152757,18,s1_l0,500,26000.0
updates,add_01,20200709-subject-01/20200709_152757,18,fp,500,29300.0
updates,add_01,20200709-subject-01/20200709_153148,20,residual,517,13800.0
updates,add_01,20200709-subject-01/20200709_153148,20,s0_l1,517,14000.0
updates,add_01,20200709-subject-01/20200709_153148,20,s0_l0,517,14100.0
updates,add_01,20200709-subject-01/20200709_153148,20,s1_l1,517,14000.0
updates,add_01,20200709-subject-01/20200709_153148,20,s1_l0,517,14100.0
updates,add_01,20200709-subject-01/20200709_153148,20,fp,517,20200.0
updates,add_01,20200709-subject-01/20200709_153548,21,residual,568,13400.0
updates,add_01,20200709-subject-01/20200709_153548,21,s0_l1,568,13100.0
updates,add_01,20200709-subject-01/20200709_153548,21,s0_l0,568,13100.0
updates,add_01,20200709-subject-01/20200709_153548,21,s1_l1,568,13300.0
updates,add_01,20200709-subject-01/20200709_153548,21,s1_l0,568,13200.0
updates,add_01,20200709-subject-01/20200709_153548,21,fp,568,6400.0
updates,add_01,20200813-subject-02/20200813_145612,1,residual,584,23800.0
updates,add_01,20200813-subject-02/20200813_145612,1,s0_l1,584,24400.0
updates,add_01,20200813-subject-02/20200813_145612,1,s0_l0,584,24500.0
updates,add_01,20200813-subject-02/20200813_145612,1,s1_l1,584,24000.0
updates,add_01,20200813-subject-02/20200813_145612,1,s1_l0,584,23600.0
updates,add_01,20200813-subject-02/20200813_145612,1,fp,584,10900.0
updates,add_01,20200813-subject-02/20200813_145920,2,residual,584,58400.0
updates,add_01,20200813-subject-02/20200813_145920,2,s0_l1,584,58400.0
updates,add_01,20200813-subject-02/20200813_145920,2,s0_l0,584,58400.0
updates,add_01,20200813-subject-02/20200813_145920,2,s1_l1,584,58400.0
updates,add_01,20200813-subject-02/20200813_145920,2,s1_l0,584,58400.0
updates,add_01,20200813-subject-02/20200813_145920,2,fp,584,58200.0
updates,add_01,20200813-subject-02/20200813_150228,3,residual,568,53800.0
updates,add_01,20200813-subject-02/20200813_150228,3,s0_l1,568,53800.0
updates,add_01,20200813-subject-02/20200813_150228,3,s0_l0,568,53800.0
updates,add_01,20200813-subject-02/20200813_150228,3,s1_l1,568,54000.0
updates,add_01,20200813-subject-02/20200813_150228,3,s1_l0,568,53900.0
updates,add_01,20200813-subject-02/20200813_150228,3,fp,568,40500.0
updates,add_01,20200813-subject-02/20200813_150535,4,residual,584,36000.0
updates,add_01,20200813-subject-02/20200813_150535,4,s0_l1,584,36500.0
updates,add_01,20200813-subject-02/20200813_150535,4,s0_l0,584,37200.0
updates,add_01,20200813-subject-02/20200813_150535,4,s1_l1,584,36500.0
updates,add_01,20200813-subject-02/20200813_150535,4,s1_l0,584,36900.0
updates,add_01,20200813-subject-02/20200813_150535,4,fp,584,24000.0
updates,add_01,20200813-subject-02/20200813_150823,5,residual,568,51200.0
updates,add_01,20200813-subject-02/20200813_150823,5,s0_l1,568,49600.0
updates,add_01,20200813-subject-02/20200813_150823,5,s0_l0,568,49400.0
updates,add_01,20200813-subject-02/20200813_150823,5,s1_l1,568,49900.0
updates,add_01,20200813-subject-02/20200813_150823,5,s1_l0,568,49900.0
updates,add_01,20200813-subject-02/20200813_150823,5,fp,568,47000.0
updates,add_01,20200813-subject-02/20200813_151117,6,residual,568,13100.0
updates,add_01,20200813-subject-02/20200813_151117,6,s0_l1,568,16100.0
updates,add_01,20200813-subject-02/20200813_151117,6,s0_l0,568,15500.0
updates,add_01,20200813-subject-02/20200813_151117,6,s1_l1,568,15800.0
updates,add_01,20200813-subject-02/20200813_151117,6,s1_l0,568,15000.0
updates,add_01,20200813-subject-02/20200813_151117,6,fp,568,6100.0
updates,add_01,20200813-subject-02/20200813_151925,7,residual,568,50900.0
updates,add_01,20200813-subject-02/20200813_151925,7,s0_l1,568,50800.0
updates,add_01,20200813-subject-02/20200813_151925,7,s0_l0,568,50600.0
updates,add_01,20200813-subject-02/20200813_151925,7,s1_l1,568,50600.0
updates,add_01,20200813-subject-02/20200813_151925,7,s1_l0,568,50500.0
updates,add_01,20200813-subject-02/20200813_151925,7,fp,568,34600.0
updates,add_01,20200813-subject-02/20200813_152215,8,residual,568,49600.0
updates,add_01,20200813-subject-02/20200813_152215,8,s0_l1,568,50400.0
updates,add_01,20200813-subject-02/20200813_152215,8,s0_l0,568,50400.0
updates,add_01,20200813-subject-02/20200813_152215,8,s1_l1,568,50500.0
updates,add_01,20200813-subject-02/20200813_152215,8,s1_l0,568,50400.0
updates,add_01,20200813-subject-02/20200813_152215,8,fp,568,36600.0
updates,add_01,20200813-subject-02/20200813_152513,9,residual,584,48800.0
updates,add_01,20200813-subject-02/20200813_152513,9,s0_l1,584,48200.0
updates,add_01,20200813-subject-02/20200813_152513,9,s0_l0,584,48400.0
updates,add_01,20200813-subject-02/20200813_152513,9,s1_l1,584,48400.0
updates,add_01,20200813-subject-02/20200813_152513,9,s1_l0,584,48400.0
updates,add_01,20200813-subject-02/20200813_152513,9,fp,584,32900.0
updates,add_01,20200813-subject-02/20200813_152842,10,residual,552,39500.0
updates,add_01,20200813-subject-02/20200813_152842,10,s0_l1,552,39700.0
updates,add_01,20200813-subject-02/20200813_152842,10,s0_l0,552,39600.0
updates,add_01,20200813-subject-02/20200813_152842,10,s1_l1,552,40000.0
updates,add_01,20200813-subject-02/20200813_152842,10,s1_l0,552,39500.0
updates,add_01,20200813-subject-02/20200813_152842,10,fp,552,35800.0
updates,add_01,20200813-subject-02/20200813_153152,11,residual,568,45700.0
updates,add_01,20200813-subject-02/20200813_153152,11,s0_l1,568,45600.0
updates,add_01,20200813-subject-02/20200813_153152,11,s0_l0,568,45600.0
updates,add_01,20200813-subject-02/20200813_153152,11,s1_l1,568,45700.0
updates,add_01,20200813-subject-02/20200813_153152,11,s1_l0,568,46200.0
updates,add_01,20200813-subject-02/20200813_153152,11,fp,568,51400.0
updates,add_01,20200813-subject-02/20200813_153453,12,residual,568,46000.0
updates,add_01,20200813-subject-02/20200813_153453,12,s0_l1,568,47200.0
updates,add_01,20200813-subject-02/20200813_153453,12,s0_l0,568,47100.0
updates,add_01,20200813-subject-02/20200813_153453,12,s1_l1,568,47100.0
updates,add_01,20200813-subject-02/20200813_153453,12,s1_l0,568,47000.0
updates,add_01,20200813-subject-02/20200813_153453,12,fp,568,52400.0
updates,add_01,20200813-subject-02/20200813_153802,13,residual,568,0.0
updates,add_01,20200813-subject-02/20200813_153802,13,s0_l1,568,0.0
updates,add_01,20200813-subject-02/20200813_153802,13,s0_l0,568,0.0
updates,add_01,20200813-subject-02/20200813_153802,13,s1_l1,568,0.0
updates,add_01,20200813-subject-02/20200813_153802,13,s1_l0,568,0.0
updates,add_01,20200813-subject-02/20200813_153802,13,fp,568,0.0
updates,add_01,20200813-subject-02/20200813_154103,14,residual,584,27800.0
updates,add_01,20200813-subject-02/20200813_154103,14,s0_l1,584,27600.0
updates,add_01,20200813-subject-02/20200813_154103,14,s0_l0,584,27300.0
updates,add_01,20200813-subject-02/20200813_154103,14,s1_l1,584,27100.0
updates,add_01,20200813-subject-02/20200813_154103,14,s1_l0,584,27300.0
updates,add_01,20200813-subject-02/20200813_154103,14,fp,584,14700.0
updates,add_01,20200813-subject-02/20200813_154408,15,residual,536,47100.0
updates,add_01,20200813-subject-02/20200813_154408,15,s0_l1,536,47200.0
updates,add_01,20200813-subject-02/20200813_154408,15,s0_l0,536,47100.0
updates,add_01,20200813-subject-02/20200813_154408,15,s1_l1,536,46900.0
updates,add_01,20200813-subject-02/20200813_154408,15,s1_l0,536,46900.0
updates,add_01,20200813-subject-02/20200813_154408,15,fp,536,39100.0
updates,add_01,20200813-subject-02/20200813_154729,16,residual,568,0.0
updates,add_01,20200813-subject-02/20200813_154729,16,s0_l1,568,0.0
updates,add_01,20200813-subject-02/20200813_154729,16,s0_l0,568,0.0
updates,add_01,20200813-subject-02/20200813_154729,16,s1_l1,568,0.0
updates,add_01,20200813-subject-02/20200813_154729,16,s1_l0,568,0.0
updates,add_01,20200813-subject-02/20200813_154729,16,fp,568,0.0
updates,add_01,20200813-subject-02/20200813_155021,17,residual,499,13300.0
updates,add_01,20200813-subject-02/20200813_155021,17,s0_l1,499,10800.0
updates,add_01,20200813-subject-02/20200813_155021,17,s0_l0,499,10500.0
updates,add_01,20200813-subject-02/20200813_155021,17,s1_l1,499,11100.0
updates,add_01,20200813-subject-02/20200813_155021,17,s1_l0,499,11300.0
updates,add_01,20200813-subject-02/20200813_155021,17,fp,499,8700.0
updates,add_01,20200813-subject-02/20200813_155314,18,residual,527,17000.0
updates,add_01,20200813-subject-02/20200813_155314,18,s0_l1,527,16600.0
updates,add_01,20200813-subject-02/20200813_155314,18,s0_l0,527,17900.0
updates,add_01,20200813-subject-02/20200813_155314,18,s1_l1,527,17800.0
updates,add_01,20200813-subject-02/20200813_155314,18,s1_l0,527,17600.0
updates,add_01,20200813-subject-02/20200813_155314,18,fp,527,6000.0
updates,add_01,20200813-subject-02/20200813_155633,20,residual,568,11900.0
updates,add_01,20200813-subject-02/20200813_155633,20,s0_l1,568,11900.0
updates,add_01,20200813-subject-02/20200813_155633,20,s0_l0,568,11800.0
updates,add_01,20200813-subject-02/20200813_155633,20,s1_l1,568,11900.0
updates,add_01,20200813-subject-02/20200813_155633,20,s1_l0,568,12000.0
updates,add_01,20200813-subject-02/20200813_155633,20,fp,568,15000.0
updates,add_01,20200813-subject-02/20200813_155953,21,residual,584,12900.0
updates,add_01,20200813-subject-02/20200813_155953,21,s0_l1,584,12800.0
updates,add_01,20200813-subject-02/20200813_155953,21,s0_l0,584,12700.0
updates,add_01,20200813-subject-02/20200813_155953,21,s1_l1,584,12800.0
updates,add_01,20200813-subject-02/20200813_155953,21,s1_l0,584,12600.0
updates,add_01,20200813-subject-02/20200813_155953,21,fp,584,4500.0
updates,adds_005,20200709-subject-01/20200709_142123,1,residual,584,58300.0
updates,adds_005,20200709-subject-01/20200709_142123,1,s0_l1,584,58300.0
updates,adds_005,20200709-subject-01/20200709_142123,1,s0_l0,584,58300.0
updates,adds_005,20200709-subject-01/20200709_142123,1,s1_l1,584,58300.0
updates,adds_005,20200709-subject-01/20200709_142123,1,s1_l0,584,58300.0
updates,adds_005,20200709-subject-01/20200709_142123,1,fp,584,57500.0
updates,adds_005,20200709-subject-01/20200709_142446,2,residual,568,49800.0
updates,adds_005,20200709-subject-01/20200709_142446,2,s0_l1,568,49700.0
updates,adds_005,20200709-subject-01/20200709_142446,2,s0_l0,568,49700.0
updates,adds_005,20200709-subject-01/20200709_142446,2,s1_l1,568,49700.0
updates,adds_005,20200709-subject-01/20200709_142446,2,s1_l0,568,49700.0
updates,adds_005,20200709-subject-01/20200709_142446,2,fp,568,49800.0
updates,adds_005,20200709-subject-01/20200709_142802,3,residual,497,47400.0
updates,adds_005,20200709-subject-01/20200709_142802,3,s0_l1,497,47400.0
updates,adds_005,20200709-subject-01/20200709_142802,3,s0_l0,497,47700.0
updates,adds_005,20200709-subject-01/20200709_142802,3,s1_l1,497,47700.0
updates,adds_005,20200709-subject-01/20200709_142802,3,s1_l0,497,47700.0
updates,adds_005,20200709-subject-01/20200709_142802,3,fp,497,47100.0
updates,adds_005,20200709-subject-01/20200709_143125,4,residual,568,56700.0
updates,adds_005,20200709-subject-01/20200709_143125,4,s0_l1,568,56800.0
updates,adds_005,20200709-subject-01/20200709_143125,4,s0_l0,568,56800.0
updates,adds_005,20200709-subject-01/20200709_143125,4,s1_l1,568,56800.0
updates,adds_005,20200709-subject-01/20200709_143125,4,s1_l0,568,56800.0
updates,adds_005,20200709-subject-01/20200709_143125,4,fp,568,51000.0
updates,adds_005,20200709-subject-01/20200709_143531,5,residual,561,47600.0
updates,adds_005,20200709-subject-01/20200709_143531,5,s0_l1,561,46100.0
updates,adds_005,20200709-subject-01/20200709_143531,5,s0_l0,561,44800.0
updates,adds_005,20200709-subject-01/20200709_143531,5,s1_l1,561,46000.0
updates,adds_005,20200709-subject-01/20200709_143531,5,s1_l0,561,46100.0
updates,adds_005,20200709-subject-01/20200709_143531,5,fp,561,52400.0
updates,adds_005,20200709-subject-01/20200709_143907,6,residual,568,46900.0
updates,adds_005,20200709-subject-01/20200709_143907,6,s0_l1,568,46400.0
updates,adds_005,20200709-subject-01/20200709_143907,6,s0_l0,568,45700.0
updates,adds_005,20200709-subject-01/20200709_143907,6,s1_l1,568,45800.0
updates,adds_005,20200709-subject-01/20200709_143907,6,s1_l0,568,45500.0
updates,adds_005,20200709-subject-01/20200709_143907,6,fp,568,25300.0
updates,adds_005,20200709-subject-01/20200709_144313,7,residual,448,40200.0
updates,adds_005,20200709-subject-01/20200709_144313,7,s0_l1,448,40200.0
updates,adds_005,20200709-subject-01/20200709_144313,7,s0_l0,448,40200.0
updates,adds_005,20200709-subject-01/20200709_144313,7,s1_l1,448,40200.0
updates,adds_005,20200709-subject-01/20200709_144313,7,s1_l0,448,40200.0
updates,adds_005,20200709-subject-01/20200709_144313,7,fp,448,27100.0
updates,adds_005,20200709-subject-01/20200709_144735,8,residual,568,46700.0
updates,adds_005,20200709-subject-01/20200709_144735,8,s0_l1,568,49600.0
updates,adds_005,20200709-subject-01/20200709_144735,8,s0_l0,568,49700.0
updates,adds_005,20200709-subject-01/20200709_144735,8,s1_l1,568,49400.0
updates,adds_005,20200709-subject-01/20200709_144735,8,s1_l0,568,49100.0
updates,adds_005,20200709-subject-01/20200709_144735,8,fp,568,47400.0
updates,adds_005,20200709-subject-01/20200709_145132,9,residual,584,57900.0
updates,adds_005,20200709-subject-01/20200709_145132,9,s0_l1,584,58000.0
updates,adds_005,20200709-subject-01/20200709_145132,9,s0_l0,584,57900.0
updates,adds_005,20200709-subject-01/20200709_145132,9,s1_l1,584,57900.0
updates,adds_005,20200709-subject-01/20200709_145132,9,s1_l0,584,58000.0
updates,adds_005,20200709-subject-01/20200709_145132,9,fp,584,55900.0
updates,adds_005,20200709-subject-01/20200709_145743,10,residual,568,53800.0
updates,adds_005,20200709-subject-01/20200709_145743,10,s0_l1,568,53000.0
updates,adds_005,20200709-subject-01/20200709_145743,10,s0_l0,568,53000.0
updates,adds_005,20200709-subject-01/20200709_145743,10,s1_l1,568,52900.0
updates,adds_005,20200709-subject-01/20200709_145743,10,s1_l0,568,53100.0
updates,adds_005,20200709-subject-01/20200709_145743,10,fp,568,45700.0
updates,adds_005,20200709-subject-01/20200709_150144,11,residual,568,51000.0
updates,adds_005,20200709-subject-01/20200709_150144,11,s0_l1,568,51100.0
updates,adds_005,20200709-subject-01/20200709_150144,11,s0_l0,568,51100.0
updates,adds_005,20200709-subject-01/20200709_150144,11,s1_l1,568,51100.0
updates,adds_005,20200709-subject-01/20200709_150144,11,s1_l0,568,51100.0
updates,adds_005,20200709-subject-01/20200709_150144,11,fp,568,51000.0
updates,adds_005,20200709-subject-01/20200709_150524,12,residual,568,51500.0
updates,adds_005,20200709-subject-01/20200709_150524,12,s0_l1,568,51300.0
updates,adds_005,20200709-subject-01/20200709_150524,12,s0_l0,568,52400.0
updates,adds_005,20200709-subject-01/20200709_150524,12,s1_l1,568,52100.0
updates,adds_005,20200709-subject-01/20200709_150524,12,s1_l0,568,52300.0
updates,adds_005,20200709-subject-01/20200709_150524,12,fp,568,43300.0
updates,adds_005,20200709-subject-01/20200709_150906,13,residual,584,56200.0
updates,adds_005,20200709-subject-01/20200709_150906,13,s0_l1,584,55800.0
updates,adds_005,20200709-subject-01/20200709_150906,13,s0_l0,584,55800.0
updates,adds_005,20200709-subject-01/20200709_150906,13,s1_l1,584,55900.0
updates,adds_005,20200709-subject-01/20200709_150906,13,s1_l0,584,55900.0
updates,adds_005,20200709-subject-01/20200709_150906,13,fp,584,58200.0
updates,adds_005,20200709-subject-01/20200709_151246,14,residual,466,46400.0
updates,adds_005,20200709-subject-01/20200709_151246,14,s0_l1,466,46500.0
updates,adds_005,20200709-subject-01/20200709_151246,14,s0_l0,466,46500.0
updates,adds_005,20200709-subject-01/20200709_151246,14,s1_l1,466,46600.0
updates,adds_005,20200709-subject-01/20200709_151246,14,s1_l0,466,46600.0
updates,adds_005,20200709-subject-01/20200709_151246,14,fp,466,34900.0
updates,adds_005,20200709-subject-01/20200709_151632,15,residual,568,56700.0
updates,adds_005,20200709-subject-01/20200709_151632,15,s0_l1,568,56600.0
updates,adds_005,20200709-subject-01/20200709_151632,15,s0_l0,568,56600.0
updates,adds_005,20200709-subject-01/20200709_151632,15,s1_l1,568,56500.0
updates,adds_005,20200709-subject-01/20200709_151632,15,s1_l0,568,56500.0
updates,adds_005,20200709-subject-01/20200709_151632,15,fp,568,54000.0
updates,adds_005,20200709-subject-01/20200709_151948,16,residual,568,55300.0
updates,adds_005,20200709-subject-01/20200709_151948,16,s0_l1,568,55200.0
updates,adds_005,20200709-subject-01/20200709_151948,16,s0_l0,568,55200.0
updates,adds_005,20200709-subject-01/20200709_151948,16,s1_l1,568,55200.0
updates,adds_005,20200709-subject-01/20200709_151948,16,s1_l0,568,55200.0
updates,adds_005,20200709-subject-01/20200709_151948,16,fp,568,54800.0
updates,adds_005,20200709-subject-01/20200709_152420,17,residual,584,35200.0
updates,adds_005,20200709-subject-01/20200709_152420,17,s0_l1,584,35700.0
updates,adds_005,20200709-subject-01/20200709_152420,17,s0_l0,584,36300.0
updates,adds_005,20200709-subject-01/20200709_152420,17,s1_l1,584,34700.0
updates,adds_005,20200709-subject-01/20200709_152420,17,s1_l0,584,35500.0
updates,adds_005,20200709-subject-01/20200709_152420,17,fp,584,48600.0
updates,adds_005,20200709-subject-01/20200709_152757,18,residual,500,28700.0
updates,adds_005,20200709-subject-01/20200709_152757,18,s0_l1,500,36800.0
updates,adds_005,20200709-subject-01/20200709_152757,18,s0_l0,500,34600.0
updates,adds_005,20200709-subject-01/20200709_152757,18,s1_l1,500,37500.0
updates,adds_005,20200709-subject-01/20200709_152757,18,s1_l0,500,37400.0
updates,adds_005,20200709-subject-01/20200709_152757,18,fp,500,40400.0
updates,adds_005,20200709-subject-01/20200709_153148,20,residual,517,38900.0
updates,adds_005,20200709-subject-01/20200709_153148,20,s0_l1,517,37900.0
updates,adds_005,20200709-subject-01/20200709_153148,20,s0_l0,517,38300.0
updates,adds_005,20200709-subject-01/20200709_153148,20,s1_l1,517,37700.0
updates,adds_005,20200709-subject-01/20200709_153148,20,s1_l0,517,38300.0
updates,adds_005,20200709-subject-01/20200709_153148,20,fp,517,46200.0
updates,adds_005,20200709-subject-01/20200709_153548,21,residual,568,45600.0
updates,adds_005,20200709-subject-01/20200709_153548,21,s0_l1,568,45300.0
updates,adds_005,20200709-subject-01/20200709_153548,21,s0_l0,568,45200.0
updates,adds_005,20200709-subject-01/20200709_153548,21,s1_l1,568,45400.0
updates,adds_005,20200709-subject-01/20200709_153548,21,s1_l0,568,45500.0
updates,adds_005,20200709-subject-01/20200709_153548,21,fp,568,33000.0
updates,adds_005,20200813-subject-02/20200813_145612,1,residual,584,58400.0
updates,adds_005,20200813-subject-02/20200813_145612,1,s0_l1,584,58000.0
updates,adds_005,20200813-subject-02/20200813_145612,1,s0_l0,584,58000.0
updates,adds_005,20200813-subject-02/20200813_145612,1,s1_l1,584,58000.0
updates,adds_005,20200813-subject-02/20200813_145612,1,s1_l0,584,58000.0
updates,adds_005,20200813-subject-02/20200813_145612,1,fp,584,56900.0
updates,adds_005,20200813-subject-02/20200813_145920,2,residual,584,58400.0
updates,adds_005,20200813-subject-02/20200813_145920,2,s0_l1,584,58400.0
updates,adds_005,20200813-subject-02/20200813_145920,2,s0_l0,584,58400.0
updates,adds_005,20200813-subject-02/20200813_145920,2,s1_l1,584,58400.0
updates,adds_005,20200813-subject-02/20200813_145920,2,s1_l0,584,58400.0
updates,adds_005,20200813-subject-02/20200813_145920,2,fp,584,58300.0
updates,adds_005,20200813-subject-02/20200813_150228,3,residual,568,53700.0
updates,adds_005,20200813-subject-02/20200813_150228,3,s0_l1,568,53900.0
updates,adds_005,20200813-subject-02/20200813_150228,3,s0_l0,568,53800.0
updates,adds_005,20200813-subject-02/20200813_150228,3,s1_l1,568,54000.0
updates,adds_005,20200813-subject-02/20200813_150228,3,s1_l0,568,53900.0
updates,adds_005,20200813-subject-02/20200813_150228,3,fp,568,39700.0
updates,adds_005,20200813-subject-02/20200813_150535,4,residual,584,51500.0
updates,adds_005,20200813-subject-02/20200813_150535,4,s0_l1,584,53700.0
updates,adds_005,20200813-subject-02/20200813_150535,4,s0_l0,584,53700.0
updates,adds_005,20200813-subject-02/20200813_150535,4,s1_l1,584,53700.0
updates,adds_005,20200813-subject-02/20200813_150535,4,s1_l0,584,53500.0
updates,adds_005,20200813-subject-02/20200813_150535,4,fp,584,31100.0
updates,adds_005,20200813-subject-02/20200813_150823,5,residual,568,51500.0
updates,adds_005,20200813-subject-02/20200813_150823,5,s0_l1,568,51500.0
updates,adds_005,20200813-subject-02/20200813_150823,5,s0_l0,568,51500.0
updates,adds_005,20200813-subject-02/20200813_150823,5,s1_l1,568,51500.0
updates,adds_005,20200813-subject-02/20200813_150823,5,s1_l0,568,51500.0
updates,adds_005,20200813-subject-02/20200813_150823,5,fp,568,48100.0
updates,adds_005,20200813-subject-02/20200813_151117,6,residual,568,36400.0
updates,adds_005,20200813-subject-02/20200813_151117,6,s0_l1,568,41100.0
updates,adds_005,20200813-subject-02/20200813_151117,6,s0_l0,568,40900.0
updates,adds_005,20200813-subject-02/20200813_151117,6,s1_l1,568,41300.0
updates,adds_005,20200813-subject-02/20200813_151117,6,s1_l0,568,41400.0
updates,adds_005,20200813-subject-02/20200813_151117,6,fp,568,9100.0
updates,adds_005,20200813-subject-02/20200813_151925,7,residual,568,53100.0
updates,adds_005,20200813-subject-02/20200813_151925,7,s0_l1,568,52800.0
updates,adds_005,20200813-subject-02/20200813_151925,7,s0_l0,568,52800.0
updates,adds_005,20200813-subject-02/20200813_151925,7,s1_l1,568,52800.0
updates,adds_005,20200813-subject-02/20200813_151925,7,s1_l0,568,52900.0
updates,adds_005,20200813-subject-02/20200813_151925,7,fp,568,34900.0
updates,adds_005,20200813-subject-02/20200813_152215,8,residual,568,50000.0
updates,adds_005,20200813-subject-02/20200813_152215,8,s0_l1,568,50900.0
updates,adds_005,20200813-subject-02/20200813_152215,8,s0_l0,568,50900.0
updates,adds_005,20200813-subject-02/20200813_152215,8,s1_l1,568,51200.0
updates,adds_005,20200813-subject-02/20200813_152215,8,s1_l0,568,51100.0
updates,adds_005,20200813-subject-02/20200813_152215,8,fp,568,36400.0
updates,adds_005,20200813-subject-02/20200813_152513,9,residual,584,51000.0
updates,adds_005,20200813-subject-02/20200813_152513,9,s0_l1,584,50600.0
updates,adds_005,20200813-subject-02/20200813_152513,9,s0_l0,584,51000.0
updates,adds_005,20200813-subject-02/20200813_152513,9,s1_l1,584,50800.0
updates,adds_005,20200813-subject-02/20200813_152513,9,s1_l0,584,51200.0
updates,adds_005,20200813-subject-02/20200813_152513,9,fp,584,32800.0
updates,adds_005,20200813-subject-02/20200813_152842,10,residual,552,44500.0
updates,adds_005,20200813-subject-02/20200813_152842,10,s0_l1,552,44400.0
updates,adds_005,20200813-subject-02/20200813_152842,10,s0_l0,552,44100.0
updates,adds_005,20200813-subject-02/20200813_152842,10,s1_l1,552,44700.0
updates,adds_005,20200813-subject-02/20200813_152842,10,s1_l0,552,44600.0
updates,adds_005,20200813-subject-02/20200813_152842,10,fp,552,36800.0
updates,adds_005,20200813-subject-02/20200813_153152,11,residual,568,55500.0
updates,adds_005,20200813-subject-02/20200813_153152,11,s0_l1,568,56000.0
updates,adds_005,20200813-subject-02/20200813_153152,11,s0_l0,568,55900.0
updates,adds_005,20200813-subject-02/20200813_153152,11,s1_l1,568,56000.0
updates,adds_005,20200813-subject-02/20200813_153152,11,s1_l0,568,56000.0
updates,adds_005,20200813-subject-02/20200813_153152,11,fp,568,54300.0
updates,adds_005,20200813-subject-02/20200813_153453,12,residual,568,49700.0
updates,adds_005,20200813-subject-02/20200813_153453,12,s0_l1,568,50900.0
updates,adds_005,20200813-subject-02/20200813_153453,12,s0_l0,568,50700.0
updates,adds_005,20200813-subject-02/20200813_153453,12,s1_l1,568,50700.0
updates,adds_005,20200813-subject-02/20200813_153453,12,s1_l0,568,50900.0
updates,adds_005,20200813-subject-02/20200813_153453,12,fp,568,52800.0
updates,adds_005,20200813-subject-02/20200813_153802,13,residual,568,52600.0
updates,adds_005,20200813-subject-02/20200813_153802,13,s0_l1,568,52700.0
updates,adds_005,20200813-subject-02/20200813_153802,13,s0_l0,568,52700.0
updates,adds_005,20200813-subject-02/20200813_153802,13,s1_l1,568,52700.0
updates,adds_005,20200813-subject-02/20200813_153802,13,s1_l0,568,52600.0
updates,adds_005,20200813-subject-02/20200813_153802,13,fp,568,45300.0
updates,adds_005,20200813-subject-02/20200813_154103,14,residual,584,51400.0
updates,adds_005,20200813-subject-02/20200813_154103,14,s0_l1,584,52400.0
updates,adds_005,20200813-subject-02/20200813_154103,14,s0_l0,584,52500.0
updates,adds_005,20200813-subject-02/20200813_154103,14,s1_l1,584,53500.0
updates,adds_005,20200813-subject-02/20200813_154103,14,s1_l0,584,53500.0
updates,adds_005,20200813-subject-02/20200813_154103,14,fp,584,32000.0
updates,adds_005,20200813-subject-02/20200813_154408,15,residual,536,48600.0
updates,adds_005,20200813-subject-02/20200813_154408,15,s0_l1,536,48600.0
updates,adds_005,20200813-subject-02/20200813_154408,15,s0_l0,536,48600.0
updates,adds_005,20200813-subject-02/20200813_154408,15,s1_l1,536,48500.0
updates,adds_005,20200813-subject-02/20200813_154408,15,s1_l0,536,48500.0
updates,adds_005,20200813-subject-02/20200813_154408,15,fp,536,38200.0
updates,adds_005,20200813-subject-02/20200813_154729,16,residual,568,56000.0
updates,adds_005,20200813-subject-02/20200813_154729,16,s0_l1,568,56000.0
updates,adds_005,20200813-subject-02/20200813_154729,16,s0_l0,568,56000.0
updates,adds_005,20200813-subject-02/20200813_154729,16,s1_l1,568,56000.0
updates,adds_005,20200813-subject-02/20200813_154729,16,s1_l0,568,56000.0
updates,adds_005,20200813-subject-02/20200813_154729,16,fp,568,56300.0
updates,adds_005,20200813-subject-02/20200813_155021,17,residual,499,16500.0
updates,adds_005,20200813-subject-02/20200813_155021,17,s0_l1,499,19700.0
updates,adds_005,20200813-subject-02/20200813_155021,17,s0_l0,499,19200.0
updates,adds_005,20200813-subject-02/20200813_155021,17,s1_l1,499,20300.0
updates,adds_005,20200813-subject-02/20200813_155021,17,s1_l0,499,20400.0
updates,adds_005,20200813-subject-02/20200813_155021,17,fp,499,8400.0
updates,adds_005,20200813-subject-02/20200813_155314,18,residual,527,32900.0
updates,adds_005,20200813-subject-02/20200813_155314,18,s0_l1,527,33100.0
updates,adds_005,20200813-subject-02/20200813_155314,18,s0_l0,527,34200.0
updates,adds_005,20200813-subject-02/20200813_155314,18,s1_l1,527,32900.0
updates,adds_005,20200813-subject-02/20200813_155314,18,s1_l0,527,33400.0
updates,adds_005,20200813-subject-02/20200813_155314,18,fp,527,15100.0
updates,adds_005,20200813-subject-02/20200813_155633,20,residual,568,50200.0
updates,adds_005,20200813-subject-02/20200813_155633,20,s0_l1,568,50100.0
updates,adds_005,20200813-subject-02/20200813_155633,20,s0_l0,568,49900.0
updates,adds_005,20200813-subject-02/20200813_155633,20,s1_l1,568,49800.0
updates,adds_005,20200813-subject-02/20200813_155633,20,s1_l0,568,49600.0
updates,adds_005,20200813-subject-02/20200813_155633,20,fp,568,41700.0
updates,adds_005,20200813-subject-02/20200813_155953,21,residual,584,32700.0
updates,adds_005,20200813-subject-02/20200813_155953,21,s0_l1,584,30100.0
updates,adds_005,20200813-subject-02/20200813_155953,21,s0_l0,584,30200.0
updates,adds_005,20200813-subject-02/20200813_155953,21,s1_l1,584,29000.0
updates,adds_005,20200813-subject-02/20200813_155953,21,s1_l0,584,31600.0
updates,adds_005,20200813-subject-02/20200813_155953,21,fp,584,12800.0
updates,adds_01,20200709-subject-01/20200709_142123,1,residual,584,58400.0
updates,adds_01,20200709-subject-01/20200709_142123,1,s0_l1,584,58400.0
updates,adds_01,20200709-subject-01/20200709_142123,1,s0_l0,584,58400.0
updates,adds_01,20200709-subject-01/20200709_142123,1,s1_l1,584,58400.0
updates,adds_01,20200709-subject-01/20200709_142123,1,s1_l0,584,58400.0
updates,adds_01,20200709-subject-01/20200709_142123,1,fp,584,58400.0
updates,adds_01,20200709-subject-01/20200709_142446,2,residual,568,56800.0
updates,adds_01,20200709-subject-01/20200709_142446,2,s0_l1,568,56800.0
updates,adds_01,20200709-subject-01/20200709_142446,2,s0_l0,568,56800.0
updates,adds_01,20200709-subject-01/20200709_142446,2,s1_l1,568,56800.0
updates,adds_01,20200709-subject-01/20200709_142446,2,s1_l0,568,56800.0
updates,adds_01,20200709-subject-01/20200709_142446,2,fp,568,56800.0
updates,adds_01,20200709-subject-01/20200709_142802,3,residual,497,49400.0
updates,adds_01,20200709-subject-01/20200709_142802,3,s0_l1,497,49300.0
updates,adds_01,20200709-subject-01/20200709_142802,3,s0_l0,497,49300.0
updates,adds_01,20200709-subject-01/20200709_142802,3,s1_l1,497,49400.0
updates,adds_01,20200709-subject-01/20200709_142802,3,s1_l0,497,49400.0
updates,adds_01,20200709-subject-01/20200709_142802,3,fp,497,47200.0
updates,adds_01,20200709-subject-01/20200709_143125,4,residual,568,56800.0
updates,adds_01,20200709-subject-01/20200709_143125,4,s0_l1,568,56800.0
updates,adds_01,20200709-subject-01/20200709_143125,4,s0_l0,568,56800.0
updates,adds_01,20200709-subject-01/20200709_143125,4,s1_l1,568,56800.0
updates,adds_01,20200709-subject-01/20200709_143125,4,s1_l0,568,56800.0
updates,adds_01,20200709-subject-01/20200709_143125,4,fp,568,56800.0
updates,adds_01,20200709-subject-01/20200709_143531,5,residual,561,54200.0
updates,adds_01,20200709-subject-01/20200709_143531,5,s0_l1,561,53900.0
updates,adds_01,20200709-subject-01/20200709_143531,5,s0_l0,561,53900.0
updates,adds_01,20200709-subject-01/20200709_143531,5,s1_l1,561,53900.0
updates,adds_01,20200709-subject-01/20200709_143531,5,s1_l0,561,53900.0
updates,adds_01,20200709-subject-01/20200709_143531,5,fp,561,53700.0
updates,adds_01,20200709-subject-01/20200709_143907,6,residual,568,54800.0
updates,adds_01,20200709-subject-01/20200709_143907,6,s0_l1,568,54000.0
updates,adds_01,20200709-subject-01/20200709_143907,6,s0_l0,568,53400.0
updates,adds_01,20200709-subject-01/20200709_143907,6,s1_l1,568,53300.0
updates,adds_01,20200709-subject-01/20200709_143907,6,s1_l0,568,53200.0
updates,adds_01,20200709-subject-01/20200709_143907,6,fp,568,45000.0
updates,adds_01,20200709-subject-01/20200709_144313,7,residual,448,44800.0
updates,adds_01,20200709-subject-01/20200709_144313,7,s0_l1,448,44800.0
updates,adds_01,20200709-subject-01/20200709_144313,7,s0_l0,448,44800.0
updates,adds_01,20200709-subject-01/20200709_144313,7,s1_l1,448,44800.0
updates,adds_01,20200709-subject-01/20200709_144313,7,s1_l0,448,44800.0
updates,adds_01,20200709-subject-01/20200709_144313,7,fp,448,40600.0
updates,adds_01,20200709-subject-01/20200709_144735,8,residual,568,53800.0
updates,adds_01,20200709-subject-01/20200709_144735,8,s0_l1,568,55100.0
updates,adds_01,20200709-subject-01/20200709_144735,8,s0_l0,568,55100.0
updates,adds_01,20200709-subject-01/20200709_144735,8,s1_l1,568,54800.0
updates,adds_01,20200709-subject-01/20200709_144735,8,s1_l0,568,54800.0
updates,adds_01,20200709-subject-01/20200709_144735,8,fp,568,55200.0
updates,adds_01,20200709-subject-01/20200709_145132,9,residual,584,58400.0
updates,adds_01,20200709-subject-01/20200709_145132,9,s0_l1,584,58400.0
updates,adds_01,20200709-subject-01/20200709_145132,9,s0_l0,584,58400.0
updates,adds_01,20200709-subject-01/20200709_145132,9,s1_l1,584,58400.0
updates,adds_01,20200709-subject-01/20200709_145132,9,s1_l0,584,58400.0
updates,adds_01,20200709-subject-01/20200709_145132,9,fp,584,58400.0
updates,adds_01,20200709-subject-01/20200709_145743,10,residual,568,56200.0
updates,adds_01,20200709-subject-01/20200709_145743,10,s0_l1,568,56200.0
updates,adds_01,20200709-subject-01/20200709_145743,10,s0_l0,568,56200.0
updates,adds_01,20200709-subject-01/20200709_145743,10,s1_l1,568,56100.0
updates,adds_01,20200709-subject-01/20200709_145743,10,s1_l0,568,56100.0
updates,adds_01,20200709-subject-01/20200709_145743,10,fp,568,49400.0
updates,adds_01,20200709-subject-01/20200709_150144,11,residual,568,55400.0
updates,adds_01,20200709-subject-01/20200709_150144,11,s0_l1,568,55400.0
updates,adds_01,20200709-subject-01/20200709_150144,11,s0_l0,568,55400.0
updates,adds_01,20200709-subject-01/20200709_150144,11,s1_l1,568,55400.0
updates,adds_01,20200709-subject-01/20200709_150144,11,s1_l0,568,55400.0
updates,adds_01,20200709-subject-01/20200709_150144,11,fp,568,55000.0
updates,adds_01,20200709-subject-01/20200709_150524,12,residual,568,52900.0
updates,adds_01,20200709-subject-01/20200709_150524,12,s0_l1,568,52900.0
updates,adds_01,20200709-subject-01/20200709_150524,12,s0_l0,568,54000.0
updates,adds_01,20200709-subject-01/20200709_150524,12,s1_l1,568,53900.0
updates,adds_01,20200709-subject-01/20200709_150524,12,s1_l0,568,54000.0
updates,adds_01,20200709-subject-01/20200709_150524,12,fp,568,46000.0
updates,adds_01,20200709-subject-01/20200709_150906,13,residual,584,58400.0
updates,adds_01,20200709-subject-01/20200709_150906,13,s0_l1,584,58400.0
updates,adds_01,20200709-subject-01/20200709_150906,13,s0_l0,584,58400.0
updates,adds_01,20200709-subject-01/20200709_150906,13,s1_l1,584,58400.0
updates,adds_01,20200709-subject-01/20200709_150906,13,s1_l0,584,58400.0
updates,adds_01,20200709-subject-01/20200709_150906,13,fp,584,58400.0
updates,adds_01,20200709-subject-01/20200709_151246,14,residual,466,46600.0
updates,adds_01,20200709-subject-01/20200709_151246,14,s0_l1,466,46600.0
updates,adds_01,20200709-subject-01/20200709_151246,14,s0_l0,466,46600.0
updates,adds_01,20200709-subject-01/20200709_151246,14,s1_l1,466,46600.0
updates,adds_01,20200709-subject-01/20200709_151246,14,s1_l0,466,46600.0
updates,adds_01,20200709-subject-01/20200709_151246,14,fp,466,45000.0
updates,adds_01,20200709-subject-01/20200709_151632,15,residual,568,56800.0
updates,adds_01,20200709-subject-01/20200709_151632,15,s0_l1,568,56800.0
updates,adds_01,20200709-subject-01/20200709_151632,15,s0_l0,568,56800.0
updates,adds_01,20200709-subject-01/20200709_151632,15,s1_l1,568,56800.0
updates,adds_01,20200709-subject-01/20200709_151632,15,s1_l0,568,56800.0
updates,adds_01,20200709-subject-01/20200709_151632,15,fp,568,56800.0
updates,adds_01,20200709-subject-01/20200709_151948,16,residual,568,56000.0
updates,adds_01,20200709-subject-01/20200709_151948,16,s0_l1,568,56000.0
updates,adds_01,20200709-subject-01/20200709_151948,16,s0_l0,568,56000.0
updates,adds_01,20200709-subject-01/20200709_151948,16,s1_l1,568,56000.0
updates,adds_01,20200709-subject-01/20200709_151948,16,s1_l0,568,56000.0
updates,adds_01,20200709-subject-01/20200709_151948,16,fp,568,55000.0
updates,adds_01,20200709-subject-01/20200709_152420,17,residual,584,53500.0
updates,adds_01,20200709-subject-01/20200709_152420,17,s0_l1,584,54700.0
updates,adds_01,20200709-subject-01/20200709_152420,17,s0_l0,584,54800.0
updates,adds_01,20200709-subject-01/20200709_152420,17,s1_l1,584,54700.0
updates,adds_01,20200709-subject-01/20200709_152420,17,s1_l0,584,54700.0
updates,adds_01,20200709-subject-01/20200709_152420,17,fp,584,57200.0
updates,adds_01,20200709-subject-01/20200709_152757,18,residual,500,40200.0
updates,adds_01,20200709-subject-01/20200709_152757,18,s0_l1,500,47100.0
updates,adds_01,20200709-subject-01/20200709_152757,18,s0_l0,500,44900.0
updates,adds_01,20200709-subject-01/20200709_152757,18,s1_l1,500,47300.0
updates,adds_01,20200709-subject-01/20200709_152757,18,s1_l0,500,47400.0
updates,adds_01,20200709-subject-01/20200709_152757,18,fp,500,46900.0
updates,adds_01,20200709-subject-01/20200709_153148,20,residual,517,50900.0
updates,adds_01,20200709-subject-01/20200709_153148,20,s0_l1,517,50400.0
updates,adds_01,20200709-subject-01/20200709_153148,20,s0_l0,517,50200.0
updates,adds_01,20200709-subject-01/20200709_153148,20,s1_l1,517,49800.0
updates,adds_01,20200709-subject-01/20200709_153148,20,s1_l0,517,49600.0
updates,adds_01,20200709-subject-01/20200709_153148,20,fp,517,49700.0
updates,adds_01,20200709-subject-01/20200709_153548,21,residual,568,56600.0
updates,adds_01,20200709-subject-01/20200709_153548,21,s0_l1,568,56600.0
updates,adds_01,20200709-subject-01/20200709_153548,21,s0_l0,568,56600.0
updates,adds_01,20200709-subject-01/20200709_153548,21,s1_l1,568,56700.0
updates,adds_01,20200709-subject-01/20200709_153548,21,s1_l0,568,56700.0
updates,adds_01,20200709-subject-01/20200709_153548,21,fp,568,54100.0
updates,adds_01,20200813-subject-02/20200813_145612,1,residual,584,58400.0
updates,adds_01,20200813-subject-02/20200813_145612,1,s0_l1,584,58400.0
updates,adds_01,20200813-subject-02/20200813_145612,1,s0_l0,584,58400.0
updates,adds_01,20200813-subject-02/20200813_145612,1,s1_l1,584,58400.0
updates,adds_01,20200813-subject-02/20200813_145612,1,s1_l0,584,58400.0
updates,adds_01,20200813-subject-02/20200813_145612,1,fp,584,58400.0
updates,adds_01,20200813-subject-02/20200813_145920,2,residual,584,58400.0
updates,adds_01,20200813-subject-02/20200813_145920,2,s0_l1,584,58400.0
updates,adds_01,20200813-subject-02/20200813_145920,2,s0_l0,584,58400.0
updates,adds_01,20200813-subject-02/20200813_145920,2,s1_l1,584,58400.0
updates,adds_01,20200813-subject-02/20200813_145920,2,s1_l0,584,58400.0
updates,adds_01,20200813-subject-02/20200813_145920,2,fp,584,58400.0
updates,adds_01,20200813-subject-02/20200813_150228,3,residual,568,55200.0
updates,adds_01,20200813-subject-02/20200813_150228,3,s0_l1,568,56800.0
updates,adds_01,20200813-subject-02/20200813_150228,3,s0_l0,568,56800.0
updates,adds_01,20200813-subject-02/20200813_150228,3,s1_l1,568,56800.0
updates,adds_01,20200813-subject-02/20200813_150228,3,s1_l0,568,56800.0
updates,adds_01,20200813-subject-02/20200813_150228,3,fp,568,47100.0
updates,adds_01,20200813-subject-02/20200813_150535,4,residual,584,56700.0
updates,adds_01,20200813-subject-02/20200813_150535,4,s0_l1,584,57000.0
updates,adds_01,20200813-subject-02/20200813_150535,4,s0_l0,584,56900.0
updates,adds_01,20200813-subject-02/20200813_150535,4,s1_l1,584,57000.0
updates,adds_01,20200813-subject-02/20200813_150535,4,s1_l0,584,56900.0
updates,adds_01,20200813-subject-02/20200813_150535,4,fp,584,36500.0
updates,adds_01,20200813-subject-02/20200813_150823,5,residual,568,53300.0
updates,adds_01,20200813-subject-02/20200813_150823,5,s0_l1,568,53100.0
updates,adds_01,20200813-subject-02/20200813_150823,5,s0_l0,568,53100.0
updates,adds_01,20200813-subject-02/20200813_150823,5,s1_l1,568,53100.0
updates,adds_01,20200813-subject-02/20200813_150823,5,s1_l0,568,53100.0
updates,adds_01,20200813-subject-02/20200813_150823,5,fp,568,49000.0
updates,adds_01,20200813-subject-02/20200813_151117,6,residual,568,47800.0
updates,adds_01,20200813-subject-02/20200813_151117,6,s0_l1,568,53400.0
updates,adds_01,20200813-subject-02/20200813_151117,6,s0_l0,568,53500.0
updates,adds_01,20200813-subject-02/20200813_151117,6,s1_l1,568,53400.0
updates,adds_01,20200813-subject-02/20200813_151117,6,s1_l0,568,53400.0
updates,adds_01,20200813-subject-02/20200813_151117,6,fp,568,24100.0
updates,adds_01,20200813-subject-02/20200813_151925,7,residual,568,56700.0
updates,adds_01,20200813-subject-02/20200813_151925,7,s0_l1,568,56700.0
updates,adds_01,20200813-subject-02/20200813_151925,7,s0_l0,568,56700.0
updates,adds_01,20200813-subject-02/20200813_151925,7,s1_l1,568,56700.0
updates,adds_01,20200813-subject-02/20200813_151925,7,s1_l0,568,56700.0
updates,adds_01,20200813-subject-02/20200813_151925,7,fp,568,40100.0
updates,adds_01,20200813-subject-02/20200813_152215,8,residual,568,56500.0
updates,adds_01,20200813-subject-02/20200813_152215,8,s0_l1,568,56700.0
updates,adds_01,20200813-subject-02/20200813_152215,8,s0_l0,568,56600.0
updates,adds_01,20200813-subject-02/20200813_152215,8,s1_l1,568,56700.0
updates,adds_01,20200813-subject-02/20200813_152215,8,s1_l0,568,56700.0
updates,adds_01,20200813-subject-02/20200813_152215,8,fp,568,43600.0
updates,adds_01,20200813-subject-02/20200813_152513,9,residual,584,56700.0
updates,adds_01,20200813-subject-02/20200813_152513,9,s0_l1,584,56300.0
updates,adds_01,20200813-subject-02/20200813_152513,9,s0_l0,584,56300.0
updates,adds_01,20200813-subject-02/20200813_152513,9,s1_l1,584,56400.0
updates,adds_01,20200813-subject-02/20200813_152513,9,s1_l0,584,56400.0
updates,adds_01,20200813-subject-02/20200813_152513,9,fp,584,45300.0
updates,adds_01,20200813-subject-02/20200813_152842,10,residual,552,53300.0
updates,adds_01,20200813-subject-02/20200813_152842,10,s0_l1,552,53500.0
updates,adds_01,20200813-subject-02/20200813_152842,10,s0_l0,552,53200.0
updates,adds_01,20200813-subject-02/20200813_152842,10,s1_l1,552,53300.0
updates,adds_01,20200813-subject-02/20200813_152842,10,s1_l0,552,53200.0
updates,adds_01,20200813-subject-02/20200813_152842,10,fp,552,45700.0
updates,adds_01,20200813-subject-02/20200813_153152,11,residual,568,56800.0
updates,adds_01,20200813-subject-02/20200813_153152,11,s0_l1,568,56800.0
updates,adds_01,20200813-subject-02/20200813_153152,11,s0_l0,568,56800.0
updates,adds_01,20200813-subject-02/20200813_153152,11,s1_l1,568,56800.0
updates,adds_01,20200813-subject-02/20200813_153152,11,s1_l0,568,56800.0
updates,adds_01,20200813-subject-02/20200813_153152,11,fp,568,55800.0
updates,adds_01,20200813-subject-02/20200813_153453,12,residual,568,55500.0
updates,adds_01,20200813-subject-02/20200813_153453,12,s0_l1,568,56700.0
updates,adds_01,20200813-subject-02/20200813_153453,12,s0_l0,568,56700.0
updates,adds_01,20200813-subject-02/20200813_153453,12,s1_l1,568,56700.0
updates,adds_01,20200813-subject-02/20200813_153453,12,s1_l0,568,56700.0
updates,adds_01,20200813-subject-02/20200813_153453,12,fp,568,56700.0
updates,adds_01,20200813-subject-02/20200813_153802,13,residual,568,52700.0
updates,adds_01,20200813-subject-02/20200813_153802,13,s0_l1,568,52700.0
updates,adds_01,20200813-subject-02/20200813_153802,13,s0_l0,568,52700.0
updates,adds_01,20200813-subject-02/20200813_153802,13,s1_l1,568,52700.0
updates,adds_01,20200813-subject-02/20200813_153802,13,s1_l0,568,52700.0
updates,adds_01,20200813-subject-02/20200813_153802,13,fp,568,48600.0
updates,adds_01,20200813-subject-02/20200813_154103,14,residual,584,58400.0
updates,adds_01,20200813-subject-02/20200813_154103,14,s0_l1,584,58400.0
updates,adds_01,20200813-subject-02/20200813_154103,14,s0_l0,584,58400.0
updates,adds_01,20200813-subject-02/20200813_154103,14,s1_l1,584,58400.0
updates,adds_01,20200813-subject-02/20200813_154103,14,s1_l0,584,58400.0
updates,adds_01,20200813-subject-02/20200813_154103,14,fp,584,41700.0
updates,adds_01,20200813-subject-02/20200813_154408,15,residual,536,52300.0
updates,adds_01,20200813-subject-02/20200813_154408,15,s0_l1,536,52100.0
updates,adds_01,20200813-subject-02/20200813_154408,15,s0_l0,536,52100.0
updates,adds_01,20200813-subject-02/20200813_154408,15,s1_l1,536,52000.0
updates,adds_01,20200813-subject-02/20200813_154408,15,s1_l0,536,51900.0
updates,adds_01,20200813-subject-02/20200813_154408,15,fp,536,52600.0
updates,adds_01,20200813-subject-02/20200813_154729,16,residual,568,56800.0
updates,adds_01,20200813-subject-02/20200813_154729,16,s0_l1,568,56800.0
updates,adds_01,20200813-subject-02/20200813_154729,16,s0_l0,568,56800.0
updates,adds_01,20200813-subject-02/20200813_154729,16,s1_l1,568,56800.0
updates,adds_01,20200813-subject-02/20200813_154729,16,s1_l0,568,56800.0
updates,adds_01,20200813-subject-02/20200813_154729,16,fp,568,56800.0
updates,adds_01,20200813-subject-02/20200813_155021,17,residual,499,38300.0
updates,adds_01,20200813-subject-02/20200813_155021,17,s0_l1,499,34200.0
updates,adds_01,20200813-subject-02/20200813_155021,17,s0_l0,499,34600.0
updates,adds_01,20200813-subject-02/20200813_155021,17,s1_l1,499,34900.0
updates,adds_01,20200813-subject-02/20200813_155021,17,s1_l0,499,34100.0
updates,adds_01,20200813-subject-02/20200813_155021,17,fp,499,13000.0
updates,adds_01,20200813-subject-02/20200813_155314,18,residual,527,45900.0
updates,adds_01,20200813-subject-02/20200813_155314,18,s0_l1,527,45600.0
updates,adds_01,20200813-subject-02/20200813_155314,18,s0_l0,527,45600.0
updates,adds_01,20200813-subject-02/20200813_155314,18,s1_l1,527,44100.0
updates,adds_01,20200813-subject-02/20200813_155314,18,s1_l0,527,45000.0
updates,adds_01,20200813-subject-02/20200813_155314,18,fp,527,20500.0
updates,adds_01,20200813-subject-02/20200813_155633,20,residual,568,55400.0
updates,adds_01,20200813-subject-02/20200813_155633,20,s0_l1,568,55500.0
updates,adds_01,20200813-subject-02/20200813_155633,20,s0_l0,568,55600.0
updates,adds_01,20200813-subject-02/20200813_155633,20,s1_l1,568,55300.0
updates,adds_01,20200813-subject-02/20200813_155633,20,s1_l0,568,55400.0
updates,adds_01,20200813-subject-02/20200813_155633,20,fp,568,45000.0
updates,adds_01,20200813-subject-02/20200813_155953,21,residual,584,57000.0
updates,adds_01,20200813-subject-02/20200813_155953,21,s0_l1,584,57800.0
updates,adds_01,20200813-subject-02/20200813_155953,21,s0_l0,584,57500.0
updates,adds_01,20200813-subject-02/20200813_155953,21,s1_l1,584,57700.0
updates,adds_01,20200813-subject-02/20200813_155953,21,s1_l0,584,57800.0
updates,adds_01,20200813-subject-02/20200813_155953,21,fp,584,24100.0
updates,rotation_deg,20200709-subject-01/20200709_142123,1,residual,584,27967.773753523827
updates,rotation_deg,20200709-subject-01/20200709_142123,1,s0_l1,584,28020.298449397087
updates,rotation_deg,20200709-subject-01/20200709_142123,1,s0_l0,584,27926.191756010056
updates,rotation_deg,20200709-subject-01/20200709_142123,1,s1_l1,584,28001.359716176987
updates,rotation_deg,20200709-subject-01/20200709_142123,1,s1_l0,584,27845.535932064056
updates,rotation_deg,20200709-subject-01/20200709_142123,1,fp,584,26026.294498443604
updates,rotation_deg,20200709-subject-01/20200709_142446,2,residual,568,7974.240776538849
updates,rotation_deg,20200709-subject-01/20200709_142446,2,s0_l1,568,7949.29978531599
updates,rotation_deg,20200709-subject-01/20200709_142446,2,s0_l0,568,7960.606980368495
updates,rotation_deg,20200709-subject-01/20200709_142446,2,s1_l1,568,7961.104577183723
updates,rotation_deg,20200709-subject-01/20200709_142446,2,s1_l0,568,7967.794442728162
updates,rotation_deg,20200709-subject-01/20200709_142446,2,fp,568,7960.493836700916
updates,rotation_deg,20200709-subject-01/20200709_142802,3,residual,497,12648.967645168304
updates,rotation_deg,20200709-subject-01/20200709_142802,3,s0_l1,497,12653.182659327984
updates,rotation_deg,20200709-subject-01/20200709_142802,3,s0_l0,497,12709.336657136679
updates,rotation_deg,20200709-subject-01/20200709_142802,3,s1_l1,497,12709.605095624924
updates,rotation_deg,20200709-subject-01/20200709_142802,3,s1_l0,497,12703.821836322546
updates,rotation_deg,20200709-subject-01/20200709_142802,3,fp,497,12553.803310275078
updates,rotation_deg,20200709-subject-01/20200709_143125,4,residual,568,29682.727882623672
updates,rotation_deg,20200709-subject-01/20200709_143125,4,s0_l1,568,30487.785843849182
updates,rotation_deg,20200709-subject-01/20200709_143125,4,s0_l0,568,30381.009768009186
updates,rotation_deg,20200709-subject-01/20200709_143125,4,s1_l1,568,30185.81716108322
updates,rotation_deg,20200709-subject-01/20200709_143125,4,s1_l0,568,30133.508000850677
updates,rotation_deg,20200709-subject-01/20200709_143125,4,fp,568,18287.106444835663
updates,rotation_deg,20200709-subject-01/20200709_143531,5,residual,561,12577.993435114622
updates,rotation_deg,20200709-subject-01/20200709_143531,5,s0_l1,561,13815.807295143604
updates,rotation_deg,20200709-subject-01/20200709_143531,5,s0_l0,561,14958.364921629429
updates,rotation_deg,20200709-subject-01/20200709_143531,5,s1_l1,561,13828.952112853527
updates,rotation_deg,20200709-subject-01/20200709_143531,5,s1_l0,561,13821.393068045378
updates,rotation_deg,20200709-subject-01/20200709_143531,5,fp,561,12128.037572398782
updates,rotation_deg,20200709-subject-01/20200709_143907,6,residual,568,23700.750948905945
updates,rotation_deg,20200709-subject-01/20200709_143907,6,s0_l1,568,24217.077226161957
updates,rotation_deg,20200709-subject-01/20200709_143907,6,s0_l0,568,24183.90264058113
updates,rotation_deg,20200709-subject-01/20200709_143907,6,s1_l1,568,24141.605561971664
updates,rotation_deg,20200709-subject-01/20200709_143907,6,s1_l0,568,23836.95023083687
updates,rotation_deg,20200709-subject-01/20200709_143907,6,fp,568,28121.27791070938
updates,rotation_deg,20200709-subject-01/20200709_144313,7,residual,448,11869.182485699654
updates,rotation_deg,20200709-subject-01/20200709_144313,7,s0_l1,448,11892.269519150257
updates,rotation_deg,20200709-subject-01/20200709_144313,7,s0_l0,448,11876.883873462677
updates,rotation_deg,20200709-subject-01/20200709_144313,7,s1_l1,448,11901.897272229195
updates,rotation_deg,20200709-subject-01/20200709_144313,7,s1_l0,448,11864.905145168304
updates,rotation_deg,20200709-subject-01/20200709_144313,7,fp,448,12130.553837895393
updates,rotation_deg,20200709-subject-01/20200709_144735,8,residual,568,9912.227343320847
updates,rotation_deg,20200709-subject-01/20200709_144735,8,s0_l1,568,4890.416037559509
updates,rotation_deg,20200709-subject-01/20200709_144735,8,s0_l0,568,4844.387646317482
updates,rotation_deg,20200709-subject-01/20200709_144735,8,s1_l1,568,4852.747866034508
updates,rotation_deg,20200709-subject-01/20200709_144735,8,s1_l0,568,4828.691937446594
updates,rotation_deg,20200709-subject-01/20200709_144735,8,fp,568,3524.878606379032
updates,rotation_deg,20200709-subject-01/20200709_145132,9,residual,584,4070.897222697735
updates,rotation_deg,20200709-subject-01/20200709_145132,9,s0_l1,584,4156.866157233715
updates,rotation_deg,20200709-subject-01/20200709_145132,9,s0_l0,584,4112.266099572182
updates,rotation_deg,20200709-subject-01/20200709_145132,9,s1_l1,584,4221.2641842365265
updates,rotation_deg,20200709-subject-01/20200709_145132,9,s1_l0,584,4158.72885286808
updates,rotation_deg,20200709-subject-01/20200709_145132,9,fp,584,3871.918943911791
updates,rotation_deg,20200709-subject-01/20200709_145743,10,residual,568,7281.577287316322
updates,rotation_deg,20200709-subject-01/20200709_145743,10,s0_l1,568,7935.670069694519
updates,rotation_deg,20200709-subject-01/20200709_145743,10,s0_l0,568,7920.365208864212
updates,rotation_deg,20200709-subject-01/20200709_145743,10,s1_l1,568,8106.657794356346
updates,rotation_deg,20200709-subject-01/20200709_145743,10,s1_l0,568,7976.003728121519
updates,rotation_deg,20200709-subject-01/20200709_145743,10,fp,568,17676.98061490059
updates,rotation_deg,20200709-subject-01/20200709_150144,11,residual,568,5523.4759367108345
updates,rotation_deg,20200709-subject-01/20200709_150144,11,s0_l1,568,5512.658689647913
updates,rotation_deg,20200709-subject-01/20200709_150144,11,s0_l0,568,5523.439838111401
updates,rotation_deg,20200709-subject-01/20200709_150144,11,s1_l1,568,5529.551217466593
updates,rotation_deg,20200709-subject-01/20200709_150144,11,s1_l0,568,5505.372468918562
updates,rotation_deg,20200709-subject-01/20200709_150144,11,fp,568,13363.083445727825
updates,rotation_deg,20200709-subject-01/20200709_150524,12,residual,568,19175.748766958714
updates,rotation_deg,20200709-subject-01/20200709_150524,12,s0_l1,568,18529.143080174923
updates,rotation_deg,20200709-subject-01/20200709_150524,12,s0_l0,568,18363.598635196686
updates,rotation_deg,20200709-subject-01/20200709_150524,12,s1_l1,568,18364.155955314636
updates,rotation_deg,20200709-subject-01/20200709_150524,12,s1_l0,568,18298.478802859783
updates,rotation_deg,20200709-subject-01/20200709_150524,12,fp,568,12848.131114929914
updates,rotation_deg,20200709-subject-01/20200709_150906,13,residual,584,19290.969681978226
updates,rotation_deg,20200709-subject-01/20200709_150906,13,s0_l1,584,19252.15291285515
updates,rotation_deg,20200709-subject-01/20200709_150906,13,s0_l0,584,19169.58243250847
updates,rotation_deg,20200709-subject-01/20200709_150906,13,s1_l1,584,19111.117233872414
updates,rotation_deg,20200709-subject-01/20200709_150906,13,s1_l0,584,19134.978937387466
updates,rotation_deg,20200709-subject-01/20200709_150906,13,fp,584,33103.99845302105
updates,rotation_deg,20200709-subject-01/20200709_151246,14,residual,466,8734.718322068453
updates,rotation_deg,20200709-subject-01/20200709_151246,14,s0_l1,466,9380.685869783163
updates,rotation_deg,20200709-subject-01/20200709_151246,14,s0_l0,466,9280.663715779781
updates,rotation_deg,20200709-subject-01/20200709_151246,14,s1_l1,466,9083.929121375084
updates,rotation_deg,20200709-subject-01/20200709_151246,14,s1_l0,466,8486.21623980999
updates,rotation_deg,20200709-subject-01/20200709_151246,14,fp,466,7987.121965408325
updates,rotation_deg,20200709-subject-01/20200709_151632,15,residual,568,2239.0723051428795
updates,rotation_deg,20200709-subject-01/20200709_151632,15,s0_l1,568,2246.9235260486603
updates,rotation_deg,20200709-subject-01/20200709_151632,15,s0_l0,568,2243.7132071852684
updates,rotation_deg,20200709-subject-01/20200709_151632,15,s1_l1,568,2283.13105404377
updates,rotation_deg,20200709-subject-01/20200709_151632,15,s1_l0,568,2282.770394206047
updates,rotation_deg,20200709-subject-01/20200709_151632,15,fp,568,1852.2551956176758
updates,rotation_deg,20200709-subject-01/20200709_151948,16,residual,568,52110.61701273918
updates,rotation_deg,20200709-subject-01/20200709_151948,16,s0_l1,568,52088.66362696886
updates,rotation_deg,20200709-subject-01/20200709_151948,16,s0_l0,568,52085.98843240738
updates,rotation_deg,20200709-subject-01/20200709_151948,16,s1_l1,568,52093.78537631035
updates,rotation_deg,20200709-subject-01/20200709_151948,16,s1_l0,568,52082.59852844477
updates,rotation_deg,20200709-subject-01/20200709_151948,16,fp,568,51773.975907325745
updates,rotation_deg,20200709-subject-01/20200709_152420,17,residual,584,36750.752012848854
updates,rotation_deg,20200709-subject-01/20200709_152420,17,s0_l1,584,36816.329110860825
updates,rotation_deg,20200709-subject-01/20200709_152420,17,s0_l0,584,37188.62879371643
updates,rotation_deg,20200709-subject-01/20200709_152420,17,s1_l1,584,36670.95634019375
updates,rotation_deg,20200709-subject-01/20200709_152420,17,s1_l0,584,37024.509563326836
updates,rotation_deg,20200709-subject-01/20200709_152420,17,fp,584,31993.68504357338
updates,rotation_deg,20200709-subject-01/20200709_152757,18,residual,500,28091.61042881012
updates,rotation_deg,20200709-subject-01/20200709_152757,18,s0_l1,500,26132.60385811329
updates,rotation_deg,20200709-subject-01/20200709_152757,18,s0_l0,500,25369.01423895359
updates,rotation_deg,20200709-subject-01/20200709_152757,18,s1_l1,500,25343.369014263153
updates,rotation_deg,20200709-subject-01/20200709_152757,18,s1_l0,500,25371.60205769539
updates,rotation_deg,20200709-subject-01/20200709_152757,18,fp,500,22532.626861333847
updates,rotation_deg,20200709-subject-01/20200709_153148,20,residual,517,57582.06283688545
updates,rotation_deg,20200709-subject-01/20200709_153148,20,s0_l1,517,57284.63977575302
updates,rotation_deg,20200709-subject-01/20200709_153148,20,s0_l0,517,57272.81426239014
updates,rotation_deg,20200709-subject-01/20200709_153148,20,s1_l1,517,57325.50432062149
updates,rotation_deg,20200709-subject-01/20200709_153148,20,s1_l0,517,57407.531539440155
updates,rotation_deg,20200709-subject-01/20200709_153148,20,fp,517,54359.607186198235
updates,rotation_deg,20200709-subject-01/20200709_153548,21,residual,568,68865.14058184624
updates,rotation_deg,20200709-subject-01/20200709_153548,21,s0_l1,568,69782.34394550323
updates,rotation_deg,20200709-subject-01/20200709_153548,21,s0_l0,568,69769.0180927515
updates,rotation_deg,20200709-subject-01/20200709_153548,21,s1_l1,568,69811.69708061218
updates,rotation_deg,20200709-subject-01/20200709_153548,21,s1_l0,568,69851.65023040771
updates,rotation_deg,20200709-subject-01/20200709_153548,21,fp,568,76746.00319063663
updates,rotation_deg,20200813-subject-02/20200813_145612,1,residual,584,39544.622599482536
updates,rotation_deg,20200813-subject-02/20200813_145612,1,s0_l1,584,38925.48129504919
updates,rotation_deg,20200813-subject-02/20200813_145612,1,s0_l0,584,38993.954646945
updates,rotation_deg,20200813-subject-02/20200813_145612,1,s1_l1,584,39243.363234996796
updates,rotation_deg,20200813-subject-02/20200813_145612,1,s1_l0,584,39188.97204899788
updates,rotation_deg,20200813-subject-02/20200813_145612,1,fp,584,44096.28942966461
updates,rotation_deg,20200813-subject-02/20200813_145920,2,residual,584,1624.5457863360643
updates,rotation_deg,20200813-subject-02/20200813_145920,2,s0_l1,584,1625.9431226700544
updates,rotation_deg,20200813-subject-02/20200813_145920,2,s0_l0,584,1611.4541535675526
updates,rotation_deg,20200813-subject-02/20200813_145920,2,s1_l1,584,1628.901233240962
updates,rotation_deg,20200813-subject-02/20200813_145920,2,s1_l0,584,1622.322941944003
updates,rotation_deg,20200813-subject-02/20200813_145920,2,fp,584,1382.9477671682835
updates,rotation_deg,20200813-subject-02/20200813_150228,3,residual,568,3464.398629784584
updates,rotation_deg,20200813-subject-02/20200813_150228,3,s0_l1,568,3253.804714523256
updates,rotation_deg,20200813-subject-02/20200813_150228,3,s0_l0,568,3262.1829813979566
updates,rotation_deg,20200813-subject-02/20200813_150228,3,s1_l1,568,3320.5335287451744
updates,rotation_deg,20200813-subject-02/20200813_150228,3,s1_l0,568,3312.415887758136
updates,rotation_deg,20200813-subject-02/20200813_150228,3,fp,568,8099.396725744009
updates,rotation_deg,20200813-subject-02/20200813_150535,4,residual,584,12322.633421182632
updates,rotation_deg,20200813-subject-02/20200813_150535,4,s0_l1,584,12269.166745305061
updates,rotation_deg,20200813-subject-02/20200813_150535,4,s0_l0,584,12362.116343736649
updates,rotation_deg,20200813-subject-02/20200813_150535,4,s1_l1,584,12061.473096370697
updates,rotation_deg,20200813-subject-02/20200813_150535,4,s1_l0,584,12062.958291649818
updates,rotation_deg,20200813-subject-02/20200813_150535,4,fp,584,16809.13710051775
updates,rotation_deg,20200813-subject-02/20200813_150823,5,residual,568,5392.8809325397015
updates,rotation_deg,20200813-subject-02/20200813_150823,5,s0_l1,568,5304.031401693821
updates,rotation_deg,20200813-subject-02/20200813_150823,5,s0_l0,568,5360.445198237896
updates,rotation_deg,20200813-subject-02/20200813_150823,5,s1_l1,568,5249.7606600522995
updates,rotation_deg,20200813-subject-02/20200813_150823,5,s1_l0,568,5285.636886522174
updates,rotation_deg,20200813-subject-02/20200813_150823,5,fp,568,6169.305549800396
updates,rotation_deg,20200813-subject-02/20200813_151117,6,residual,568,20023.579530239105
updates,rotation_deg,20200813-subject-02/20200813_151117,6,s0_l1,568,12990.144611358643
updates,rotation_deg,20200813-subject-02/20200813_151117,6,s0_l0,568,12970.597174882889
updates,rotation_deg,20200813-subject-02/20200813_151117,6,s1_l1,568,13222.635649681091
updates,rotation_deg,20200813-subject-02/20200813_151117,6,s1_l0,568,13294.140131950378
updates,rotation_deg,20200813-subject-02/20200813_151117,6,fp,568,38699.41555029154
updates,rotation_deg,20200813-subject-02/20200813_151925,7,residual,568,3631.874800503254
updates,rotation_deg,20200813-subject-02/20200813_151925,7,s0_l1,568,3588.485392332077
updates,rotation_deg,20200813-subject-02/20200813_151925,7,s0_l0,568,3604.5464121699333
updates,rotation_deg,20200813-subject-02/20200813_151925,7,s1_l1,568,3570.1401084661484
updates,rotation_deg,20200813-subject-02/20200813_151925,7,s1_l0,568,3592.7307493686676
updates,rotation_deg,20200813-subject-02/20200813_151925,7,fp,568,13503.200585603714
updates,rotation_deg,20200813-subject-02/20200813_152215,8,residual,568,4751.36600124836
updates,rotation_deg,20200813-subject-02/20200813_152215,8,s0_l1,568,4636.5629160404205
updates,rotation_deg,20200813-subject-02/20200813_152215,8,s0_l0,568,4661.794123709202
updates,rotation_deg,20200813-subject-02/20200813_152215,8,s1_l1,568,4626.305468320847
updates,rotation_deg,20200813-subject-02/20200813_152215,8,s1_l0,568,4640.07031160593
updates,rotation_deg,20200813-subject-02/20200813_152215,8,fp,568,15236.73330372572
updates,rotation_deg,20200813-subject-02/20200813_152513,9,residual,584,3899.133055448532
updates,rotation_deg,20200813-subject-02/20200813_152513,9,s0_l1,584,3910.0275233387947
updates,rotation_deg,20200813-subject-02/20200813_152513,9,s0_l0,584,3913.1561512947083
updates,rotation_deg,20200813-subject-02/20200813_152513,9,s1_l1,584,3989.6816345453262
updates,rotation_deg,20200813-subject-02/20200813_152513,9,s1_l0,584,3979.44362616539
updates,rotation_deg,20200813-subject-02/20200813_152513,9,fp,584,10128.92557823658
updates,rotation_deg,20200813-subject-02/20200813_152842,10,residual,552,5942.727380871773
updates,rotation_deg,20200813-subject-02/20200813_152842,10,s0_l1,552,6403.823982745409
updates,rotation_deg,20200813-subject-02/20200813_152842,10,s0_l0,552,6362.291787028313
updates,rotation_deg,20200813-subject-02/20200813_152842,10,s1_l1,552,6322.113913625479
updates,rotation_deg,20200813-subject-02/20200813_152842,10,s1_l0,552,6317.344736933708
updates,rotation_deg,20200813-subject-02/20200813_152842,10,fp,552,8770.992147445679
updates,rotation_deg,20200813-subject-02/20200813_153152,11,residual,568,6859.408180713654
updates,rotation_deg,20200813-subject-02/20200813_153152,11,s0_l1,568,7945.293639481068
updates,rotation_deg,20200813-subject-02/20200813_153152,11,s0_l0,568,7803.504659593105
updates,rotation_deg,20200813-subject-02/20200813_153152,11,s1_l1,568,7991.291936725378
updates,rotation_deg,20200813-subject-02/20200813_153152,11,s1_l0,568,7909.120033979416
updates,rotation_deg,20200813-subject-02/20200813_153152,11,fp,568,4397.333981812
updates,rotation_deg,20200813-subject-02/20200813_153453,12,residual,568,9238.834339618683
updates,rotation_deg,20200813-subject-02/20200813_153453,12,s0_l1,568,8592.123379409313
updates,rotation_deg,20200813-subject-02/20200813_153453,12,s0_l0,568,8477.692761361599
updates,rotation_deg,20200813-subject-02/20200813_153453,12,s1_l1,568,8566.018675386906
updates,rotation_deg,20200813-subject-02/20200813_153453,12,s1_l0,568,8584.183631300926
updates,rotation_deg,20200813-subject-02/20200813_153453,12,fp,568,4015.273463308811
updates,rotation_deg,20200813-subject-02/20200813_153802,13,residual,568,62848.078689575195
updates,rotation_deg,20200813-subject-02/20200813_153802,13,s0_l1,568,65220.91330718994
updates,rotation_deg,20200813-subject-02/20200813_153802,13,s0_l0,568,65430.82768249512
updates,rotation_deg,20200813-subject-02/20200813_153802,13,s1_l1,568,65201.73374938965
updates,rotation_deg,20200813-subject-02/20200813_153802,13,s1_l0,568,65155.2640914917
updates,rotation_deg,20200813-subject-02/20200813_153802,13,fp,568,55281.37850189209
updates,rotation_deg,20200813-subject-02/20200813_154103,14,residual,584,10825.63123703003
updates,rotation_deg,20200813-subject-02/20200813_154103,14,s0_l1,584,10579.712599039078
updates,rotation_deg,20200813-subject-02/20200813_154103,14,s0_l0,584,10586.605700731277
updates,rotation_deg,20200813-subject-02/20200813_154103,14,s1_l1,584,10591.444370508194
updates,rotation_deg,20200813-subject-02/20200813_154103,14,s1_l0,584,10560.172501921654
updates,rotation_deg,20200813-subject-02/20200813_154103,14,fp,584,19295.129142284393
updates,rotation_deg,20200813-subject-02/20200813_154408,15,residual,536,5345.508899688721
updates,rotation_deg,20200813-subject-02/20200813_154408,15,s0_l1,536,5285.386099696159
updates,rotation_deg,20200813-subject-02/20200813_154408,15,s0_l0,536,5276.861905932426
updates,rotation_deg,20200813-subject-02/20200813_154408,15,s1_l1,536,5284.663250088692
updates,rotation_deg,20200813-subject-02/20200813_154408,15,s1_l0,536,5249.818317055702
updates,rotation_deg,20200813-subject-02/20200813_154408,15,fp,536,3501.9737815260887
updates,rotation_deg,20200813-subject-02/20200813_154729,16,residual,568,100977.75923156738
updates,rotation_deg,20200813-subject-02/20200813_154729,16,s0_l1,568,101015.85516357422
updates,rotation_deg,20200813-subject-02/20200813_154729,16,s0_l0,568,101021.23661804199
updates,rotation_deg,20200813-subject-02/20200813_154729,16,s1_l1,568,101011.9612121582
updates,rotation_deg,20200813-subject-02/20200813_154729,16,s1_l0,568,101011.24903869629
updates,rotation_deg,20200813-subject-02/20200813_154729,16,fp,568,101164.81010437012
updates,rotation_deg,20200813-subject-02/20200813_155021,17,residual,499,46928.305805683136
updates,rotation_deg,20200813-subject-02/20200813_155021,17,s0_l1,499,53362.72000217438
updates,rotation_deg,20200813-subject-02/20200813_155021,17,s0_l0,499,53646.564898490906
updates,rotation_deg,20200813-subject-02/20200813_155021,17,s1_l1,499,53649.56919646263
updates,rotation_deg,20200813-subject-02/20200813_155021,17,s1_l0,499,53435.73742175102
updates,rotation_deg,20200813-subject-02/20200813_155021,17,fp,499,50145.47417354584
updates,rotation_deg,20200813-subject-02/20200813_155314,18,residual,527,39991.48263454437
updates,rotation_deg,20200813-subject-02/20200813_155314,18,s0_l1,527,38889.33980464935
updates,rotation_deg,20200813-subject-02/20200813_155314,18,s0_l0,527,38065.16347312927
updates,rotation_deg,20200813-subject-02/20200813_155314,18,s1_l1,527,38092.14822268486
updates,rotation_deg,20200813-subject-02/20200813_155314,18,s1_l0,527,41111.212436676025
updates,rotation_deg,20200813-subject-02/20200813_155314,18,fp,527,45533.00628423691
updates,rotation_deg,20200813-subject-02/20200813_155633,20,residual,568,64383.127890348434
updates,rotation_deg,20200813-subject-02/20200813_155633,20,s0_l1,568,64410.7344391346
updates,rotation_deg,20200813-subject-02/20200813_155633,20,s0_l0,568,64417.370047330856
updates,rotation_deg,20200813-subject-02/20200813_155633,20,s1_l1,568,64383.12829262018
updates,rotation_deg,20200813-subject-02/20200813_155633,20,s1_l0,568,64347.233819544315
updates,rotation_deg,20200813-subject-02/20200813_155633,20,fp,568,61323.16599416733
updates,rotation_deg,20200813-subject-02/20200813_155953,21,residual,584,56230.21224617958
updates,rotation_deg,20200813-subject-02/20200813_155953,21,s0_l1,584,53780.6477162838
updates,rotation_deg,20200813-subject-02/20200813_155953,21,s0_l0,584,53852.663071632385
updates,rotation_deg,20200813-subject-02/20200813_155953,21,s1_l1,584,53803.75233006477
updates,rotation_deg,20200813-subject-02/20200813_155953,21,s1_l0,584,56170.03029310703
updates,rotation_deg,20200813-subject-02/20200813_155953,21,fp,584,63820.234546244144
updates,center_mm,20200709-subject-01/20200709_142123,1,residual,584,3853.756695151329
updates,center_mm,20200709-subject-01/20200709_142123,1,s0_l1,584,3847.412737131119
updates,center_mm,20200709-subject-01/20200709_142123,1,s0_l0,584,3840.928813457489
updates,center_mm,20200709-subject-01/20200709_142123,1,s1_l1,584,3896.9851837158203
updates,center_mm,20200709-subject-01/20200709_142123,1,s1_l0,584,3891.833066225052
updates,center_mm,20200709-subject-01/20200709_142123,1,fp,584,3348.140700817108
updates,center_mm,20200709-subject-01/20200709_142446,2,residual,568,4645.4259524047375
updates,center_mm,20200709-subject-01/20200709_142446,2,s0_l1,568,4773.317304730415
updates,center_mm,20200709-subject-01/20200709_142446,2,s0_l0,568,4809.942602664232
updates,center_mm,20200709-subject-01/20200709_142446,2,s1_l1,568,4802.461400657892
updates,center_mm,20200709-subject-01/20200709_142446,2,s1_l0,568,4811.945166260004
updates,center_mm,20200709-subject-01/20200709_142446,2,fp,568,5576.932918012142
updates,center_mm,20200709-subject-01/20200709_142802,3,residual,497,2704.5653216838837
updates,center_mm,20200709-subject-01/20200709_142802,3,s0_l1,497,2663.9775614738464
updates,center_mm,20200709-subject-01/20200709_142802,3,s0_l0,497,2649.4572640657425
updates,center_mm,20200709-subject-01/20200709_142802,3,s1_l1,497,2691.044436812401
updates,center_mm,20200709-subject-01/20200709_142802,3,s1_l0,497,2693.4039103984833
updates,center_mm,20200709-subject-01/20200709_142802,3,fp,497,5603.13513469696
updates,center_mm,20200709-subject-01/20200709_143125,4,residual,568,2087.443002104759
updates,center_mm,20200709-subject-01/20200709_143125,4,s0_l1,568,2033.2534973323345
updates,center_mm,20200709-subject-01/20200709_143125,4,s0_l0,568,2032.9492746889591
updates,center_mm,20200709-subject-01/20200709_143125,4,s1_l1,568,2030.6363825201988
updates,center_mm,20200709-subject-01/20200709_143125,4,s1_l0,568,2032.8936348855495
updates,center_mm,20200709-subject-01/20200709_143125,4,fp,568,3770.152154505253
updates,center_mm,20200709-subject-01/20200709_143531,5,residual,561,5641.114581048489
updates,center_mm,20200709-subject-01/20200709_143531,5,s0_l1,561,5918.647918522358
updates,center_mm,20200709-subject-01/20200709_143531,5,s0_l0,561,5809.518233478069
updates,center_mm,20200709-subject-01/20200709_143531,5,s1_l1,561,5808.704196572304
updates,center_mm,20200709-subject-01/20200709_143531,5,s1_l0,561,5901.890470951796
updates,center_mm,20200709-subject-01/20200709_143531,5,fp,561,4474.202031344175
updates,center_mm,20200709-subject-01/20200709_143907,6,residual,568,3710.4241443276405
updates,center_mm,20200709-subject-01/20200709_143907,6,s0_l1,568,3932.1362829208374
updates,center_mm,20200709-subject-01/20200709_143907,6,s0_l0,568,4067.024447083473
updates,center_mm,20200709-subject-01/20200709_143907,6,s1_l1,568,4174.3416402339935
updates,center_mm,20200709-subject-01/20200709_143907,6,s1_l0,568,4202.187295675278
updates,center_mm,20200709-subject-01/20200709_143907,6,fp,568,18151.748444855213
updates,center_mm,20200709-subject-01/20200709_144313,7,residual,448,3224.0925730466843
updates,center_mm,20200709-subject-01/20200709_144313,7,s0_l1,448,3206.594500243664
updates,center_mm,20200709-subject-01/20200709_144313,7,s0_l0,448,3201.798621237278
updates,center_mm,20200709-subject-01/20200709_144313,7,s1_l1,448,3215.311769425869
updates,center_mm,20200709-subject-01/20200709_144313,7,s1_l0,448,3199.696065425873
updates,center_mm,20200709-subject-01/20200709_144313,7,fp,448,9316.50304389
updates,center_mm,20200709-subject-01/20200709_144735,8,residual,568,5201.025327026844
updates,center_mm,20200709-subject-01/20200709_144735,8,s0_l1,568,4578.072460055351
updates,center_mm,20200709-subject-01/20200709_144735,8,s0_l0,568,4592.934663891792
updates,center_mm,20200709-subject-01/20200709_144735,8,s1_l1,568,4747.892412960529
updates,center_mm,20200709-subject-01/20200709_144735,8,s1_l0,568,4792.43533873558
updates,center_mm,20200709-subject-01/20200709_144735,8,fp,568,4160.514500498772
updates,center_mm,20200709-subject-01/20200709_145132,9,residual,584,3264.3100360631943
updates,center_mm,20200709-subject-01/20200709_145132,9,s0_l1,584,3210.26270660758
updates,center_mm,20200709-subject-01/20200709_145132,9,s0_l0,584,3211.481379389763
updates,center_mm,20200709-subject-01/20200709_145132,9,s1_l1,584,3236.615542590618
updates,center_mm,20200709-subject-01/20200709_145132,9,s1_l0,584,3233.2672107219696
updates,center_mm,20200709-subject-01/20200709_145132,9,fp,584,3562.8998995423317
updates,center_mm,20200709-subject-01/20200709_145743,10,residual,568,5629.606582641602
updates,center_mm,20200709-subject-01/20200709_145743,10,s0_l1,568,5756.212824106216
updates,center_mm,20200709-subject-01/20200709_145743,10,s0_l0,568,5791.146338701248
updates,center_mm,20200709-subject-01/20200709_145743,10,s1_l1,568,5839.284133434296
updates,center_mm,20200709-subject-01/20200709_145743,10,s1_l0,568,5783.13820374012
updates,center_mm,20200709-subject-01/20200709_145743,10,fp,568,24703.272830963135
updates,center_mm,20200709-subject-01/20200709_150144,11,residual,568,4475.863425016403
updates,center_mm,20200709-subject-01/20200709_150144,11,s0_l1,568,4466.64562946558
updates,center_mm,20200709-subject-01/20200709_150144,11,s0_l0,568,4467.562976658344
updates,center_mm,20200709-subject-01/20200709_150144,11,s1_l1,568,4505.344093978405
updates,center_mm,20200709-subject-01/20200709_150144,11,s1_l0,568,4516.110133826733
updates,center_mm,20200709-subject-01/20200709_150144,11,fp,568,6494.647098898888
updates,center_mm,20200709-subject-01/20200709_150524,12,residual,568,13239.123055458069
updates,center_mm,20200709-subject-01/20200709_150524,12,s0_l1,568,7852.751529216766
updates,center_mm,20200709-subject-01/20200709_150524,12,s0_l0,568,7247.15155351162
updates,center_mm,20200709-subject-01/20200709_150524,12,s1_l1,568,7295.908402740955
updates,center_mm,20200709-subject-01/20200709_150524,12,s1_l0,568,7224.061191678047
updates,center_mm,20200709-subject-01/20200709_150524,12,fp,568,34376.323841392994
updates,center_mm,20200709-subject-01/20200709_150906,13,residual,584,3504.969397008419
updates,center_mm,20200709-subject-01/20200709_150906,13,s0_l1,584,3532.055598437786
updates,center_mm,20200709-subject-01/20200709_150906,13,s0_l0,584,3525.512597620487
updates,center_mm,20200709-subject-01/20200709_150906,13,s1_l1,584,3484.9142676591873
updates,center_mm,20200709-subject-01/20200709_150906,13,s1_l0,584,3462.8790323734283
updates,center_mm,20200709-subject-01/20200709_150906,13,fp,584,3733.272246181965
updates,center_mm,20200709-subject-01/20200709_151246,14,residual,466,3509.7910329401493
updates,center_mm,20200709-subject-01/20200709_151246,14,s0_l1,466,3740.7416776418686
updates,center_mm,20200709-subject-01/20200709_151246,14,s0_l0,466,3718.819481730461
updates,center_mm,20200709-subject-01/20200709_151246,14,s1_l1,466,3629.2436431646347
updates,center_mm,20200709-subject-01/20200709_151246,14,s1_l0,466,3556.1830089092255
updates,center_mm,20200709-subject-01/20200709_151246,14,fp,466,4884.560435652733
updates,center_mm,20200709-subject-01/20200709_151632,15,residual,568,3400.4207039773464
updates,center_mm,20200709-subject-01/20200709_151632,15,s0_l1,568,3420.302967131138
updates,center_mm,20200709-subject-01/20200709_151632,15,s0_l0,568,3408.532556414604
updates,center_mm,20200709-subject-01/20200709_151632,15,s1_l1,568,3470.62110311538
updates,center_mm,20200709-subject-01/20200709_151632,15,s1_l0,568,3462.319306306541
updates,center_mm,20200709-subject-01/20200709_151632,15,fp,568,5577.084798514843
updates,center_mm,20200709-subject-01/20200709_151948,16,residual,568,2836.959071457386
updates,center_mm,20200709-subject-01/20200709_151948,16,s0_l1,568,2830.8622266054153
updates,center_mm,20200709-subject-01/20200709_151948,16,s0_l0,568,2830.066754281521
updates,center_mm,20200709-subject-01/20200709_151948,16,s1_l1,568,2841.0477873682976
updates,center_mm,20200709-subject-01/20200709_151948,16,s1_l0,568,2844.159066259861
updates,center_mm,20200709-subject-01/20200709_151948,16,fp,568,8926.893926501274
updates,center_mm,20200709-subject-01/20200709_152420,17,residual,584,14010.360878944397
updates,center_mm,20200709-subject-01/20200709_152420,17,s0_l1,584,13057.299600660801
updates,center_mm,20200709-subject-01/20200709_152420,17,s0_l0,584,13046.9080260396
updates,center_mm,20200709-subject-01/20200709_152420,17,s1_l1,584,13278.611431241035
updates,center_mm,20200709-subject-01/20200709_152420,17,s1_l0,584,13320.578439712524
updates,center_mm,20200709-subject-01/20200709_152420,17,fp,584,14028.265462636948
updates,center_mm,20200709-subject-01/20200709_152757,18,residual,500,12524.19862139225
updates,center_mm,20200709-subject-01/20200709_152757,18,s0_l1,500,5323.904481291771
updates,center_mm,20200709-subject-01/20200709_152757,18,s0_l0,500,6012.938894152641
updates,center_mm,20200709-subject-01/20200709_152757,18,s1_l1,500,5233.692237734795
updates,center_mm,20200709-subject-01/20200709_152757,18,s1_l0,500,5269.236977815628
updates,center_mm,20200709-subject-01/20200709_152757,18,fp,500,8154.045161485672
updates,center_mm,20200709-subject-01/20200709_153148,20,residual,517,12802.56386423111
updates,center_mm,20200709-subject-01/20200709_153148,20,s0_l1,517,13030.248213291168
updates,center_mm,20200709-subject-01/20200709_153148,20,s0_l0,517,12978.32441163063
updates,center_mm,20200709-subject-01/20200709_153148,20,s1_l1,517,13055.648573637009
updates,center_mm,20200709-subject-01/20200709_153148,20,s1_l0,517,13022.100958108902
updates,center_mm,20200709-subject-01/20200709_153148,20,fp,517,11973.51221203804
updates,center_mm,20200709-subject-01/20200709_153548,21,residual,568,3298.3751980662346
updates,center_mm,20200709-subject-01/20200709_153548,21,s0_l1,568,3219.4436092972755
updates,center_mm,20200709-subject-01/20200709_153548,21,s0_l0,568,3240.5188270807266
updates,center_mm,20200709-subject-01/20200709_153548,21,s1_l1,568,3164.3876603245735
updates,center_mm,20200709-subject-01/20200709_153548,21,s1_l0,568,3163.4088715314865
updates,center_mm,20200709-subject-01/20200709_153548,21,fp,568,9925.723514854908
updates,center_mm,20200813-subject-02/20200813_145612,1,residual,584,3973.7760882377625
updates,center_mm,20200813-subject-02/20200813_145612,1,s0_l1,584,3954.074123084545
updates,center_mm,20200813-subject-02/20200813_145612,1,s0_l0,584,3956.3261479735374
updates,center_mm,20200813-subject-02/20200813_145612,1,s1_l1,584,3991.321931183338
updates,center_mm,20200813-subject-02/20200813_145612,1,s1_l0,584,3983.9235630631447
updates,center_mm,20200813-subject-02/20200813_145612,1,fp,584,4803.7317172288895
updates,center_mm,20200813-subject-02/20200813_145920,2,residual,584,3236.081104695797
updates,center_mm,20200813-subject-02/20200813_145920,2,s0_l1,584,3182.247026324272
updates,center_mm,20200813-subject-02/20200813_145920,2,s0_l0,584,3176.9630251526833
updates,center_mm,20200813-subject-02/20200813_145920,2,s1_l1,584,3262.476158976555
updates,center_mm,20200813-subject-02/20200813_145920,2,s1_l0,584,3259.467784434557
updates,center_mm,20200813-subject-02/20200813_145920,2,fp,584,3786.020847797394
updates,center_mm,20200813-subject-02/20200813_150228,3,residual,568,3409.676194727421
updates,center_mm,20200813-subject-02/20200813_150228,3,s0_l1,568,3176.582434117794
updates,center_mm,20200813-subject-02/20200813_150228,3,s0_l0,568,3181.7351473271847
updates,center_mm,20200813-subject-02/20200813_150228,3,s1_l1,568,3175.3790679574013
updates,center_mm,20200813-subject-02/20200813_150228,3,s1_l0,568,3198.507170319557
updates,center_mm,20200813-subject-02/20200813_150228,3,fp,568,29960.694731906056
updates,center_mm,20200813-subject-02/20200813_150535,4,residual,584,3734.851913869381
updates,center_mm,20200813-subject-02/20200813_150535,4,s0_l1,584,3546.5571689903736
updates,center_mm,20200813-subject-02/20200813_150535,4,s0_l0,584,3589.0477820932865
updates,center_mm,20200813-subject-02/20200813_150535,4,s1_l1,584,3586.9973287582397
updates,center_mm,20200813-subject-02/20200813_150535,4,s1_l0,584,3606.067007601261
updates,center_mm,20200813-subject-02/20200813_150535,4,fp,584,66464.76730084419
updates,center_mm,20200813-subject-02/20200813_150823,5,residual,568,5648.251067042351
updates,center_mm,20200813-subject-02/20200813_150823,5,s0_l1,568,5670.1098556518555
updates,center_mm,20200813-subject-02/20200813_150823,5,s0_l0,568,5596.1141269207
updates,center_mm,20200813-subject-02/20200813_150823,5,s1_l1,568,5634.790776729584
updates,center_mm,20200813-subject-02/20200813_150823,5,s1_l0,568,5648.588959634304
updates,center_mm,20200813-subject-02/20200813_150823,5,fp,568,19494.766750335693
updates,center_mm,20200813-subject-02/20200813_151117,6,residual,568,17583.429741621017
updates,center_mm,20200813-subject-02/20200813_151117,6,s0_l1,568,3388.525164067745
updates,center_mm,20200813-subject-02/20200813_151117,6,s0_l0,568,3386.3743010759354
updates,center_mm,20200813-subject-02/20200813_151117,6,s1_l1,568,3390.4204026162624
updates,center_mm,20200813-subject-02/20200813_151117,6,s1_l0,568,3394.3376187086105
updates,center_mm,20200813-subject-02/20200813_151117,6,fp,568,85815.68511718512
updates,center_mm,20200813-subject-02/20200813_151925,7,residual,568,3843.4698737561703
updates,center_mm,20200813-subject-02/20200813_151925,7,s0_l1,568,3738.4566854834557
updates,center_mm,20200813-subject-02/20200813_151925,7,s0_l0,568,3754.366162031889
updates,center_mm,20200813-subject-02/20200813_151925,7,s1_l1,568,3724.3162308633327
updates,center_mm,20200813-subject-02/20200813_151925,7,s1_l0,568,3726.971134454012
updates,center_mm,20200813-subject-02/20200813_151925,7,fp,568,44745.16467028856
updates,center_mm,20200813-subject-02/20200813_152215,8,residual,568,2925.115018159151
updates,center_mm,20200813-subject-02/20200813_152215,8,s0_l1,568,2744.2359675765038
updates,center_mm,20200813-subject-02/20200813_152215,8,s0_l0,568,2748.8062596917152
updates,center_mm,20200813-subject-02/20200813_152215,8,s1_l1,568,2740.0801364779472
updates,center_mm,20200813-subject-02/20200813_152215,8,s1_l0,568,2748.2677459716797
updates,center_mm,20200813-subject-02/20200813_152215,8,fp,568,36885.47759118676
updates,center_mm,20200813-subject-02/20200813_152513,9,residual,584,4644.153498888016
updates,center_mm,20200813-subject-02/20200813_152513,9,s0_l1,584,4649.373760640621
updates,center_mm,20200813-subject-02/20200813_152513,9,s0_l0,584,4623.277895331383
updates,center_mm,20200813-subject-02/20200813_152513,9,s1_l1,584,4671.849221944809
updates,center_mm,20200813-subject-02/20200813_152513,9,s1_l0,584,4646.907455921173
updates,center_mm,20200813-subject-02/20200813_152513,9,fp,584,38001.36710959673
updates,center_mm,20200813-subject-02/20200813_152842,10,residual,552,7417.451764583588
updates,center_mm,20200813-subject-02/20200813_152842,10,s0_l1,552,7255.441631883383
updates,center_mm,20200813-subject-02/20200813_152842,10,s0_l0,552,7352.249172985554
updates,center_mm,20200813-subject-02/20200813_152842,10,s1_l1,552,7298.821809977293
updates,center_mm,20200813-subject-02/20200813_152842,10,s1_l0,552,7355.351307600737
updates,center_mm,20200813-subject-02/20200813_152842,10,fp,552,26842.366896629333
updates,center_mm,20200813-subject-02/20200813_153152,11,residual,568,4208.44585776329
updates,center_mm,20200813-subject-02/20200813_153152,11,s0_l1,568,4247.489187717438
updates,center_mm,20200813-subject-02/20200813_153152,11,s0_l0,568,4246.876880407333
updates,center_mm,20200813-subject-02/20200813_153152,11,s1_l1,568,4219.482791289687
updates,center_mm,20200813-subject-02/20200813_153152,11,s1_l0,568,4210.389040276408
updates,center_mm,20200813-subject-02/20200813_153152,11,fp,568,6440.071740031242
updates,center_mm,20200813-subject-02/20200813_153453,12,residual,568,5906.616122066975
updates,center_mm,20200813-subject-02/20200813_153453,12,s0_l1,568,5173.923435509205
updates,center_mm,20200813-subject-02/20200813_153453,12,s0_l0,568,5233.915868550539
updates,center_mm,20200813-subject-02/20200813_153453,12,s1_l1,568,5245.380377620459
updates,center_mm,20200813-subject-02/20200813_153453,12,s1_l0,568,5239.349759668112
updates,center_mm,20200813-subject-02/20200813_153453,12,fp,568,6501.517765402794
updates,center_mm,20200813-subject-02/20200813_153802,13,residual,568,7322.753755688667
updates,center_mm,20200813-subject-02/20200813_153802,13,s0_l1,568,7210.9095115065575
updates,center_mm,20200813-subject-02/20200813_153802,13,s0_l0,568,7304.328404426575
updates,center_mm,20200813-subject-02/20200813_153802,13,s1_l1,568,7158.168518096209
updates,center_mm,20200813-subject-02/20200813_153802,13,s1_l0,568,7214.375618875027
updates,center_mm,20200813-subject-02/20200813_153802,13,fp,568,30921.695734024048
updates,center_mm,20200813-subject-02/20200813_154103,14,residual,584,4699.70412260294
updates,center_mm,20200813-subject-02/20200813_154103,14,s0_l1,584,4660.792301595211
updates,center_mm,20200813-subject-02/20200813_154103,14,s0_l0,584,4650.426607012749
updates,center_mm,20200813-subject-02/20200813_154103,14,s1_l1,584,4689.067989826202
updates,center_mm,20200813-subject-02/20200813_154103,14,s1_l0,584,4675.207991182804
updates,center_mm,20200813-subject-02/20200813_154103,14,fp,584,45723.592438578606
updates,center_mm,20200813-subject-02/20200813_154408,15,residual,536,7059.739415168762
updates,center_mm,20200813-subject-02/20200813_154408,15,s0_l1,536,7188.4486302137375
updates,center_mm,20200813-subject-02/20200813_154408,15,s0_l0,536,7192.241989135742
updates,center_mm,20200813-subject-02/20200813_154408,15,s1_l1,536,7312.5515776872635
updates,center_mm,20200813-subject-02/20200813_154408,15,s1_l0,536,7320.123599529266
updates,center_mm,20200813-subject-02/20200813_154408,15,fp,536,8744.184494018555
updates,center_mm,20200813-subject-02/20200813_154729,16,residual,568,3169.5684672296047
updates,center_mm,20200813-subject-02/20200813_154729,16,s0_l1,568,3127.111418813467
updates,center_mm,20200813-subject-02/20200813_154729,16,s0_l0,568,3125.217307984829
updates,center_mm,20200813-subject-02/20200813_154729,16,s1_l1,568,3158.3903661966324
updates,center_mm,20200813-subject-02/20200813_154729,16,s1_l0,568,3167.5690106749535
updates,center_mm,20200813-subject-02/20200813_154729,16,fp,568,5049.521584928036
updates,center_mm,20200813-subject-02/20200813_155021,17,residual,499,17465.478612303734
updates,center_mm,20200813-subject-02/20200813_155021,17,s0_l1,499,38661.90360856056
updates,center_mm,20200813-subject-02/20200813_155021,17,s0_l0,499,38438.299397706985
updates,center_mm,20200813-subject-02/20200813_155021,17,s1_l1,499,38655.72176146507
updates,center_mm,20200813-subject-02/20200813_155021,17,s1_l0,499,39347.23435640335
updates,center_mm,20200813-subject-02/20200813_155021,17,fp,499,96374.17726993561
updates,center_mm,20200813-subject-02/20200813_155314,18,residual,527,6324.787465810776
updates,center_mm,20200813-subject-02/20200813_155314,18,s0_l1,527,5929.214766860008
updates,center_mm,20200813-subject-02/20200813_155314,18,s0_l0,527,5837.880216836929
updates,center_mm,20200813-subject-02/20200813_155314,18,s1_l1,527,6010.549941420555
updates,center_mm,20200813-subject-02/20200813_155314,18,s1_l0,527,5749.533246278763
updates,center_mm,20200813-subject-02/20200813_155314,18,fp,527,96762.08337962627
updates,center_mm,20200813-subject-02/20200813_155633,20,residual,568,14558.6463804245
updates,center_mm,20200813-subject-02/20200813_155633,20,s0_l1,568,14624.714661359787
updates,center_mm,20200813-subject-02/20200813_155633,20,s0_l0,568,14672.82719707489
updates,center_mm,20200813-subject-02/20200813_155633,20,s1_l1,568,14622.784967899323
updates,center_mm,20200813-subject-02/20200813_155633,20,s1_l0,568,14603.190670013428
updates,center_mm,20200813-subject-02/20200813_155633,20,fp,568,24760.51668906212
updates,center_mm,20200813-subject-02/20200813_155953,21,residual,584,4486.84049269557
updates,center_mm,20200813-subject-02/20200813_155953,21,s0_l1,584,4716.891554534435
updates,center_mm,20200813-subject-02/20200813_155953,21,s0_l0,584,4758.692103922367
updates,center_mm,20200813-subject-02/20200813_155953,21,s1_l1,584,4755.897849619389
updates,center_mm,20200813-subject-02/20200813_155953,21,s1_l0,584,4551.309783816338
updates,center_mm,20200813-subject-02/20200813_155953,21,fp,584,103834.32230198383
bad_initial_first8,add_01,20200709-subject-01/20200709_142123,1,residual,24,1500.0
bad_initial_first8,add_01,20200709-subject-01/20200709_142123,1,s0_l1,24,1500.0
bad_initial_first8,add_01,20200709-subject-01/20200709_142123,1,s0_l0,24,1500.0
bad_initial_first8,add_01,20200709-subject-01/20200709_142123,1,s1_l1,24,1500.0
bad_initial_first8,add_01,20200709-subject-01/20200709_142123,1,s1_l0,24,1500.0
bad_initial_first8,add_01,20200709-subject-01/20200709_142123,1,fp,24,1600.0
bad_initial_first8,add_01,20200709-subject-01/20200709_142446,2,residual,40,3200.0
bad_initial_first8,add_01,20200709-subject-01/20200709_142446,2,s0_l1,40,3200.0
bad_initial_first8,add_01,20200709-subject-01/20200709_142446,2,s0_l0,40,3200.0
bad_initial_first8,add_01,20200709-subject-01/20200709_142446,2,s1_l1,40,3200.0
bad_initial_first8,add_01,20200709-subject-01/20200709_142446,2,s1_l0,40,3200.0
bad_initial_first8,add_01,20200709-subject-01/20200709_142446,2,fp,40,3200.0
bad_initial_first8,add_01,20200709-subject-01/20200709_142802,3,residual,24,800.0
bad_initial_first8,add_01,20200709-subject-01/20200709_142802,3,s0_l1,24,800.0
bad_initial_first8,add_01,20200709-subject-01/20200709_142802,3,s0_l0,24,800.0
bad_initial_first8,add_01,20200709-subject-01/20200709_142802,3,s1_l1,24,800.0
bad_initial_first8,add_01,20200709-subject-01/20200709_142802,3,s1_l0,24,800.0
bad_initial_first8,add_01,20200709-subject-01/20200709_142802,3,fp,24,800.0
bad_initial_first8,add_01,20200709-subject-01/20200709_143125,4,residual,32,800.0
bad_initial_first8,add_01,20200709-subject-01/20200709_143125,4,s0_l1,32,800.0
bad_initial_first8,add_01,20200709-subject-01/20200709_143125,4,s0_l0,32,800.0
bad_initial_first8,add_01,20200709-subject-01/20200709_143125,4,s1_l1,32,800.0
bad_initial_first8,add_01,20200709-subject-01/20200709_143125,4,s1_l0,32,800.0
bad_initial_first8,add_01,20200709-subject-01/20200709_143125,4,fp,32,800.0
bad_initial_first8,add_01,20200709-subject-01/20200709_143531,5,residual,32,800.0
bad_initial_first8,add_01,20200709-subject-01/20200709_143531,5,s0_l1,32,800.0
bad_initial_first8,add_01,20200709-subject-01/20200709_143531,5,s0_l0,32,800.0
bad_initial_first8,add_01,20200709-subject-01/20200709_143531,5,s1_l1,32,800.0
bad_initial_first8,add_01,20200709-subject-01/20200709_143531,5,s1_l0,32,800.0
bad_initial_first8,add_01,20200709-subject-01/20200709_143531,5,fp,32,2200.0
bad_initial_first8,add_01,20200709-subject-01/20200709_143907,6,residual,40,500.0
bad_initial_first8,add_01,20200709-subject-01/20200709_143907,6,s0_l1,40,700.0
bad_initial_first8,add_01,20200709-subject-01/20200709_143907,6,s0_l0,40,700.0
bad_initial_first8,add_01,20200709-subject-01/20200709_143907,6,s1_l1,40,700.0
bad_initial_first8,add_01,20200709-subject-01/20200709_143907,6,s1_l0,40,700.0
bad_initial_first8,add_01,20200709-subject-01/20200709_143907,6,fp,40,1500.0
bad_initial_first8,add_01,20200709-subject-01/20200709_144313,7,residual,48,3200.0
bad_initial_first8,add_01,20200709-subject-01/20200709_144313,7,s0_l1,48,3200.0
bad_initial_first8,add_01,20200709-subject-01/20200709_144313,7,s0_l0,48,3200.0
bad_initial_first8,add_01,20200709-subject-01/20200709_144313,7,s1_l1,48,3200.0
bad_initial_first8,add_01,20200709-subject-01/20200709_144313,7,s1_l0,48,3200.0
bad_initial_first8,add_01,20200709-subject-01/20200709_144313,7,fp,48,3200.0
bad_initial_first8,add_01,20200709-subject-01/20200709_144735,8,residual,56,3800.0
bad_initial_first8,add_01,20200709-subject-01/20200709_144735,8,s0_l1,56,3900.0
bad_initial_first8,add_01,20200709-subject-01/20200709_144735,8,s0_l0,56,3900.0
bad_initial_first8,add_01,20200709-subject-01/20200709_144735,8,s1_l1,56,3900.0
bad_initial_first8,add_01,20200709-subject-01/20200709_144735,8,s1_l0,56,3900.0
bad_initial_first8,add_01,20200709-subject-01/20200709_144735,8,fp,56,5400.0
bad_initial_first8,add_01,20200709-subject-01/20200709_145132,9,residual,40,3900.0
bad_initial_first8,add_01,20200709-subject-01/20200709_145132,9,s0_l1,40,3900.0
bad_initial_first8,add_01,20200709-subject-01/20200709_145132,9,s0_l0,40,3900.0
bad_initial_first8,add_01,20200709-subject-01/20200709_145132,9,s1_l1,40,3900.0
bad_initial_first8,add_01,20200709-subject-01/20200709_145132,9,s1_l0,40,3900.0
bad_initial_first8,add_01,20200709-subject-01/20200709_145132,9,fp,40,4000.0
bad_initial_first8,add_01,20200709-subject-01/20200709_145743,10,residual,40,3200.0
bad_initial_first8,add_01,20200709-subject-01/20200709_145743,10,s0_l1,40,3300.0
bad_initial_first8,add_01,20200709-subject-01/20200709_145743,10,s0_l0,40,3200.0
bad_initial_first8,add_01,20200709-subject-01/20200709_145743,10,s1_l1,40,3200.0
bad_initial_first8,add_01,20200709-subject-01/20200709_145743,10,s1_l0,40,3200.0
bad_initial_first8,add_01,20200709-subject-01/20200709_145743,10,fp,40,3200.0
bad_initial_first8,add_01,20200709-subject-01/20200709_150144,11,residual,16,1400.0
bad_initial_first8,add_01,20200709-subject-01/20200709_150144,11,s0_l1,16,1300.0
bad_initial_first8,add_01,20200709-subject-01/20200709_150144,11,s0_l0,16,1300.0
bad_initial_first8,add_01,20200709-subject-01/20200709_150144,11,s1_l1,16,1300.0
bad_initial_first8,add_01,20200709-subject-01/20200709_150144,11,s1_l0,16,1300.0
bad_initial_first8,add_01,20200709-subject-01/20200709_150144,11,fp,16,1600.0
bad_initial_first8,add_01,20200709-subject-01/20200709_150524,12,residual,24,1600.0
bad_initial_first8,add_01,20200709-subject-01/20200709_150524,12,s0_l1,24,1600.0
bad_initial_first8,add_01,20200709-subject-01/20200709_150524,12,s0_l0,24,1600.0
bad_initial_first8,add_01,20200709-subject-01/20200709_150524,12,s1_l1,24,1600.0
bad_initial_first8,add_01,20200709-subject-01/20200709_150524,12,s1_l0,24,1600.0
bad_initial_first8,add_01,20200709-subject-01/20200709_150524,12,fp,24,1600.0
bad_initial_first8,add_01,20200709-subject-01/20200709_150906,13,residual,24,800.0
bad_initial_first8,add_01,20200709-subject-01/20200709_150906,13,s0_l1,24,800.0
bad_initial_first8,add_01,20200709-subject-01/20200709_150906,13,s0_l0,24,800.0
bad_initial_first8,add_01,20200709-subject-01/20200709_150906,13,s1_l1,24,800.0
bad_initial_first8,add_01,20200709-subject-01/20200709_150906,13,s1_l0,24,800.0
bad_initial_first8,add_01,20200709-subject-01/20200709_150906,13,fp,24,600.0
bad_initial_first8,add_01,20200709-subject-01/20200709_151246,14,residual,24,1500.0
bad_initial_first8,add_01,20200709-subject-01/20200709_151246,14,s0_l1,24,1700.0
bad_initial_first8,add_01,20200709-subject-01/20200709_151246,14,s0_l0,24,1700.0
bad_initial_first8,add_01,20200709-subject-01/20200709_151246,14,s1_l1,24,1600.0
bad_initial_first8,add_01,20200709-subject-01/20200709_151246,14,s1_l0,24,1600.0
bad_initial_first8,add_01,20200709-subject-01/20200709_151246,14,fp,24,1600.0
bad_initial_first8,add_01,20200709-subject-01/20200709_151632,15,residual,24,1800.0
bad_initial_first8,add_01,20200709-subject-01/20200709_151632,15,s0_l1,24,1700.0
bad_initial_first8,add_01,20200709-subject-01/20200709_151632,15,s0_l0,24,1700.0
bad_initial_first8,add_01,20200709-subject-01/20200709_151632,15,s1_l1,24,1600.0
bad_initial_first8,add_01,20200709-subject-01/20200709_151632,15,s1_l0,24,1600.0
bad_initial_first8,add_01,20200709-subject-01/20200709_151632,15,fp,24,2400.0
bad_initial_first8,add_01,20200709-subject-01/20200709_151948,16,residual,16,700.0
bad_initial_first8,add_01,20200709-subject-01/20200709_151948,16,s0_l1,16,800.0
bad_initial_first8,add_01,20200709-subject-01/20200709_151948,16,s0_l0,16,800.0
bad_initial_first8,add_01,20200709-subject-01/20200709_151948,16,s1_l1,16,700.0
bad_initial_first8,add_01,20200709-subject-01/20200709_151948,16,s1_l0,16,700.0
bad_initial_first8,add_01,20200709-subject-01/20200709_151948,16,fp,16,800.0
bad_initial_first8,add_01,20200709-subject-01/20200709_152420,17,residual,48,3200.0
bad_initial_first8,add_01,20200709-subject-01/20200709_152420,17,s0_l1,48,3200.0
bad_initial_first8,add_01,20200709-subject-01/20200709_152420,17,s0_l0,48,3200.0
bad_initial_first8,add_01,20200709-subject-01/20200709_152420,17,s1_l1,48,3200.0
bad_initial_first8,add_01,20200709-subject-01/20200709_152420,17,s1_l0,48,3200.0
bad_initial_first8,add_01,20200709-subject-01/20200709_152420,17,fp,48,3200.0
bad_initial_first8,add_01,20200709-subject-01/20200709_152757,18,residual,64,1600.0
bad_initial_first8,add_01,20200709-subject-01/20200709_152757,18,s0_l1,64,3000.0
bad_initial_first8,add_01,20200709-subject-01/20200709_152757,18,s0_l0,64,3000.0
bad_initial_first8,add_01,20200709-subject-01/20200709_152757,18,s1_l1,64,2700.0
bad_initial_first8,add_01,20200709-subject-01/20200709_152757,18,s1_l0,64,2600.0
bad_initial_first8,add_01,20200709-subject-01/20200709_152757,18,fp,64,4200.0
bad_initial_first8,add_01,20200709-subject-01/20200709_153148,20,residual,64,1600.0
bad_initial_first8,add_01,20200709-subject-01/20200709_153148,20,s0_l1,64,1600.0
bad_initial_first8,add_01,20200709-subject-01/20200709_153148,20,s0_l0,64,1600.0
bad_initial_first8,add_01,20200709-subject-01/20200709_153148,20,s1_l1,64,1600.0
bad_initial_first8,add_01,20200709-subject-01/20200709_153148,20,s1_l0,64,1600.0
bad_initial_first8,add_01,20200709-subject-01/20200709_153148,20,fp,64,2400.0
bad_initial_first8,add_01,20200709-subject-01/20200709_153548,21,residual,48,1400.0
bad_initial_first8,add_01,20200709-subject-01/20200709_153548,21,s0_l1,48,1400.0
bad_initial_first8,add_01,20200709-subject-01/20200709_153548,21,s0_l0,48,1400.0
bad_initial_first8,add_01,20200709-subject-01/20200709_153548,21,s1_l1,48,1400.0
bad_initial_first8,add_01,20200709-subject-01/20200709_153548,21,s1_l0,48,1400.0
bad_initial_first8,add_01,20200709-subject-01/20200709_153548,21,fp,48,800.0
bad_initial_first8,add_01,20200813-subject-02/20200813_145920,2,residual,16,1600.0
bad_initial_first8,add_01,20200813-subject-02/20200813_145920,2,s0_l1,16,1600.0
bad_initial_first8,add_01,20200813-subject-02/20200813_145920,2,s0_l0,16,1600.0
bad_initial_first8,add_01,20200813-subject-02/20200813_145920,2,s1_l1,16,1600.0
bad_initial_first8,add_01,20200813-subject-02/20200813_145920,2,s1_l0,16,1600.0
bad_initial_first8,add_01,20200813-subject-02/20200813_145920,2,fp,16,1600.0
bad_initial_first8,add_01,20200813-subject-02/20200813_150228,3,residual,48,4600.0
bad_initial_first8,add_01,20200813-subject-02/20200813_150228,3,s0_l1,48,4700.0
bad_initial_first8,add_01,20200813-subject-02/20200813_150228,3,s0_l0,48,4700.0
bad_initial_first8,add_01,20200813-subject-02/20200813_150228,3,s1_l1,48,4700.0
bad_initial_first8,add_01,20200813-subject-02/20200813_150228,3,s1_l0,48,4700.0
bad_initial_first8,add_01,20200813-subject-02/20200813_150228,3,fp,48,4800.0
bad_initial_first8,add_01,20200813-subject-02/20200813_150535,4,residual,32,1600.0
bad_initial_first8,add_01,20200813-subject-02/20200813_150535,4,s0_l1,32,1600.0
bad_initial_first8,add_01,20200813-subject-02/20200813_150535,4,s0_l0,32,1600.0
bad_initial_first8,add_01,20200813-subject-02/20200813_150535,4,s1_l1,32,1600.0
bad_initial_first8,add_01,20200813-subject-02/20200813_150535,4,s1_l0,32,1600.0
bad_initial_first8,add_01,20200813-subject-02/20200813_150535,4,fp,32,3200.0
bad_initial_first8,add_01,20200813-subject-02/20200813_150823,5,residual,24,2300.0
bad_initial_first8,add_01,20200813-subject-02/20200813_150823,5,s0_l1,24,2300.0
bad_initial_first8,add_01,20200813-subject-02/20200813_150823,5,s0_l0,24,2300.0
bad_initial_first8,add_01,20200813-subject-02/20200813_150823,5,s1_l1,24,2200.0
bad_initial_first8,add_01,20200813-subject-02/20200813_150823,5,s1_l0,24,2200.0
bad_initial_first8,add_01,20200813-subject-02/20200813_150823,5,fp,24,2400.0
bad_initial_first8,add_01,20200813-subject-02/20200813_151117,6,residual,48,600.0
bad_initial_first8,add_01,20200813-subject-02/20200813_151117,6,s0_l1,48,1300.0
bad_initial_first8,add_01,20200813-subject-02/20200813_151117,6,s0_l0,48,1300.0
bad_initial_first8,add_01,20200813-subject-02/20200813_151117,6,s1_l1,48,1200.0
bad_initial_first8,add_01,20200813-subject-02/20200813_151117,6,s1_l0,48,1200.0
bad_initial_first8,add_01,20200813-subject-02/20200813_151117,6,fp,48,1700.0
bad_initial_first8,add_01,20200813-subject-02/20200813_151925,7,residual,16,1600.0
bad_initial_first8,add_01,20200813-subject-02/20200813_151925,7,s0_l1,16,1600.0
bad_initial_first8,add_01,20200813-subject-02/20200813_151925,7,s0_l0,16,1600.0
bad_initial_first8,add_01,20200813-subject-02/20200813_151925,7,s1_l1,16,1600.0
bad_initial_first8,add_01,20200813-subject-02/20200813_151925,7,s1_l0,16,1600.0
bad_initial_first8,add_01,20200813-subject-02/20200813_151925,7,fp,16,1600.0
bad_initial_first8,add_01,20200813-subject-02/20200813_152215,8,residual,48,3800.0
bad_initial_first8,add_01,20200813-subject-02/20200813_152215,8,s0_l1,48,4500.0
bad_initial_first8,add_01,20200813-subject-02/20200813_152215,8,s0_l0,48,4500.0
bad_initial_first8,add_01,20200813-subject-02/20200813_152215,8,s1_l1,48,4500.0
bad_initial_first8,add_01,20200813-subject-02/20200813_152215,8,s1_l0,48,4500.0
bad_initial_first8,add_01,20200813-subject-02/20200813_152215,8,fp,48,4000.0
bad_initial_first8,add_01,20200813-subject-02/20200813_152513,9,residual,40,3500.0
bad_initial_first8,add_01,20200813-subject-02/20200813_152513,9,s0_l1,40,3900.0
bad_initial_first8,add_01,20200813-subject-02/20200813_152513,9,s0_l0,40,3900.0
bad_initial_first8,add_01,20200813-subject-02/20200813_152513,9,s1_l1,40,3900.0
bad_initial_first8,add_01,20200813-subject-02/20200813_152513,9,s1_l0,40,3900.0
bad_initial_first8,add_01,20200813-subject-02/20200813_152513,9,fp,40,4000.0
bad_initial_first8,add_01,20200813-subject-02/20200813_152842,10,residual,32,2300.0
bad_initial_first8,add_01,20200813-subject-02/20200813_152842,10,s0_l1,32,2300.0
bad_initial_first8,add_01,20200813-subject-02/20200813_152842,10,s0_l0,32,2300.0
bad_initial_first8,add_01,20200813-subject-02/20200813_152842,10,s1_l1,32,2300.0
bad_initial_first8,add_01,20200813-subject-02/20200813_152842,10,s1_l0,32,2300.0
bad_initial_first8,add_01,20200813-subject-02/20200813_152842,10,fp,32,2500.0
bad_initial_first8,add_01,20200813-subject-02/20200813_153453,12,residual,24,1500.0
bad_initial_first8,add_01,20200813-subject-02/20200813_153453,12,s0_l1,24,1500.0
bad_initial_first8,add_01,20200813-subject-02/20200813_153453,12,s0_l0,24,1500.0
bad_initial_first8,add_01,20200813-subject-02/20200813_153453,12,s1_l1,24,1500.0
bad_initial_first8,add_01,20200813-subject-02/20200813_153453,12,s1_l0,24,1500.0
bad_initial_first8,add_01,20200813-subject-02/20200813_153453,12,fp,24,1600.0
bad_initial_first8,add_01,20200813-subject-02/20200813_153802,13,residual,24,0.0
bad_initial_first8,add_01,20200813-subject-02/20200813_153802,13,s0_l1,24,0.0
bad_initial_first8,add_01,20200813-subject-02/20200813_153802,13,s0_l0,24,0.0
bad_initial_first8,add_01,20200813-subject-02/20200813_153802,13,s1_l1,24,0.0
bad_initial_first8,add_01,20200813-subject-02/20200813_153802,13,s1_l0,24,0.0
bad_initial_first8,add_01,20200813-subject-02/20200813_153802,13,fp,24,0.0
bad_initial_first8,add_01,20200813-subject-02/20200813_154103,14,residual,32,1600.0
bad_initial_first8,add_01,20200813-subject-02/20200813_154103,14,s0_l1,32,1600.0
bad_initial_first8,add_01,20200813-subject-02/20200813_154103,14,s0_l0,32,1600.0
bad_initial_first8,add_01,20200813-subject-02/20200813_154103,14,s1_l1,32,1600.0
bad_initial_first8,add_01,20200813-subject-02/20200813_154103,14,s1_l0,32,1600.0
bad_initial_first8,add_01,20200813-subject-02/20200813_154103,14,fp,32,1600.0
bad_initial_first8,add_01,20200813-subject-02/20200813_154408,15,residual,24,1900.0
bad_initial_first8,add_01,20200813-subject-02/20200813_154408,15,s0_l1,24,1700.0
bad_initial_first8,add_01,20200813-subject-02/20200813_154408,15,s0_l0,24,1700.0
bad_initial_first8,add_01,20200813-subject-02/20200813_154408,15,s1_l1,24,1600.0
bad_initial_first8,add_01,20200813-subject-02/20200813_154408,15,s1_l0,24,1600.0
bad_initial_first8,add_01,20200813-subject-02/20200813_154408,15,fp,24,2300.0
bad_initial_first8,add_01,20200813-subject-02/20200813_154729,16,residual,8,0.0
bad_initial_first8,add_01,20200813-subject-02/20200813_154729,16,s0_l1,8,0.0
bad_initial_first8,add_01,20200813-subject-02/20200813_154729,16,s0_l0,8,0.0
bad_initial_first8,add_01,20200813-subject-02/20200813_154729,16,s1_l1,8,0.0
bad_initial_first8,add_01,20200813-subject-02/20200813_154729,16,s1_l0,8,0.0
bad_initial_first8,add_01,20200813-subject-02/20200813_154729,16,fp,8,0.0
bad_initial_first8,add_01,20200813-subject-02/20200813_155021,17,residual,64,1200.0
bad_initial_first8,add_01,20200813-subject-02/20200813_155021,17,s0_l1,64,800.0
bad_initial_first8,add_01,20200813-subject-02/20200813_155021,17,s0_l0,64,800.0
bad_initial_first8,add_01,20200813-subject-02/20200813_155021,17,s1_l1,64,700.0
bad_initial_first8,add_01,20200813-subject-02/20200813_155021,17,s1_l0,64,800.0
bad_initial_first8,add_01,20200813-subject-02/20200813_155021,17,fp,64,2200.0
bad_initial_first8,add_01,20200813-subject-02/20200813_155314,18,residual,48,1600.0
bad_initial_first8,add_01,20200813-subject-02/20200813_155314,18,s0_l1,48,1500.0
bad_initial_first8,add_01,20200813-subject-02/20200813_155314,18,s0_l0,48,1700.0
bad_initial_first8,add_01,20200813-subject-02/20200813_155314,18,s1_l1,48,1500.0
bad_initial_first8,add_01,20200813-subject-02/20200813_155314,18,s1_l0,48,1500.0
bad_initial_first8,add_01,20200813-subject-02/20200813_155314,18,fp,48,900.0
bad_initial_first8,add_01,20200813-subject-02/20200813_155633,20,residual,24,1600.0
bad_initial_first8,add_01,20200813-subject-02/20200813_155633,20,s0_l1,24,1600.0
bad_initial_first8,add_01,20200813-subject-02/20200813_155633,20,s0_l0,24,1600.0
bad_initial_first8,add_01,20200813-subject-02/20200813_155633,20,s1_l1,24,1600.0
bad_initial_first8,add_01,20200813-subject-02/20200813_155633,20,s1_l0,24,1600.0
bad_initial_first8,add_01,20200813-subject-02/20200813_155633,20,fp,24,1600.0
bad_initial_first8,add_01,20200813-subject-02/20200813_155953,21,residual,56,600.0
bad_initial_first8,add_01,20200813-subject-02/20200813_155953,21,s0_l1,56,600.0
bad_initial_first8,add_01,20200813-subject-02/20200813_155953,21,s0_l0,56,600.0
bad_initial_first8,add_01,20200813-subject-02/20200813_155953,21,s1_l1,56,600.0
bad_initial_first8,add_01,20200813-subject-02/20200813_155953,21,s1_l0,56,600.0
bad_initial_first8,add_01,20200813-subject-02/20200813_155953,21,fp,56,700.0
bad_initial_first8,adds_005,20200709-subject-01/20200709_142123,1,residual,24,2300.0
bad_initial_first8,adds_005,20200709-subject-01/20200709_142123,1,s0_l1,24,2300.0
bad_initial_first8,adds_005,20200709-subject-01/20200709_142123,1,s0_l0,24,2300.0
bad_initial_first8,adds_005,20200709-subject-01/20200709_142123,1,s1_l1,24,2300.0
bad_initial_first8,adds_005,20200709-subject-01/20200709_142123,1,s1_l0,24,2300.0
bad_initial_first8,adds_005,20200709-subject-01/20200709_142123,1,fp,24,2400.0
bad_initial_first8,adds_005,20200709-subject-01/20200709_142446,2,residual,40,3200.0
bad_initial_first8,adds_005,20200709-subject-01/20200709_142446,2,s0_l1,40,3200.0
bad_initial_first8,adds_005,20200709-subject-01/20200709_142446,2,s0_l0,40,3200.0
bad_initial_first8,adds_005,20200709-subject-01/20200709_142446,2,s1_l1,40,3200.0
bad_initial_first8,adds_005,20200709-subject-01/20200709_142446,2,s1_l0,40,3200.0
bad_initial_first8,adds_005,20200709-subject-01/20200709_142446,2,fp,40,3200.0
bad_initial_first8,adds_005,20200709-subject-01/20200709_142802,3,residual,24,1500.0
bad_initial_first8,adds_005,20200709-subject-01/20200709_142802,3,s0_l1,24,1500.0
bad_initial_first8,adds_005,20200709-subject-01/20200709_142802,3,s0_l0,24,1500.0
bad_initial_first8,adds_005,20200709-subject-01/20200709_142802,3,s1_l1,24,1500.0
bad_initial_first8,adds_005,20200709-subject-01/20200709_142802,3,s1_l0,24,1500.0
bad_initial_first8,adds_005,20200709-subject-01/20200709_142802,3,fp,24,1500.0
bad_initial_first8,adds_005,20200709-subject-01/20200709_143125,4,residual,32,3100.0
bad_initial_first8,adds_005,20200709-subject-01/20200709_143125,4,s0_l1,32,3200.0
bad_initial_first8,adds_005,20200709-subject-01/20200709_143125,4,s0_l0,32,3200.0
bad_initial_first8,adds_005,20200709-subject-01/20200709_143125,4,s1_l1,32,3200.0
bad_initial_first8,adds_005,20200709-subject-01/20200709_143125,4,s1_l0,32,3200.0
bad_initial_first8,adds_005,20200709-subject-01/20200709_143125,4,fp,32,3200.0
bad_initial_first8,adds_005,20200709-subject-01/20200709_143531,5,residual,32,1500.0
bad_initial_first8,adds_005,20200709-subject-01/20200709_143531,5,s0_l1,32,1500.0
bad_initial_first8,adds_005,20200709-subject-01/20200709_143531,5,s0_l0,32,1500.0
bad_initial_first8,adds_005,20200709-subject-01/20200709_143531,5,s1_l1,32,1500.0
bad_initial_first8,adds_005,20200709-subject-01/20200709_143531,5,s1_l0,32,1500.0
bad_initial_first8,adds_005,20200709-subject-01/20200709_143531,5,fp,32,2300.0
bad_initial_first8,adds_005,20200709-subject-01/20200709_143907,6,residual,40,1800.0
bad_initial_first8,adds_005,20200709-subject-01/20200709_143907,6,s0_l1,40,2300.0
bad_initial_first8,adds_005,20200709-subject-01/20200709_143907,6,s0_l0,40,2200.0
bad_initial_first8,adds_005,20200709-subject-01/20200709_143907,6,s1_l1,40,2200.0
bad_initial_first8,adds_005,20200709-subject-01/20200709_143907,6,s1_l0,40,2200.0
bad_initial_first8,adds_005,20200709-subject-01/20200709_143907,6,fp,40,1500.0
bad_initial_first8,adds_005,20200709-subject-01/20200709_144313,7,residual,48,4600.0
bad_initial_first8,adds_005,20200709-subject-01/20200709_144313,7,s0_l1,48,4400.0
bad_initial_first8,adds_005,20200709-subject-01/20200709_144313,7,s0_l0,48,4400.0
bad_initial_first8,adds_005,20200709-subject-01/20200709_144313,7,s1_l1,48,4400.0
bad_initial_first8,adds_005,20200709-subject-01/20200709_144313,7,s1_l0,48,4400.0
bad_initial_first8,adds_005,20200709-subject-01/20200709_144313,7,fp,48,3600.0
bad_initial_first8,adds_005,20200709-subject-01/20200709_144735,8,residual,56,4400.0
bad_initial_first8,adds_005,20200709-subject-01/20200709_144735,8,s0_l1,56,3900.0
bad_initial_first8,adds_005,20200709-subject-01/20200709_144735,8,s0_l0,56,3900.0
bad_initial_first8,adds_005,20200709-subject-01/20200709_144735,8,s1_l1,56,3900.0
bad_initial_first8,adds_005,20200709-subject-01/20200709_144735,8,s1_l0,56,3900.0
bad_initial_first8,adds_005,20200709-subject-01/20200709_144735,8,fp,56,4100.0
bad_initial_first8,adds_005,20200709-subject-01/20200709_145132,9,residual,40,4000.0
bad_initial_first8,adds_005,20200709-subject-01/20200709_145132,9,s0_l1,40,4000.0
bad_initial_first8,adds_005,20200709-subject-01/20200709_145132,9,s0_l0,40,4000.0
bad_initial_first8,adds_005,20200709-subject-01/20200709_145132,9,s1_l1,40,4000.0
bad_initial_first8,adds_005,20200709-subject-01/20200709_145132,9,s1_l0,40,4000.0
bad_initial_first8,adds_005,20200709-subject-01/20200709_145132,9,fp,40,4000.0
bad_initial_first8,adds_005,20200709-subject-01/20200709_145743,10,residual,40,3200.0
bad_initial_first8,adds_005,20200709-subject-01/20200709_145743,10,s0_l1,40,3300.0
bad_initial_first8,adds_005,20200709-subject-01/20200709_145743,10,s0_l0,40,3300.0
bad_initial_first8,adds_005,20200709-subject-01/20200709_145743,10,s1_l1,40,3200.0
bad_initial_first8,adds_005,20200709-subject-01/20200709_145743,10,s1_l0,40,3300.0
bad_initial_first8,adds_005,20200709-subject-01/20200709_145743,10,fp,40,3200.0
bad_initial_first8,adds_005,20200709-subject-01/20200709_150144,11,residual,16,1400.0
bad_initial_first8,adds_005,20200709-subject-01/20200709_150144,11,s0_l1,16,1500.0
bad_initial_first8,adds_005,20200709-subject-01/20200709_150144,11,s0_l0,16,1500.0
bad_initial_first8,adds_005,20200709-subject-01/20200709_150144,11,s1_l1,16,1500.0
bad_initial_first8,adds_005,20200709-subject-01/20200709_150144,11,s1_l0,16,1500.0
bad_initial_first8,adds_005,20200709-subject-01/20200709_150144,11,fp,16,1600.0
bad_initial_first8,adds_005,20200709-subject-01/20200709_150524,12,residual,24,2000.0
bad_initial_first8,adds_005,20200709-subject-01/20200709_150524,12,s0_l1,24,1800.0
bad_initial_first8,adds_005,20200709-subject-01/20200709_150524,12,s0_l0,24,1900.0
bad_initial_first8,adds_005,20200709-subject-01/20200709_150524,12,s1_l1,24,1800.0
bad_initial_first8,adds_005,20200709-subject-01/20200709_150524,12,s1_l0,24,1800.0
bad_initial_first8,adds_005,20200709-subject-01/20200709_150524,12,fp,24,1600.0
bad_initial_first8,adds_005,20200709-subject-01/20200709_150906,13,residual,24,2400.0
bad_initial_first8,adds_005,20200709-subject-01/20200709_150906,13,s0_l1,24,2400.0
bad_initial_first8,adds_005,20200709-subject-01/20200709_150906,13,s0_l0,24,2400.0
bad_initial_first8,adds_005,20200709-subject-01/20200709_150906,13,s1_l1,24,2400.0
bad_initial_first8,adds_005,20200709-subject-01/20200709_150906,13,s1_l0,24,2400.0
bad_initial_first8,adds_005,20200709-subject-01/20200709_150906,13,fp,24,2400.0
bad_initial_first8,adds_005,20200709-subject-01/20200709_151246,14,residual,24,2400.0
bad_initial_first8,adds_005,20200709-subject-01/20200709_151246,14,s0_l1,24,2400.0
bad_initial_first8,adds_005,20200709-subject-01/20200709_151246,14,s0_l0,24,2400.0
bad_initial_first8,adds_005,20200709-subject-01/20200709_151246,14,s1_l1,24,2400.0
bad_initial_first8,adds_005,20200709-subject-01/20200709_151246,14,s1_l0,24,2400.0
bad_initial_first8,adds_005,20200709-subject-01/20200709_151246,14,fp,24,2400.0
bad_initial_first8,adds_005,20200709-subject-01/20200709_151632,15,residual,24,2400.0
bad_initial_first8,adds_005,20200709-subject-01/20200709_151632,15,s0_l1,24,2400.0
bad_initial_first8,adds_005,20200709-subject-01/20200709_151632,15,s0_l0,24,2400.0
bad_initial_first8,adds_005,20200709-subject-01/20200709_151632,15,s1_l1,24,2300.0
bad_initial_first8,adds_005,20200709-subject-01/20200709_151632,15,s1_l0,24,2300.0
bad_initial_first8,adds_005,20200709-subject-01/20200709_151632,15,fp,24,2400.0
bad_initial_first8,adds_005,20200709-subject-01/20200709_151948,16,residual,16,1600.0
bad_initial_first8,adds_005,20200709-subject-01/20200709_151948,16,s0_l1,16,1600.0
bad_initial_first8,adds_005,20200709-subject-01/20200709_151948,16,s0_l0,16,1600.0
bad_initial_first8,adds_005,20200709-subject-01/20200709_151948,16,s1_l1,16,1600.0
bad_initial_first8,adds_005,20200709-subject-01/20200709_151948,16,s1_l0,16,1600.0
bad_initial_first8,adds_005,20200709-subject-01/20200709_151948,16,fp,16,1600.0
bad_initial_first8,adds_005,20200709-subject-01/20200709_152420,17,residual,48,3500.0
bad_initial_first8,adds_005,20200709-subject-01/20200709_152420,17,s0_l1,48,3900.0
bad_initial_first8,adds_005,20200709-subject-01/20200709_152420,17,s0_l0,48,3900.0
bad_initial_first8,adds_005,20200709-subject-01/20200709_152420,17,s1_l1,48,3900.0
bad_initial_first8,adds_005,20200709-subject-01/20200709_152420,17,s1_l0,48,3900.0
bad_initial_first8,adds_005,20200709-subject-01/20200709_152420,17,fp,48,4700.0
bad_initial_first8,adds_005,20200709-subject-01/20200709_152757,18,residual,64,3000.0
bad_initial_first8,adds_005,20200709-subject-01/20200709_152757,18,s0_l1,64,3800.0
bad_initial_first8,adds_005,20200709-subject-01/20200709_152757,18,s0_l0,64,3700.0
bad_initial_first8,adds_005,20200709-subject-01/20200709_152757,18,s1_l1,64,3700.0
bad_initial_first8,adds_005,20200709-subject-01/20200709_152757,18,s1_l0,64,3700.0
bad_initial_first8,adds_005,20200709-subject-01/20200709_152757,18,fp,64,5100.0
bad_initial_first8,adds_005,20200709-subject-01/20200709_153148,20,residual,64,4100.0
bad_initial_first8,adds_005,20200709-subject-01/20200709_153148,20,s0_l1,64,4100.0
bad_initial_first8,adds_005,20200709-subject-01/20200709_153148,20,s0_l0,64,4100.0
bad_initial_first8,adds_005,20200709-subject-01/20200709_153148,20,s1_l1,64,4000.0
bad_initial_first8,adds_005,20200709-subject-01/20200709_153148,20,s1_l0,64,4000.0
bad_initial_first8,adds_005,20200709-subject-01/20200709_153148,20,fp,64,5400.0
bad_initial_first8,adds_005,20200709-subject-01/20200709_153548,21,residual,48,3700.0
bad_initial_first8,adds_005,20200709-subject-01/20200709_153548,21,s0_l1,48,3900.0
bad_initial_first8,adds_005,20200709-subject-01/20200709_153548,21,s0_l0,48,3900.0
bad_initial_first8,adds_005,20200709-subject-01/20200709_153548,21,s1_l1,48,3900.0
bad_initial_first8,adds_005,20200709-subject-01/20200709_153548,21,s1_l0,48,3900.0
bad_initial_first8,adds_005,20200709-subject-01/20200709_153548,21,fp,48,3100.0
bad_initial_first8,adds_005,20200813-subject-02/20200813_145920,2,residual,16,1600.0
bad_initial_first8,adds_005,20200813-subject-02/20200813_145920,2,s0_l1,16,1600.0
bad_initial_first8,adds_005,20200813-subject-02/20200813_145920,2,s0_l0,16,1600.0
bad_initial_first8,adds_005,20200813-subject-02/20200813_145920,2,s1_l1,16,1600.0
bad_initial_first8,adds_005,20200813-subject-02/20200813_145920,2,s1_l0,16,1600.0
bad_initial_first8,adds_005,20200813-subject-02/20200813_145920,2,fp,16,1600.0
bad_initial_first8,adds_005,20200813-subject-02/20200813_150228,3,residual,48,4600.0
bad_initial_first8,adds_005,20200813-subject-02/20200813_150228,3,s0_l1,48,4700.0
bad_initial_first8,adds_005,20200813-subject-02/20200813_150228,3,s0_l0,48,4700.0
bad_initial_first8,adds_005,20200813-subject-02/20200813_150228,3,s1_l1,48,4700.0
bad_initial_first8,adds_005,20200813-subject-02/20200813_150228,3,s1_l0,48,4700.0
bad_initial_first8,adds_005,20200813-subject-02/20200813_150228,3,fp,48,4800.0
bad_initial_first8,adds_005,20200813-subject-02/20200813_150535,4,residual,32,2300.0
bad_initial_first8,adds_005,20200813-subject-02/20200813_150535,4,s0_l1,32,2700.0
bad_initial_first8,adds_005,20200813-subject-02/20200813_150535,4,s0_l0,32,2700.0
bad_initial_first8,adds_005,20200813-subject-02/20200813_150535,4,s1_l1,32,2700.0
bad_initial_first8,adds_005,20200813-subject-02/20200813_150535,4,s1_l0,32,2700.0
bad_initial_first8,adds_005,20200813-subject-02/20200813_150535,4,fp,32,3200.0
bad_initial_first8,adds_005,20200813-subject-02/20200813_150823,5,residual,24,2300.0
bad_initial_first8,adds_005,20200813-subject-02/20200813_150823,5,s0_l1,24,2300.0
bad_initial_first8,adds_005,20200813-subject-02/20200813_150823,5,s0_l0,24,2300.0
bad_initial_first8,adds_005,20200813-subject-02/20200813_150823,5,s1_l1,24,2300.0
bad_initial_first8,adds_005,20200813-subject-02/20200813_150823,5,s1_l0,24,2300.0
bad_initial_first8,adds_005,20200813-subject-02/20200813_150823,5,fp,24,2400.0
bad_initial_first8,adds_005,20200813-subject-02/20200813_151117,6,residual,48,2800.0
bad_initial_first8,adds_005,20200813-subject-02/20200813_151117,6,s0_l1,48,3200.0
bad_initial_first8,adds_005,20200813-subject-02/20200813_151117,6,s0_l0,48,3200.0
bad_initial_first8,adds_005,20200813-subject-02/20200813_151117,6,s1_l1,48,3100.0
bad_initial_first8,adds_005,20200813-subject-02/20200813_151117,6,s1_l0,48,3100.0
bad_initial_first8,adds_005,20200813-subject-02/20200813_151117,6,fp,48,1500.0
bad_initial_first8,adds_005,20200813-subject-02/20200813_151925,7,residual,16,1600.0
bad_initial_first8,adds_005,20200813-subject-02/20200813_151925,7,s0_l1,16,1600.0
bad_initial_first8,adds_005,20200813-subject-02/20200813_151925,7,s0_l0,16,1600.0
bad_initial_first8,adds_005,20200813-subject-02/20200813_151925,7,s1_l1,16,1600.0
bad_initial_first8,adds_005,20200813-subject-02/20200813_151925,7,s1_l0,16,1600.0
bad_initial_first8,adds_005,20200813-subject-02/20200813_151925,7,fp,16,1600.0
bad_initial_first8,adds_005,20200813-subject-02/20200813_152215,8,residual,48,3800.0
bad_initial_first8,adds_005,20200813-subject-02/20200813_152215,8,s0_l1,48,3900.0
bad_initial_first8,adds_005,20200813-subject-02/20200813_152215,8,s0_l0,48,3900.0
bad_initial_first8,adds_005,20200813-subject-02/20200813_152215,8,s1_l1,48,3900.0
bad_initial_first8,adds_005,20200813-subject-02/20200813_152215,8,s1_l0,48,3900.0
bad_initial_first8,adds_005,20200813-subject-02/20200813_152215,8,fp,48,4000.0
bad_initial_first8,adds_005,20200813-subject-02/20200813_152513,9,residual,40,3600.0
bad_initial_first8,adds_005,20200813-subject-02/20200813_152513,9,s0_l1,40,3900.0
bad_initial_first8,adds_005,20200813-subject-02/20200813_152513,9,s0_l0,40,3900.0
bad_initial_first8,adds_005,20200813-subject-02/20200813_152513,9,s1_l1,40,3900.0
bad_initial_first8,adds_005,20200813-subject-02/20200813_152513,9,s1_l0,40,3900.0
bad_initial_first8,adds_005,20200813-subject-02/20200813_152513,9,fp,40,4000.0
bad_initial_first8,adds_005,20200813-subject-02/20200813_152842,10,residual,32,3100.0
bad_initial_first8,adds_005,20200813-subject-02/20200813_152842,10,s0_l1,32,3000.0
bad_initial_first8,adds_005,20200813-subject-02/20200813_152842,10,s0_l0,32,3000.0
bad_initial_first8,adds_005,20200813-subject-02/20200813_152842,10,s1_l1,32,3000.0
bad_initial_first8,adds_005,20200813-subject-02/20200813_152842,10,s1_l0,32,3000.0
bad_initial_first8,adds_005,20200813-subject-02/20200813_152842,10,fp,32,3200.0
bad_initial_first8,adds_005,20200813-subject-02/20200813_153453,12,residual,24,1600.0
bad_initial_first8,adds_005,20200813-subject-02/20200813_153453,12,s0_l1,24,1500.0
bad_initial_first8,adds_005,20200813-subject-02/20200813_153453,12,s0_l0,24,1500.0
bad_initial_first8,adds_005,20200813-subject-02/20200813_153453,12,s1_l1,24,1500.0
bad_initial_first8,adds_005,20200813-subject-02/20200813_153453,12,s1_l0,24,1500.0
bad_initial_first8,adds_005,20200813-subject-02/20200813_153453,12,fp,24,1600.0
bad_initial_first8,adds_005,20200813-subject-02/20200813_153802,13,residual,24,1600.0
bad_initial_first8,adds_005,20200813-subject-02/20200813_153802,13,s0_l1,24,1600.0
bad_initial_first8,adds_005,20200813-subject-02/20200813_153802,13,s0_l0,24,1600.0
bad_initial_first8,adds_005,20200813-subject-02/20200813_153802,13,s1_l1,24,1600.0
bad_initial_first8,adds_005,20200813-subject-02/20200813_153802,13,s1_l0,24,1600.0
bad_initial_first8,adds_005,20200813-subject-02/20200813_153802,13,fp,24,1800.0
bad_initial_first8,adds_005,20200813-subject-02/20200813_154103,14,residual,32,3200.0
bad_initial_first8,adds_005,20200813-subject-02/20200813_154103,14,s0_l1,32,3200.0
bad_initial_first8,adds_005,20200813-subject-02/20200813_154103,14,s0_l0,32,3200.0
bad_initial_first8,adds_005,20200813-subject-02/20200813_154103,14,s1_l1,32,3200.0
bad_initial_first8,adds_005,20200813-subject-02/20200813_154103,14,s1_l0,32,3200.0
bad_initial_first8,adds_005,20200813-subject-02/20200813_154103,14,fp,32,2400.0
bad_initial_first8,adds_005,20200813-subject-02/20200813_154408,15,residual,24,2000.0
bad_initial_first8,adds_005,20200813-subject-02/20200813_154408,15,s0_l1,24,1700.0
bad_initial_first8,adds_005,20200813-subject-02/20200813_154408,15,s0_l0,24,1700.0
bad_initial_first8,adds_005,20200813-subject-02/20200813_154408,15,s1_l1,24,1700.0
bad_initial_first8,adds_005,20200813-subject-02/20200813_154408,15,s1_l0,24,1600.0
bad_initial_first8,adds_005,20200813-subject-02/20200813_154408,15,fp,24,1900.0
bad_initial_first8,adds_005,20200813-subject-02/20200813_154729,16,residual,8,800.0
bad_initial_first8,adds_005,20200813-subject-02/20200813_154729,16,s0_l1,8,700.0
bad_initial_first8,adds_005,20200813-subject-02/20200813_154729,16,s0_l0,8,700.0
bad_initial_first8,adds_005,20200813-subject-02/20200813_154729,16,s1_l1,8,700.0
bad_initial_first8,adds_005,20200813-subject-02/20200813_154729,16,s1_l0,8,700.0
bad_initial_first8,adds_005,20200813-subject-02/20200813_154729,16,fp,8,800.0
bad_initial_first8,adds_005,20200813-subject-02/20200813_155021,17,residual,64,800.0
bad_initial_first8,adds_005,20200813-subject-02/20200813_155021,17,s0_l1,64,900.0
bad_initial_first8,adds_005,20200813-subject-02/20200813_155021,17,s0_l0,64,1000.0
bad_initial_first8,adds_005,20200813-subject-02/20200813_155021,17,s1_l1,64,700.0
bad_initial_first8,adds_005,20200813-subject-02/20200813_155021,17,s1_l0,64,1000.0
bad_initial_first8,adds_005,20200813-subject-02/20200813_155021,17,fp,64,2900.0
bad_initial_first8,adds_005,20200813-subject-02/20200813_155314,18,residual,48,3200.0
bad_initial_first8,adds_005,20200813-subject-02/20200813_155314,18,s0_l1,48,3500.0
bad_initial_first8,adds_005,20200813-subject-02/20200813_155314,18,s0_l0,48,3500.0
bad_initial_first8,adds_005,20200813-subject-02/20200813_155314,18,s1_l1,48,3400.0
bad_initial_first8,adds_005,20200813-subject-02/20200813_155314,18,s1_l0,48,3400.0
bad_initial_first8,adds_005,20200813-subject-02/20200813_155314,18,fp,48,3500.0
bad_initial_first8,adds_005,20200813-subject-02/20200813_155633,20,residual,24,2400.0
bad_initial_first8,adds_005,20200813-subject-02/20200813_155633,20,s0_l1,24,2400.0
bad_initial_first8,adds_005,20200813-subject-02/20200813_155633,20,s0_l0,24,2400.0
bad_initial_first8,adds_005,20200813-subject-02/20200813_155633,20,s1_l1,24,2400.0
bad_initial_first8,adds_005,20200813-subject-02/20200813_155633,20,s1_l0,24,2400.0
bad_initial_first8,adds_005,20200813-subject-02/20200813_155633,20,fp,24,2400.0
bad_initial_first8,adds_005,20200813-subject-02/20200813_155953,21,residual,56,2100.0
bad_initial_first8,adds_005,20200813-subject-02/20200813_155953,21,s0_l1,56,2100.0
bad_initial_first8,adds_005,20200813-subject-02/20200813_155953,21,s0_l0,56,2100.0
bad_initial_first8,adds_005,20200813-subject-02/20200813_155953,21,s1_l1,56,2100.0
bad_initial_first8,adds_005,20200813-subject-02/20200813_155953,21,s1_l0,56,2100.0
bad_initial_first8,adds_005,20200813-subject-02/20200813_155953,21,fp,56,2100.0
bad_initial_first8,adds_01,20200709-subject-01/20200709_142123,1,residual,24,2400.0
bad_initial_first8,adds_01,20200709-subject-01/20200709_142123,1,s0_l1,24,2400.0
bad_initial_first8,adds_01,20200709-subject-01/20200709_142123,1,s0_l0,24,2400.0
bad_initial_first8,adds_01,20200709-subject-01/20200709_142123,1,s1_l1,24,2400.0
bad_initial_first8,adds_01,20200709-subject-01/20200709_142123,1,s1_l0,24,2400.0
bad_initial_first8,adds_01,20200709-subject-01/20200709_142123,1,fp,24,2400.0
bad_initial_first8,adds_01,20200709-subject-01/20200709_142446,2,residual,40,4000.0
bad_initial_first8,adds_01,20200709-subject-01/20200709_142446,2,s0_l1,40,4000.0
bad_initial_first8,adds_01,20200709-subject-01/20200709_142446,2,s0_l0,40,4000.0
bad_initial_first8,adds_01,20200709-subject-01/20200709_142446,2,s1_l1,40,4000.0
bad_initial_first8,adds_01,20200709-subject-01/20200709_142446,2,s1_l0,40,4000.0
bad_initial_first8,adds_01,20200709-subject-01/20200709_142446,2,fp,40,4000.0
bad_initial_first8,adds_01,20200709-subject-01/20200709_142802,3,residual,24,2100.0
bad_initial_first8,adds_01,20200709-subject-01/20200709_142802,3,s0_l1,24,2000.0
bad_initial_first8,adds_01,20200709-subject-01/20200709_142802,3,s0_l0,24,2000.0
bad_initial_first8,adds_01,20200709-subject-01/20200709_142802,3,s1_l1,24,2100.0
bad_initial_first8,adds_01,20200709-subject-01/20200709_142802,3,s1_l0,24,2100.0
bad_initial_first8,adds_01,20200709-subject-01/20200709_142802,3,fp,24,1600.0
bad_initial_first8,adds_01,20200709-subject-01/20200709_143125,4,residual,32,3200.0
bad_initial_first8,adds_01,20200709-subject-01/20200709_143125,4,s0_l1,32,3200.0
bad_initial_first8,adds_01,20200709-subject-01/20200709_143125,4,s0_l0,32,3200.0
bad_initial_first8,adds_01,20200709-subject-01/20200709_143125,4,s1_l1,32,3200.0
bad_initial_first8,adds_01,20200709-subject-01/20200709_143125,4,s1_l0,32,3200.0
bad_initial_first8,adds_01,20200709-subject-01/20200709_143125,4,fp,32,3200.0
bad_initial_first8,adds_01,20200709-subject-01/20200709_143531,5,residual,32,2400.0
bad_initial_first8,adds_01,20200709-subject-01/20200709_143531,5,s0_l1,32,2200.0
bad_initial_first8,adds_01,20200709-subject-01/20200709_143531,5,s0_l0,32,2200.0
bad_initial_first8,adds_01,20200709-subject-01/20200709_143531,5,s1_l1,32,2200.0
bad_initial_first8,adds_01,20200709-subject-01/20200709_143531,5,s1_l0,32,2200.0
bad_initial_first8,adds_01,20200709-subject-01/20200709_143531,5,fp,32,2400.0
bad_initial_first8,adds_01,20200709-subject-01/20200709_143907,6,residual,40,2400.0
bad_initial_first8,adds_01,20200709-subject-01/20200709_143907,6,s0_l1,40,2400.0
bad_initial_first8,adds_01,20200709-subject-01/20200709_143907,6,s0_l0,40,2400.0
bad_initial_first8,adds_01,20200709-subject-01/20200709_143907,6,s1_l1,40,2500.0
bad_initial_first8,adds_01,20200709-subject-01/20200709_143907,6,s1_l0,40,2500.0
bad_initial_first8,adds_01,20200709-subject-01/20200709_143907,6,fp,40,3800.0
bad_initial_first8,adds_01,20200709-subject-01/20200709_144313,7,residual,48,4800.0
bad_initial_first8,adds_01,20200709-subject-01/20200709_144313,7,s0_l1,48,4800.0
bad_initial_first8,adds_01,20200709-subject-01/20200709_144313,7,s0_l0,48,4800.0
bad_initial_first8,adds_01,20200709-subject-01/20200709_144313,7,s1_l1,48,4800.0
bad_initial_first8,adds_01,20200709-subject-01/20200709_144313,7,s1_l0,48,4800.0
bad_initial_first8,adds_01,20200709-subject-01/20200709_144313,7,fp,48,4700.0
bad_initial_first8,adds_01,20200709-subject-01/20200709_144735,8,residual,56,4700.0
bad_initial_first8,adds_01,20200709-subject-01/20200709_144735,8,s0_l1,56,4000.0
bad_initial_first8,adds_01,20200709-subject-01/20200709_144735,8,s0_l0,56,4000.0
bad_initial_first8,adds_01,20200709-subject-01/20200709_144735,8,s1_l1,56,4000.0
bad_initial_first8,adds_01,20200709-subject-01/20200709_144735,8,s1_l0,56,4000.0
bad_initial_first8,adds_01,20200709-subject-01/20200709_144735,8,fp,56,5600.0
bad_initial_first8,adds_01,20200709-subject-01/20200709_145132,9,residual,40,4000.0
bad_initial_first8,adds_01,20200709-subject-01/20200709_145132,9,s0_l1,40,4000.0
bad_initial_first8,adds_01,20200709-subject-01/20200709_145132,9,s0_l0,40,4000.0
bad_initial_first8,adds_01,20200709-subject-01/20200709_145132,9,s1_l1,40,4000.0
bad_initial_first8,adds_01,20200709-subject-01/20200709_145132,9,s1_l0,40,4000.0
bad_initial_first8,adds_01,20200709-subject-01/20200709_145132,9,fp,40,4000.0
bad_initial_first8,adds_01,20200709-subject-01/20200709_145743,10,residual,40,3400.0
bad_initial_first8,adds_01,20200709-subject-01/20200709_145743,10,s0_l1,40,3400.0
bad_initial_first8,adds_01,20200709-subject-01/20200709_145743,10,s0_l0,40,3400.0
bad_initial_first8,adds_01,20200709-subject-01/20200709_145743,10,s1_l1,40,3300.0
bad_initial_first8,adds_01,20200709-subject-01/20200709_145743,10,s1_l0,40,3300.0
bad_initial_first8,adds_01,20200709-subject-01/20200709_145743,10,fp,40,3200.0
bad_initial_first8,adds_01,20200709-subject-01/20200709_150144,11,residual,16,1600.0
bad_initial_first8,adds_01,20200709-subject-01/20200709_150144,11,s0_l1,16,1600.0
bad_initial_first8,adds_01,20200709-subject-01/20200709_150144,11,s0_l0,16,1600.0
bad_initial_first8,adds_01,20200709-subject-01/20200709_150144,11,s1_l1,16,1600.0
bad_initial_first8,adds_01,20200709-subject-01/20200709_150144,11,s1_l0,16,1600.0
bad_initial_first8,adds_01,20200709-subject-01/20200709_150144,11,fp,16,1600.0
bad_initial_first8,adds_01,20200709-subject-01/20200709_150524,12,residual,24,2200.0
bad_initial_first8,adds_01,20200709-subject-01/20200709_150524,12,s0_l1,24,2100.0
bad_initial_first8,adds_01,20200709-subject-01/20200709_150524,12,s0_l0,24,2100.0
bad_initial_first8,adds_01,20200709-subject-01/20200709_150524,12,s1_l1,24,2100.0
bad_initial_first8,adds_01,20200709-subject-01/20200709_150524,12,s1_l0,24,2100.0
bad_initial_first8,adds_01,20200709-subject-01/20200709_150524,12,fp,24,1600.0
bad_initial_first8,adds_01,20200709-subject-01/20200709_150906,13,residual,24,2400.0
bad_initial_first8,adds_01,20200709-subject-01/20200709_150906,13,s0_l1,24,2400.0
bad_initial_first8,adds_01,20200709-subject-01/20200709_150906,13,s0_l0,24,2400.0
bad_initial_first8,adds_01,20200709-subject-01/20200709_150906,13,s1_l1,24,2400.0
bad_initial_first8,adds_01,20200709-subject-01/20200709_150906,13,s1_l0,24,2400.0
bad_initial_first8,adds_01,20200709-subject-01/20200709_150906,13,fp,24,2400.0
bad_initial_first8,adds_01,20200709-subject-01/20200709_151246,14,residual,24,2400.0
bad_initial_first8,adds_01,20200709-subject-01/20200709_151246,14,s0_l1,24,2400.0
bad_initial_first8,adds_01,20200709-subject-01/20200709_151246,14,s0_l0,24,2400.0
bad_initial_first8,adds_01,20200709-subject-01/20200709_151246,14,s1_l1,24,2400.0
bad_initial_first8,adds_01,20200709-subject-01/20200709_151246,14,s1_l0,24,2400.0
bad_initial_first8,adds_01,20200709-subject-01/20200709_151246,14,fp,24,2400.0
bad_initial_first8,adds_01,20200709-subject-01/20200709_151632,15,residual,24,2400.0
bad_initial_first8,adds_01,20200709-subject-01/20200709_151632,15,s0_l1,24,2400.0
bad_initial_first8,adds_01,20200709-subject-01/20200709_151632,15,s0_l0,24,2400.0
bad_initial_first8,adds_01,20200709-subject-01/20200709_151632,15,s1_l1,24,2400.0
bad_initial_first8,adds_01,20200709-subject-01/20200709_151632,15,s1_l0,24,2400.0
bad_initial_first8,adds_01,20200709-subject-01/20200709_151632,15,fp,24,2400.0
bad_initial_first8,adds_01,20200709-subject-01/20200709_151948,16,residual,16,1600.0
bad_initial_first8,adds_01,20200709-subject-01/20200709_151948,16,s0_l1,16,1600.0
bad_initial_first8,adds_01,20200709-subject-01/20200709_151948,16,s0_l0,16,1600.0
bad_initial_first8,adds_01,20200709-subject-01/20200709_151948,16,s1_l1,16,1600.0
bad_initial_first8,adds_01,20200709-subject-01/20200709_151948,16,s1_l0,16,1600.0
bad_initial_first8,adds_01,20200709-subject-01/20200709_151948,16,fp,16,1600.0
bad_initial_first8,adds_01,20200709-subject-01/20200709_152420,17,residual,48,4000.0
bad_initial_first8,adds_01,20200709-subject-01/20200709_152420,17,s0_l1,48,4000.0
bad_initial_first8,adds_01,20200709-subject-01/20200709_152420,17,s0_l0,48,4000.0
bad_initial_first8,adds_01,20200709-subject-01/20200709_152420,17,s1_l1,48,4000.0
bad_initial_first8,adds_01,20200709-subject-01/20200709_152420,17,s1_l0,48,4000.0
bad_initial_first8,adds_01,20200709-subject-01/20200709_152420,17,fp,48,4700.0
bad_initial_first8,adds_01,20200709-subject-01/20200709_152757,18,residual,64,4600.0
bad_initial_first8,adds_01,20200709-subject-01/20200709_152757,18,s0_l1,64,4800.0
bad_initial_first8,adds_01,20200709-subject-01/20200709_152757,18,s0_l0,64,4700.0
bad_initial_first8,adds_01,20200709-subject-01/20200709_152757,18,s1_l1,64,4800.0
bad_initial_first8,adds_01,20200709-subject-01/20200709_152757,18,s1_l0,64,4800.0
bad_initial_first8,adds_01,20200709-subject-01/20200709_152757,18,fp,64,5300.0
bad_initial_first8,adds_01,20200709-subject-01/20200709_153148,20,residual,64,5600.0
bad_initial_first8,adds_01,20200709-subject-01/20200709_153148,20,s0_l1,64,5200.0
bad_initial_first8,adds_01,20200709-subject-01/20200709_153148,20,s0_l0,64,5200.0
bad_initial_first8,adds_01,20200709-subject-01/20200709_153148,20,s1_l1,64,5100.0
bad_initial_first8,adds_01,20200709-subject-01/20200709_153148,20,s1_l0,64,5100.0
bad_initial_first8,adds_01,20200709-subject-01/20200709_153148,20,fp,64,5600.0
bad_initial_first8,adds_01,20200709-subject-01/20200709_153548,21,residual,48,4800.0
bad_initial_first8,adds_01,20200709-subject-01/20200709_153548,21,s0_l1,48,4800.0
bad_initial_first8,adds_01,20200709-subject-01/20200709_153548,21,s0_l0,48,4800.0
bad_initial_first8,adds_01,20200709-subject-01/20200709_153548,21,s1_l1,48,4800.0
bad_initial_first8,adds_01,20200709-subject-01/20200709_153548,21,s1_l0,48,4800.0
bad_initial_first8,adds_01,20200709-subject-01/20200709_153548,21,fp,48,4700.0
bad_initial_first8,adds_01,20200813-subject-02/20200813_145920,2,residual,16,1600.0
bad_initial_first8,adds_01,20200813-subject-02/20200813_145920,2,s0_l1,16,1600.0
bad_initial_first8,adds_01,20200813-subject-02/20200813_145920,2,s0_l0,16,1600.0
bad_initial_first8,adds_01,20200813-subject-02/20200813_145920,2,s1_l1,16,1600.0
bad_initial_first8,adds_01,20200813-subject-02/20200813_145920,2,s1_l0,16,1600.0
bad_initial_first8,adds_01,20200813-subject-02/20200813_145920,2,fp,16,1600.0
bad_initial_first8,adds_01,20200813-subject-02/20200813_150228,3,residual,48,4800.0
bad_initial_first8,adds_01,20200813-subject-02/20200813_150228,3,s0_l1,48,4800.0
bad_initial_first8,adds_01,20200813-subject-02/20200813_150228,3,s0_l0,48,4800.0
bad_initial_first8,adds_01,20200813-subject-02/20200813_150228,3,s1_l1,48,4800.0
bad_initial_first8,adds_01,20200813-subject-02/20200813_150228,3,s1_l0,48,4800.0
bad_initial_first8,adds_01,20200813-subject-02/20200813_150228,3,fp,48,4800.0
bad_initial_first8,adds_01,20200813-subject-02/20200813_150535,4,residual,32,3200.0
bad_initial_first8,adds_01,20200813-subject-02/20200813_150535,4,s0_l1,32,3200.0
bad_initial_first8,adds_01,20200813-subject-02/20200813_150535,4,s0_l0,32,3200.0
bad_initial_first8,adds_01,20200813-subject-02/20200813_150535,4,s1_l1,32,3200.0
bad_initial_first8,adds_01,20200813-subject-02/20200813_150535,4,s1_l0,32,3200.0
bad_initial_first8,adds_01,20200813-subject-02/20200813_150535,4,fp,32,3200.0
bad_initial_first8,adds_01,20200813-subject-02/20200813_150823,5,residual,24,2400.0
bad_initial_first8,adds_01,20200813-subject-02/20200813_150823,5,s0_l1,24,2400.0
bad_initial_first8,adds_01,20200813-subject-02/20200813_150823,5,s0_l0,24,2400.0
bad_initial_first8,adds_01,20200813-subject-02/20200813_150823,5,s1_l1,24,2400.0
bad_initial_first8,adds_01,20200813-subject-02/20200813_150823,5,s1_l0,24,2400.0
bad_initial_first8,adds_01,20200813-subject-02/20200813_150823,5,fp,24,2400.0
bad_initial_first8,adds_01,20200813-subject-02/20200813_151117,6,residual,48,3200.0
bad_initial_first8,adds_01,20200813-subject-02/20200813_151117,6,s0_l1,48,3600.0
bad_initial_first8,adds_01,20200813-subject-02/20200813_151117,6,s0_l0,48,3600.0
bad_initial_first8,adds_01,20200813-subject-02/20200813_151117,6,s1_l1,48,3400.0
bad_initial_first8,adds_01,20200813-subject-02/20200813_151117,6,s1_l0,48,3400.0
bad_initial_first8,adds_01,20200813-subject-02/20200813_151117,6,fp,48,4500.0
bad_initial_first8,adds_01,20200813-subject-02/20200813_151925,7,residual,16,1600.0
bad_initial_first8,adds_01,20200813-subject-02/20200813_151925,7,s0_l1,16,1600.0
bad_initial_first8,adds_01,20200813-subject-02/20200813_151925,7,s0_l0,16,1600.0
bad_initial_first8,adds_01,20200813-subject-02/20200813_151925,7,s1_l1,16,1600.0
bad_initial_first8,adds_01,20200813-subject-02/20200813_151925,7,s1_l0,16,1600.0
bad_initial_first8,adds_01,20200813-subject-02/20200813_151925,7,fp,16,1600.0
bad_initial_first8,adds_01,20200813-subject-02/20200813_152215,8,residual,48,4700.0
bad_initial_first8,adds_01,20200813-subject-02/20200813_152215,8,s0_l1,48,4800.0
bad_initial_first8,adds_01,20200813-subject-02/20200813_152215,8,s0_l0,48,4800.0
bad_initial_first8,adds_01,20200813-subject-02/20200813_152215,8,s1_l1,48,4800.0
bad_initial_first8,adds_01,20200813-subject-02/20200813_152215,8,s1_l0,48,4800.0
bad_initial_first8,adds_01,20200813-subject-02/20200813_152215,8,fp,48,4800.0
bad_initial_first8,adds_01,20200813-subject-02/20200813_152513,9,residual,40,4000.0
bad_initial_first8,adds_01,20200813-subject-02/20200813_152513,9,s0_l1,40,3900.0
bad_initial_first8,adds_01,20200813-subject-02/20200813_152513,9,s0_l0,40,3900.0
bad_initial_first8,adds_01,20200813-subject-02/20200813_152513,9,s1_l1,40,3900.0
bad_initial_first8,adds_01,20200813-subject-02/20200813_152513,9,s1_l0,40,3900.0
bad_initial_first8,adds_01,20200813-subject-02/20200813_152513,9,fp,40,4000.0
bad_initial_first8,adds_01,20200813-subject-02/20200813_152842,10,residual,32,3200.0
bad_initial_first8,adds_01,20200813-subject-02/20200813_152842,10,s0_l1,32,3200.0
bad_initial_first8,adds_01,20200813-subject-02/20200813_152842,10,s0_l0,32,3200.0
bad_initial_first8,adds_01,20200813-subject-02/20200813_152842,10,s1_l1,32,3200.0
bad_initial_first8,adds_01,20200813-subject-02/20200813_152842,10,s1_l0,32,3200.0
bad_initial_first8,adds_01,20200813-subject-02/20200813_152842,10,fp,32,3200.0
bad_initial_first8,adds_01,20200813-subject-02/20200813_153453,12,residual,24,1600.0
bad_initial_first8,adds_01,20200813-subject-02/20200813_153453,12,s0_l1,24,2300.0
bad_initial_first8,adds_01,20200813-subject-02/20200813_153453,12,s0_l0,24,2300.0
bad_initial_first8,adds_01,20200813-subject-02/20200813_153453,12,s1_l1,24,2300.0
bad_initial_first8,adds_01,20200813-subject-02/20200813_153453,12,s1_l0,24,2300.0
bad_initial_first8,adds_01,20200813-subject-02/20200813_153453,12,fp,24,2300.0
bad_initial_first8,adds_01,20200813-subject-02/20200813_153802,13,residual,24,1600.0
bad_initial_first8,adds_01,20200813-subject-02/20200813_153802,13,s0_l1,24,1600.0
bad_initial_first8,adds_01,20200813-subject-02/20200813_153802,13,s0_l0,24,1600.0
bad_initial_first8,adds_01,20200813-subject-02/20200813_153802,13,s1_l1,24,1600.0
bad_initial_first8,adds_01,20200813-subject-02/20200813_153802,13,s1_l0,24,1600.0
bad_initial_first8,adds_01,20200813-subject-02/20200813_153802,13,fp,24,1800.0
bad_initial_first8,adds_01,20200813-subject-02/20200813_154103,14,residual,32,3200.0
bad_initial_first8,adds_01,20200813-subject-02/20200813_154103,14,s0_l1,32,3200.0
bad_initial_first8,adds_01,20200813-subject-02/20200813_154103,14,s0_l0,32,3200.0
bad_initial_first8,adds_01,20200813-subject-02/20200813_154103,14,s1_l1,32,3200.0
bad_initial_first8,adds_01,20200813-subject-02/20200813_154103,14,s1_l0,32,3200.0
bad_initial_first8,adds_01,20200813-subject-02/20200813_154103,14,fp,32,2400.0
bad_initial_first8,adds_01,20200813-subject-02/20200813_154408,15,residual,24,2400.0
bad_initial_first8,adds_01,20200813-subject-02/20200813_154408,15,s0_l1,24,2300.0
bad_initial_first8,adds_01,20200813-subject-02/20200813_154408,15,s0_l0,24,2200.0
bad_initial_first8,adds_01,20200813-subject-02/20200813_154408,15,s1_l1,24,2200.0
bad_initial_first8,adds_01,20200813-subject-02/20200813_154408,15,s1_l0,24,2200.0
bad_initial_first8,adds_01,20200813-subject-02/20200813_154408,15,fp,24,2300.0
bad_initial_first8,adds_01,20200813-subject-02/20200813_154729,16,residual,8,800.0
bad_initial_first8,adds_01,20200813-subject-02/20200813_154729,16,s0_l1,8,800.0
bad_initial_first8,adds_01,20200813-subject-02/20200813_154729,16,s0_l0,8,800.0
bad_initial_first8,adds_01,20200813-subject-02/20200813_154729,16,s1_l1,8,800.0
bad_initial_first8,adds_01,20200813-subject-02/20200813_154729,16,s1_l0,8,800.0
bad_initial_first8,adds_01,20200813-subject-02/20200813_154729,16,fp,8,800.0
bad_initial_first8,adds_01,20200813-subject-02/20200813_155021,17,residual,64,4000.0
bad_initial_first8,adds_01,20200813-subject-02/20200813_155021,17,s0_l1,64,4000.0
bad_initial_first8,adds_01,20200813-subject-02/20200813_155021,17,s0_l0,64,4000.0
bad_initial_first8,adds_01,20200813-subject-02/20200813_155021,17,s1_l1,64,4200.0
bad_initial_first8,adds_01,20200813-subject-02/20200813_155021,17,s1_l0,64,4000.0
bad_initial_first8,adds_01,20200813-subject-02/20200813_155021,17,fp,64,3200.0
bad_initial_first8,adds_01,20200813-subject-02/20200813_155314,18,residual,48,3700.0
bad_initial_first8,adds_01,20200813-subject-02/20200813_155314,18,s0_l1,48,3900.0
bad_initial_first8,adds_01,20200813-subject-02/20200813_155314,18,s0_l0,48,3900.0
bad_initial_first8,adds_01,20200813-subject-02/20200813_155314,18,s1_l1,48,3900.0
bad_initial_first8,adds_01,20200813-subject-02/20200813_155314,18,s1_l0,48,3900.0
bad_initial_first8,adds_01,20200813-subject-02/20200813_155314,18,fp,48,4400.0
bad_initial_first8,adds_01,20200813-subject-02/20200813_155633,20,residual,24,2400.0
bad_initial_first8,adds_01,20200813-subject-02/20200813_155633,20,s0_l1,24,2400.0
bad_initial_first8,adds_01,20200813-subject-02/20200813_155633,20,s0_l0,24,2400.0
bad_initial_first8,adds_01,20200813-subject-02/20200813_155633,20,s1_l1,24,2400.0
bad_initial_first8,adds_01,20200813-subject-02/20200813_155633,20,s1_l0,24,2400.0
bad_initial_first8,adds_01,20200813-subject-02/20200813_155633,20,fp,24,2400.0
bad_initial_first8,adds_01,20200813-subject-02/20200813_155953,21,residual,56,5300.0
bad_initial_first8,adds_01,20200813-subject-02/20200813_155953,21,s0_l1,56,5600.0
bad_initial_first8,adds_01,20200813-subject-02/20200813_155953,21,s0_l0,56,5500.0
bad_initial_first8,adds_01,20200813-subject-02/20200813_155953,21,s1_l1,56,5500.0
bad_initial_first8,adds_01,20200813-subject-02/20200813_155953,21,s1_l0,56,5600.0
bad_initial_first8,adds_01,20200813-subject-02/20200813_155953,21,fp,56,5200.0
bad_initial_first8,rotation_deg,20200709-subject-01/20200709_142123,1,residual,24,1563.1432738304138
bad_initial_first8,rotation_deg,20200709-subject-01/20200709_142123,1,s0_l1,24,1574.0249381065369
bad_initial_first8,rotation_deg,20200709-subject-01/20200709_142123,1,s0_l0,24,1573.1859955787659
bad_initial_first8,rotation_deg,20200709-subject-01/20200709_142123,1,s1_l1,24,1573.4827427864075
bad_initial_first8,rotation_deg,20200709-subject-01/20200709_142123,1,s1_l0,24,1571.8620519638062
bad_initial_first8,rotation_deg,20200709-subject-01/20200709_142123,1,fp,24,1524.651123046875
bad_initial_first8,rotation_deg,20200709-subject-01/20200709_142446,2,residual,40,751.1203759908676
bad_initial_first8,rotation_deg,20200709-subject-01/20200709_142446,2,s0_l1,40,741.7111794054508
bad_initial_first8,rotation_deg,20200709-subject-01/20200709_142446,2,s0_l0,40,742.1298742294312
bad_initial_first8,rotation_deg,20200709-subject-01/20200709_142446,2,s1_l1,40,745.1282902359962
bad_initial_first8,rotation_deg,20200709-subject-01/20200709_142446,2,s1_l0,40,745.6881818771362
bad_initial_first8,rotation_deg,20200709-subject-01/20200709_142446,2,fp,40,767.0484429001808
bad_initial_first8,rotation_deg,20200709-subject-01/20200709_142802,3,residual,24,2339.258894085884
bad_initial_first8,rotation_deg,20200709-subject-01/20200709_142802,3,s0_l1,24,2345.927044272423
bad_initial_first8,rotation_deg,20200709-subject-01/20200709_142802,3,s0_l0,24,2351.168853521347
bad_initial_first8,rotation_deg,20200709-subject-01/20200709_142802,3,s1_l1,24,2348.1346728801727
bad_initial_first8,rotation_deg,20200709-subject-01/20200709_142802,3,s1_l0,24,2348.4974786043167
bad_initial_first8,rotation_deg,20200709-subject-01/20200709_142802,3,fp,24,2340.1576297283173
bad_initial_first8,rotation_deg,20200709-subject-01/20200709_143125,4,residual,32,2027.345425605774
bad_initial_first8,rotation_deg,20200709-subject-01/20200709_143125,4,s0_l1,32,2097.5734062194824
bad_initial_first8,rotation_deg,20200709-subject-01/20200709_143125,4,s0_l0,32,2093.936234474182
bad_initial_first8,rotation_deg,20200709-subject-01/20200709_143125,4,s1_l1,32,2094.299355506897
bad_initial_first8,rotation_deg,20200709-subject-01/20200709_143125,4,s1_l0,32,2089.398673057556
bad_initial_first8,rotation_deg,20200709-subject-01/20200709_143125,4,fp,32,1622.89883518219
bad_initial_first8,rotation_deg,20200709-subject-01/20200709_143531,5,residual,32,1487.4792721271515
bad_initial_first8,rotation_deg,20200709-subject-01/20200709_143531,5,s0_l1,32,1801.9356577396393
bad_initial_first8,rotation_deg,20200709-subject-01/20200709_143531,5,s0_l0,32,1803.62353515625
bad_initial_first8,rotation_deg,20200709-subject-01/20200709_143531,5,s1_l1,32,1839.306917667389
bad_initial_first8,rotation_deg,20200709-subject-01/20200709_143531,5,s1_l0,32,1834.591842532158
bad_initial_first8,rotation_deg,20200709-subject-01/20200709_143531,5,fp,32,1423.7631519138813
bad_initial_first8,rotation_deg,20200709-subject-01/20200709_143907,6,residual,40,1740.5647654533386
bad_initial_first8,rotation_deg,20200709-subject-01/20200709_143907,6,s0_l1,40,1775.4610736370087
bad_initial_first8,rotation_deg,20200709-subject-01/20200709_143907,6,s0_l0,40,1774.988694190979
bad_initial_first8,rotation_deg,20200709-subject-01/20200709_143907,6,s1_l1,40,1761.3173968791962
bad_initial_first8,rotation_deg,20200709-subject-01/20200709_143907,6,s1_l0,40,1759.3684113025665
bad_initial_first8,rotation_deg,20200709-subject-01/20200709_143907,6,fp,40,1908.918894290924
bad_initial_first8,rotation_deg,20200709-subject-01/20200709_144313,7,residual,48,2202.3712755441666
bad_initial_first8,rotation_deg,20200709-subject-01/20200709_144313,7,s0_l1,48,2201.303027689457
bad_initial_first8,rotation_deg,20200709-subject-01/20200709_144313,7,s0_l0,48,2202.856054544449
bad_initial_first8,rotation_deg,20200709-subject-01/20200709_144313,7,s1_l1,48,2203.1511083841324
bad_initial_first8,rotation_deg,20200709-subject-01/20200709_144313,7,s1_l0,48,2202.057765483856
bad_initial_first8,rotation_deg,20200709-subject-01/20200709_144313,7,fp,48,2221.3504679203033
bad_initial_first8,rotation_deg,20200709-subject-01/20200709_144735,8,residual,56,754.8585333824158
bad_initial_first8,rotation_deg,20200709-subject-01/20200709_144735,8,s0_l1,56,682.1618609428406
bad_initial_first8,rotation_deg,20200709-subject-01/20200709_144735,8,s0_l0,56,685.513069152832
bad_initial_first8,rotation_deg,20200709-subject-01/20200709_144735,8,s1_l1,56,659.9438490867615
bad_initial_first8,rotation_deg,20200709-subject-01/20200709_144735,8,s1_l0,56,661.0277135372162
bad_initial_first8,rotation_deg,20200709-subject-01/20200709_144735,8,fp,56,355.8832805156708
bad_initial_first8,rotation_deg,20200709-subject-01/20200709_145132,9,residual,40,124.46344220638275
bad_initial_first8,rotation_deg,20200709-subject-01/20200709_145132,9,s0_l1,40,133.7121724486351
bad_initial_first8,rotation_deg,20200709-subject-01/20200709_145132,9,s0_l0,40,131.7295744419098
bad_initial_first8,rotation_deg,20200709-subject-01/20200709_145132,9,s1_l1,40,139.52523481845856
bad_initial_first8,rotation_deg,20200709-subject-01/20200709_145132,9,s1_l0,40,141.65852308273315
bad_initial_first8,rotation_deg,20200709-subject-01/20200709_145132,9,fp,40,71.31918618083
bad_initial_first8,rotation_deg,20200709-subject-01/20200709_145743,10,residual,40,811.7714853286743
bad_initial_first8,rotation_deg,20200709-subject-01/20200709_145743,10,s0_l1,40,878.5214915275574
bad_initial_first8,rotation_deg,20200709-subject-01/20200709_145743,10,s0_l0,40,882.8362858295441
bad_initial_first8,rotation_deg,20200709-subject-01/20200709_145743,10,s1_l1,40,955.6391671895981
bad_initial_first8,rotation_deg,20200709-subject-01/20200709_145743,10,s1_l0,40,886.6184695959091
bad_initial_first8,rotation_deg,20200709-subject-01/20200709_145743,10,fp,40,972.5547871589661
bad_initial_first8,rotation_deg,20200709-subject-01/20200709_150144,11,residual,16,119.84392654895782
bad_initial_first8,rotation_deg,20200709-subject-01/20200709_150144,11,s0_l1,16,162.72084152698517
bad_initial_first8,rotation_deg,20200709-subject-01/20200709_150144,11,s0_l0,16,161.46047312021255
bad_initial_first8,rotation_deg,20200709-subject-01/20200709_150144,11,s1_l1,16,165.358000934124
bad_initial_first8,rotation_deg,20200709-subject-01/20200709_150144,11,s1_l0,16,153.6640663743019
bad_initial_first8,rotation_deg,20200709-subject-01/20200709_150144,11,fp,16,52.064186096191406
bad_initial_first8,rotation_deg,20200709-subject-01/20200709_150524,12,residual,24,1250.785044312477
bad_initial_first8,rotation_deg,20200709-subject-01/20200709_150524,12,s0_l1,24,1223.3790074586868
bad_initial_first8,rotation_deg,20200709-subject-01/20200709_150524,12,s0_l0,24,1228.811749458313
bad_initial_first8,rotation_deg,20200709-subject-01/20200709_150524,12,s1_l1,24,1218.0718780755997
bad_initial_first8,rotation_deg,20200709-subject-01/20200709_150524,12,s1_l0,24,1220.603324174881
bad_initial_first8,rotation_deg,20200709-subject-01/20200709_150524,12,fp,24,948.9427372217178
bad_initial_first8,rotation_deg,20200709-subject-01/20200709_150906,13,residual,24,512.7782869338989
bad_initial_first8,rotation_deg,20200709-subject-01/20200709_150906,13,s0_l1,24,519.2982492446899
bad_initial_first8,rotation_deg,20200709-subject-01/20200709_150906,13,s0_l0,24,518.805890083313
bad_initial_first8,rotation_deg,20200709-subject-01/20200709_150906,13,s1_l1,24,524.4756126403809
bad_initial_first8,rotation_deg,20200709-subject-01/20200709_150906,13,s1_l0,24,526.3739356994629
bad_initial_first8,rotation_deg,20200709-subject-01/20200709_150906,13,fp,24,658.956484079361
bad_initial_first8,rotation_deg,20200709-subject-01/20200709_151246,14,residual,24,253.15421056747437
bad_initial_first8,rotation_deg,20200709-subject-01/20200709_151246,14,s0_l1,24,241.27389800548553
bad_initial_first8,rotation_deg,20200709-subject-01/20200709_151246,14,s0_l0,24,241.7623029947281
bad_initial_first8,rotation_deg,20200709-subject-01/20200709_151246,14,s1_l1,24,243.27491807937622
bad_initial_first8,rotation_deg,20200709-subject-01/20200709_151246,14,s1_l0,24,243.66607785224915
bad_initial_first8,rotation_deg,20200709-subject-01/20200709_151246,14,fp,24,344.64789950847626
bad_initial_first8,rotation_deg,20200709-subject-01/20200709_151632,15,residual,24,161.32851552963257
bad_initial_first8,rotation_deg,20200709-subject-01/20200709_151632,15,s0_l1,24,170.4193971157074
bad_initial_first8,rotation_deg,20200709-subject-01/20200709_151632,15,s0_l0,24,169.33539879322052
bad_initial_first8,rotation_deg,20200709-subject-01/20200709_151632,15,s1_l1,24,179.66857838630676
bad_initial_first8,rotation_deg,20200709-subject-01/20200709_151632,15,s1_l0,24,178.80671346187592
bad_initial_first8,rotation_deg,20200709-subject-01/20200709_151632,15,fp,24,70.0671374797821
bad_initial_first8,rotation_deg,20200709-subject-01/20200709_151948,16,residual,16,1487.9038298130035
bad_initial_first8,rotation_deg,20200709-subject-01/20200709_151948,16,s0_l1,16,1479.220641374588
bad_initial_first8,rotation_deg,20200709-subject-01/20200709_151948,16,s0_l0,16,1480.0373010635376
bad_initial_first8,rotation_deg,20200709-subject-01/20200709_151948,16,s1_l1,16,1477.8617067337036
bad_initial_first8,rotation_deg,20200709-subject-01/20200709_151948,16,s1_l0,16,1476.1843032836914
bad_initial_first8,rotation_deg,20200709-subject-01/20200709_151948,16,fp,16,1455.0157668590546
bad_initial_first8,rotation_deg,20200709-subject-01/20200709_152420,17,residual,48,3026.8353505134583
bad_initial_first8,rotation_deg,20200709-subject-01/20200709_152420,17,s0_l1,48,3006.056478738785
bad_initial_first8,rotation_deg,20200709-subject-01/20200709_152420,17,s0_l0,48,3007.8297386169434
bad_initial_first8,rotation_deg,20200709-subject-01/20200709_152420,17,s1_l1,48,2987.1019057035446
bad_initial_first8,rotation_deg,20200709-subject-01/20200709_152420,17,s1_l0,48,2986.799260854721
bad_initial_first8,rotation_deg,20200709-subject-01/20200709_152420,17,fp,48,2943.620980978012
bad_initial_first8,rotation_deg,20200709-subject-01/20200709_152757,18,residual,64,2292.95570230484
bad_initial_first8,rotation_deg,20200709-subject-01/20200709_152757,18,s0_l1,64,2215.9021421670914
bad_initial_first8,rotation_deg,20200709-subject-01/20200709_152757,18,s0_l0,64,2195.6361511945724
bad_initial_first8,rotation_deg,20200709-subject-01/20200709_152757,18,s1_l1,64,2209.0322408676147
bad_initial_first8,rotation_deg,20200709-subject-01/20200709_152757,18,s1_l0,64,2195.6368069648743
bad_initial_first8,rotation_deg,20200709-subject-01/20200709_152757,18,fp,64,2061.3682153224945
bad_initial_first8,rotation_deg,20200709-subject-01/20200709_153148,20,residual,64,7115.278213977814
bad_initial_first8,rotation_deg,20200709-subject-01/20200709_153148,20,s0_l1,64,7139.122570037842
bad_initial_first8,rotation_deg,20200709-subject-01/20200709_153148,20,s0_l0,64,7122.6127009391785
bad_initial_first8,rotation_deg,20200709-subject-01/20200709_153148,20,s1_l1,64,7139.0228180885315
bad_initial_first8,rotation_deg,20200709-subject-01/20200709_153148,20,s1_l0,64,7118.699301242828
bad_initial_first8,rotation_deg,20200709-subject-01/20200709_153148,20,fp,64,7132.043048977852
bad_initial_first8,rotation_deg,20200709-subject-01/20200709_153548,21,residual,48,5001.830947160721
bad_initial_first8,rotation_deg,20200709-subject-01/20200709_153548,21,s0_l1,48,5021.6859484910965
bad_initial_first8,rotation_deg,20200709-subject-01/20200709_153548,21,s0_l0,48,5020.797221064568
bad_initial_first8,rotation_deg,20200709-subject-01/20200709_153548,21,s1_l1,48,5037.472498416901
bad_initial_first8,rotation_deg,20200709-subject-01/20200709_153548,21,s1_l0,48,5038.062129497528
bad_initial_first8,rotation_deg,20200709-subject-01/20200709_153548,21,fp,48,5670.165740132332
bad_initial_first8,rotation_deg,20200813-subject-02/20200813_145920,2,residual,16,26.45801556110382
bad_initial_first8,rotation_deg,20200813-subject-02/20200813_145920,2,s0_l1,16,27.362220883369446
bad_initial_first8,rotation_deg,20200813-subject-02/20200813_145920,2,s0_l0,16,26.797039687633514
bad_initial_first8,rotation_deg,20200813-subject-02/20200813_145920,2,s1_l1,16,26.01733022928238
bad_initial_first8,rotation_deg,20200813-subject-02/20200813_145920,2,s1_l0,16,25.95748770236969
bad_initial_first8,rotation_deg,20200813-subject-02/20200813_145920,2,fp,16,11.121694296598434
bad_initial_first8,rotation_deg,20200813-subject-02/20200813_150228,3,residual,48,172.20687371492386
bad_initial_first8,rotation_deg,20200813-subject-02/20200813_150228,3,s0_l1,48,168.9009643793106
bad_initial_first8,rotation_deg,20200813-subject-02/20200813_150228,3,s0_l0,48,167.9359850883484
bad_initial_first8,rotation_deg,20200813-subject-02/20200813_150228,3,s1_l1,48,174.70988070964813
bad_initial_first8,rotation_deg,20200813-subject-02/20200813_150228,3,s1_l0,48,173.9736067056656
bad_initial_first8,rotation_deg,20200813-subject-02/20200813_150228,3,fp,48,97.21863549947739
bad_initial_first8,rotation_deg,20200813-subject-02/20200813_150535,4,residual,32,541.1539936065674
bad_initial_first8,rotation_deg,20200813-subject-02/20200813_150535,4,s0_l1,32,540.6428632736206
bad_initial_first8,rotation_deg,20200813-subject-02/20200813_150535,4,s0_l0,32,542.6406135559082
bad_initial_first8,rotation_deg,20200813-subject-02/20200813_150535,4,s1_l1,32,538.0262236595154
bad_initial_first8,rotation_deg,20200813-subject-02/20200813_150535,4,s1_l0,32,541.6726274490356
bad_initial_first8,rotation_deg,20200813-subject-02/20200813_150535,4,fp,32,115.43101859092712
bad_initial_first8,rotation_deg,20200813-subject-02/20200813_150823,5,residual,24,227.92367219924927
bad_initial_first8,rotation_deg,20200813-subject-02/20200813_150823,5,s0_l1,24,228.38456165790558
bad_initial_first8,rotation_deg,20200813-subject-02/20200813_150823,5,s0_l0,24,229.55701231956482
bad_initial_first8,rotation_deg,20200813-subject-02/20200813_150823,5,s1_l1,24,237.7621557712555
bad_initial_first8,rotation_deg,20200813-subject-02/20200813_150823,5,s1_l0,24,241.8822615146637
bad_initial_first8,rotation_deg,20200813-subject-02/20200813_150823,5,fp,24,84.41192543506622
bad_initial_first8,rotation_deg,20200813-subject-02/20200813_151117,6,residual,48,1326.5674753189087
bad_initial_first8,rotation_deg,20200813-subject-02/20200813_151117,6,s0_l1,48,902.4628553390503
bad_initial_first8,rotation_deg,20200813-subject-02/20200813_151117,6,s0_l0,48,908.0869979858398
bad_initial_first8,rotation_deg,20200813-subject-02/20200813_151117,6,s1_l1,48,898.1619310379028
bad_initial_first8,rotation_deg,20200813-subject-02/20200813_151117,6,s1_l0,48,904.3561325073242
bad_initial_first8,rotation_deg,20200813-subject-02/20200813_151117,6,fp,48,541.2157353162766
bad_initial_first8,rotation_deg,20200813-subject-02/20200813_151925,7,residual,16,103.28683662414551
bad_initial_first8,rotation_deg,20200813-subject-02/20200813_151925,7,s0_l1,16,103.70016431808472
bad_initial_first8,rotation_deg,20200813-subject-02/20200813_151925,7,s0_l0,16,103.67043828964233
bad_initial_first8,rotation_deg,20200813-subject-02/20200813_151925,7,s1_l1,16,102.60530471801758
bad_initial_first8,rotation_deg,20200813-subject-02/20200813_151925,7,s1_l0,16,102.61214113235474
bad_initial_first8,rotation_deg,20200813-subject-02/20200813_151925,7,fp,16,74.40303635597229
bad_initial_first8,rotation_deg,20200813-subject-02/20200813_152215,8,residual,48,212.48380172252655
bad_initial_first8,rotation_deg,20200813-subject-02/20200813_152215,8,s0_l1,48,205.89825177192688
bad_initial_first8,rotation_deg,20200813-subject-02/20200813_152215,8,s0_l0,48,204.6753853559494
bad_initial_first8,rotation_deg,20200813-subject-02/20200813_152215,8,s1_l1,48,207.53040385246277
bad_initial_first8,rotation_deg,20200813-subject-02/20200813_152215,8,s1_l0,48,207.74100708961487
bad_initial_first8,rotation_deg,20200813-subject-02/20200813_152215,8,fp,48,112.70021390914917
bad_initial_first8,rotation_deg,20200813-subject-02/20200813_152513,9,residual,40,143.963916182518
bad_initial_first8,rotation_deg,20200813-subject-02/20200813_152513,9,s0_l1,40,137.31461548805237
bad_initial_first8,rotation_deg,20200813-subject-02/20200813_152513,9,s0_l0,40,137.88181042671204
bad_initial_first8,rotation_deg,20200813-subject-02/20200813_152513,9,s1_l1,40,140.31395149230957
bad_initial_first8,rotation_deg,20200813-subject-02/20200813_152513,9,s1_l0,40,138.69349932670593
bad_initial_first8,rotation_deg,20200813-subject-02/20200813_152513,9,fp,40,82.85046589374542
bad_initial_first8,rotation_deg,20200813-subject-02/20200813_152842,10,residual,32,449.7726500034332
bad_initial_first8,rotation_deg,20200813-subject-02/20200813_152842,10,s0_l1,32,487.3208478689194
bad_initial_first8,rotation_deg,20200813-subject-02/20200813_152842,10,s0_l0,32,484.7410910129547
bad_initial_first8,rotation_deg,20200813-subject-02/20200813_152842,10,s1_l1,32,483.4557594060898
bad_initial_first8,rotation_deg,20200813-subject-02/20200813_152842,10,s1_l0,32,481.1525716781616
bad_initial_first8,rotation_deg,20200813-subject-02/20200813_152842,10,fp,32,220.37602299451828
bad_initial_first8,rotation_deg,20200813-subject-02/20200813_153453,12,residual,24,680.3924598693848
bad_initial_first8,rotation_deg,20200813-subject-02/20200813_153453,12,s0_l1,24,671.0755305290222
bad_initial_first8,rotation_deg,20200813-subject-02/20200813_153453,12,s0_l0,24,675.045648097992
bad_initial_first8,rotation_deg,20200813-subject-02/20200813_153453,12,s1_l1,24,668.8802938461304
bad_initial_first8,rotation_deg,20200813-subject-02/20200813_153453,12,s1_l0,24,669.024893283844
bad_initial_first8,rotation_deg,20200813-subject-02/20200813_153453,12,fp,24,254.79778277873993
bad_initial_first8,rotation_deg,20200813-subject-02/20200813_153802,13,residual,24,2655.055778503418
bad_initial_first8,rotation_deg,20200813-subject-02/20200813_153802,13,s0_l1,24,2700.5947189331055
bad_initial_first8,rotation_deg,20200813-subject-02/20200813_153802,13,s0_l0,24,2696.7656631469727
bad_initial_first8,rotation_deg,20200813-subject-02/20200813_153802,13,s1_l1,24,2698.4277114868164
bad_initial_first8,rotation_deg,20200813-subject-02/20200813_153802,13,s1_l0,24,2696.4217224121094
bad_initial_first8,rotation_deg,20200813-subject-02/20200813_153802,13,fp,24,2613.046600341797
bad_initial_first8,rotation_deg,20200813-subject-02/20200813_154103,14,residual,32,1078.2386989593506
bad_initial_first8,rotation_deg,20200813-subject-02/20200813_154103,14,s0_l1,32,1087.9981203079224
bad_initial_first8,rotation_deg,20200813-subject-02/20200813_154103,14,s0_l0,32,1085.8936276435852
bad_initial_first8,rotation_deg,20200813-subject-02/20200813_154103,14,s1_l1,32,1083.4971194267273
bad_initial_first8,rotation_deg,20200813-subject-02/20200813_154103,14,s1_l0,32,1081.3415157794952
bad_initial_first8,rotation_deg,20200813-subject-02/20200813_154103,14,fp,32,926.4957222938538
bad_initial_first8,rotation_deg,20200813-subject-02/20200813_154408,15,residual,24,175.47178101539612
bad_initial_first8,rotation_deg,20200813-subject-02/20200813_154408,15,s0_l1,24,181.58168268203735
bad_initial_first8,rotation_deg,20200813-subject-02/20200813_154408,15,s0_l0,24,182.36907196044922
bad_initial_first8,rotation_deg,20200813-subject-02/20200813_154408,15,s1_l1,24,189.0607933998108
bad_initial_first8,rotation_deg,20200813-subject-02/20200813_154408,15,s1_l0,24,188.78217148780823
bad_initial_first8,rotation_deg,20200813-subject-02/20200813_154408,15,fp,24,129.3703305721283
bad_initial_first8,rotation_deg,20200813-subject-02/20200813_154729,16,residual,8,1428.6096801757812
bad_initial_first8,rotation_deg,20200813-subject-02/20200813_154729,16,s0_l1,8,1421.4639129638672
bad_initial_first8,rotation_deg,20200813-subject-02/20200813_154729,16,s0_l0,8,1422.1144409179688
bad_initial_first8,rotation_deg,20200813-subject-02/20200813_154729,16,s1_l1,8,1422.4664459228516
bad_initial_first8,rotation_deg,20200813-subject-02/20200813_154729,16,s1_l0,8,1422.3830108642578
bad_initial_first8,rotation_deg,20200813-subject-02/20200813_154729,16,fp,8,1429.8364715576172
bad_initial_first8,rotation_deg,20200813-subject-02/20200813_155021,17,residual,64,5851.483144760132
bad_initial_first8,rotation_deg,20200813-subject-02/20200813_155021,17,s0_l1,64,5738.543889045715
bad_initial_first8,rotation_deg,20200813-subject-02/20200813_155021,17,s0_l0,64,5736.99705696106
bad_initial_first8,rotation_deg,20200813-subject-02/20200813_155021,17,s1_l1,64,5762.461054325104
bad_initial_first8,rotation_deg,20200813-subject-02/20200813_155021,17,s1_l0,64,5724.174606800079
bad_initial_first8,rotation_deg,20200813-subject-02/20200813_155021,17,fp,64,5164.071246147156
bad_initial_first8,rotation_deg,20200813-subject-02/20200813_155314,18,residual,48,3959.9159088134766
bad_initial_first8,rotation_deg,20200813-subject-02/20200813_155314,18,s0_l1,48,4113.779056549072
bad_initial_first8,rotation_deg,20200813-subject-02/20200813_155314,18,s0_l0,48,4105.615390777588
bad_initial_first8,rotation_deg,20200813-subject-02/20200813_155314,18,s1_l1,48,4109.33337020874
bad_initial_first8,rotation_deg,20200813-subject-02/20200813_155314,18,s1_l0,48,4114.195941925049
bad_initial_first8,rotation_deg,20200813-subject-02/20200813_155314,18,fp,48,3851.0695104599
bad_initial_first8,rotation_deg,20200813-subject-02/20200813_155633,20,residual,24,1497.1956706047058
bad_initial_first8,rotation_deg,20200813-subject-02/20200813_155633,20,s0_l1,24,1505.0574989318848
bad_initial_first8,rotation_deg,20200813-subject-02/20200813_155633,20,s0_l0,24,1503.814287185669
bad_initial_first8,rotation_deg,20200813-subject-02/20200813_155633,20,s1_l1,24,1504.9783945083618
bad_initial_first8,rotation_deg,20200813-subject-02/20200813_155633,20,s1_l0,24,1504.1633710861206
bad_initial_first8,rotation_deg,20200813-subject-02/20200813_155633,20,fp,24,1493.9690647125244
bad_initial_first8,rotation_deg,20200813-subject-02/20200813_155953,21,residual,56,5118.838728427887
bad_initial_first8,rotation_deg,20200813-subject-02/20200813_155953,21,s0_l1,56,5060.645830631256
bad_initial_first8,rotation_deg,20200813-subject-02/20200813_155953,21,s0_l0,56,5054.163565158844
bad_initial_first8,rotation_deg,20200813-subject-02/20200813_155953,21,s1_l1,56,5067.220922470093
bad_initial_first8,rotation_deg,20200813-subject-02/20200813_155953,21,s1_l0,56,5063.481308937073
bad_initial_first8,rotation_deg,20200813-subject-02/20200813_155953,21,fp,56,5165.383034467697
bad_initial_first8,center_mm,20200709-subject-01/20200709_142123,1,residual,24,174.9623827934265
bad_initial_first8,center_mm,20200709-subject-01/20200709_142123,1,s0_l1,24,181.5577712059021
bad_initial_first8,center_mm,20200709-subject-01/20200709_142123,1,s0_l0,24,183.76006722450256
bad_initial_first8,center_mm,20200709-subject-01/20200709_142123,1,s1_l1,24,184.4098825454712
bad_initial_first8,center_mm,20200709-subject-01/20200709_142123,1,s1_l0,24,184.69880390167236
bad_initial_first8,center_mm,20200709-subject-01/20200709_142123,1,fp,24,151.57136011123657
bad_initial_first8,center_mm,20200709-subject-01/20200709_142446,2,residual,40,468.7183771133423
bad_initial_first8,center_mm,20200709-subject-01/20200709_142446,2,s0_l1,40,441.1547341346741
bad_initial_first8,center_mm,20200709-subject-01/20200709_142446,2,s0_l0,40,441.65069937705994
bad_initial_first8,center_mm,20200709-subject-01/20200709_142446,2,s1_l1,40,436.69690930843353
bad_initial_first8,center_mm,20200709-subject-01/20200709_142446,2,s1_l0,40,440.11393988132477
bad_initial_first8,center_mm,20200709-subject-01/20200709_142446,2,fp,40,452.3725504875183
bad_initial_first8,center_mm,20200709-subject-01/20200709_142802,3,residual,24,322.1287784576416
bad_initial_first8,center_mm,20200709-subject-01/20200709_142802,3,s0_l1,24,329.8149127960205
bad_initial_first8,center_mm,20200709-subject-01/20200709_142802,3,s0_l0,24,329.8245460987091
bad_initial_first8,center_mm,20200709-subject-01/20200709_142802,3,s1_l1,24,331.0028247833252
bad_initial_first8,center_mm,20200709-subject-01/20200709_142802,3,s1_l0,24,329.81791520118713
bad_initial_first8,center_mm,20200709-subject-01/20200709_142802,3,fp,24,755.4316387176514
bad_initial_first8,center_mm,20200709-subject-01/20200709_143125,4,residual,32,157.82516622543335
bad_initial_first8,center_mm,20200709-subject-01/20200709_143125,4,s0_l1,32,105.2704461812973
bad_initial_first8,center_mm,20200709-subject-01/20200709_143125,4,s0_l0,32,105.82471618056297
bad_initial_first8,center_mm,20200709-subject-01/20200709_143125,4,s1_l1,32,101.68508416414261
bad_initial_first8,center_mm,20200709-subject-01/20200709_143125,4,s1_l0,32,102.39863622188568
bad_initial_first8,center_mm,20200709-subject-01/20200709_143125,4,fp,32,129.67289531230927
bad_initial_first8,center_mm,20200709-subject-01/20200709_143531,5,residual,32,972.6273407936096
bad_initial_first8,center_mm,20200709-subject-01/20200709_143531,5,s0_l1,32,950.4622396230698
bad_initial_first8,center_mm,20200709-subject-01/20200709_143531,5,s0_l0,32,942.5119744539261
bad_initial_first8,center_mm,20200709-subject-01/20200709_143531,5,s1_l1,32,936.3935604095459
bad_initial_first8,center_mm,20200709-subject-01/20200709_143531,5,s1_l0,32,958.2130246162415
bad_initial_first8,center_mm,20200709-subject-01/20200709_143531,5,fp,32,518.259640455246
bad_initial_first8,center_mm,20200709-subject-01/20200709_143907,6,residual,40,905.8480591773987
bad_initial_first8,center_mm,20200709-subject-01/20200709_143907,6,s0_l1,40,847.2505645751953
bad_initial_first8,center_mm,20200709-subject-01/20200709_143907,6,s0_l0,40,852.3847153186798
bad_initial_first8,center_mm,20200709-subject-01/20200709_143907,6,s1_l1,40,855.765331029892
bad_initial_first8,center_mm,20200709-subject-01/20200709_143907,6,s1_l0,40,855.866405248642
bad_initial_first8,center_mm,20200709-subject-01/20200709_143907,6,fp,40,381.09127402305603
bad_initial_first8,center_mm,20200709-subject-01/20200709_144313,7,residual,48,358.7875943183899
bad_initial_first8,center_mm,20200709-subject-01/20200709_144313,7,s0_l1,48,352.95384907722473
bad_initial_first8,center_mm,20200709-subject-01/20200709_144313,7,s0_l0,48,348.4403965473175
bad_initial_first8,center_mm,20200709-subject-01/20200709_144313,7,s1_l1,48,359.6573486328125
bad_initial_first8,center_mm,20200709-subject-01/20200709_144313,7,s1_l0,48,355.51668787002563
bad_initial_first8,center_mm,20200709-subject-01/20200709_144313,7,fp,48,620.039719581604
bad_initial_first8,center_mm,20200709-subject-01/20200709_144735,8,residual,56,798.6040453910828
bad_initial_first8,center_mm,20200709-subject-01/20200709_144735,8,s0_l1,56,910.1085813045502
bad_initial_first8,center_mm,20200709-subject-01/20200709_144735,8,s0_l0,56,919.1433596611023
bad_initial_first8,center_mm,20200709-subject-01/20200709_144735,8,s1_l1,56,942.4600248336792
bad_initial_first8,center_mm,20200709-subject-01/20200709_144735,8,s1_l0,56,948.9973278045654
bad_initial_first8,center_mm,20200709-subject-01/20200709_144735,8,fp,56,389.9898213148117
bad_initial_first8,center_mm,20200709-subject-01/20200709_145132,9,residual,40,229.38770031929016
bad_initial_first8,center_mm,20200709-subject-01/20200709_145132,9,s0_l1,40,232.32965660095215
bad_initial_first8,center_mm,20200709-subject-01/20200709_145132,9,s0_l0,40,233.9556747674942
bad_initial_first8,center_mm,20200709-subject-01/20200709_145132,9,s1_l1,40,239.85775530338287
bad_initial_first8,center_mm,20200709-subject-01/20200709_145132,9,s1_l0,40,239.15983510017395
bad_initial_first8,center_mm,20200709-subject-01/20200709_145132,9,fp,40,210.4050521850586
bad_initial_first8,center_mm,20200709-subject-01/20200709_145743,10,residual,40,513.4936149120331
bad_initial_first8,center_mm,20200709-subject-01/20200709_145743,10,s0_l1,40,464.5828688144684
bad_initial_first8,center_mm,20200709-subject-01/20200709_145743,10,s0_l0,40,465.41145753860474
bad_initial_first8,center_mm,20200709-subject-01/20200709_145743,10,s1_l1,40,489.4895865917206
bad_initial_first8,center_mm,20200709-subject-01/20200709_145743,10,s1_l0,40,480.83452343940735
bad_initial_first8,center_mm,20200709-subject-01/20200709_145743,10,fp,40,1176.4679071903229
bad_initial_first8,center_mm,20200709-subject-01/20200709_150144,11,residual,16,97.4660222530365
bad_initial_first8,center_mm,20200709-subject-01/20200709_150144,11,s0_l1,16,95.65868294239044
bad_initial_first8,center_mm,20200709-subject-01/20200709_150144,11,s0_l0,16,94.74862909317017
bad_initial_first8,center_mm,20200709-subject-01/20200709_150144,11,s1_l1,16,96.71554970741272
bad_initial_first8,center_mm,20200709-subject-01/20200709_150144,11,s1_l0,16,95.92793071269989
bad_initial_first8,center_mm,20200709-subject-01/20200709_150144,11,fp,16,32.07302439212799
bad_initial_first8,center_mm,20200709-subject-01/20200709_150524,12,residual,24,317.0295777320862
bad_initial_first8,center_mm,20200709-subject-01/20200709_150524,12,s0_l1,24,329.39501309394836
bad_initial_first8,center_mm,20200709-subject-01/20200709_150524,12,s0_l0,24,325.78940510749817
bad_initial_first8,center_mm,20200709-subject-01/20200709_150524,12,s1_l1,24,330.5878963470459
bad_initial_first8,center_mm,20200709-subject-01/20200709_150524,12,s1_l0,24,331.00689244270325
bad_initial_first8,center_mm,20200709-subject-01/20200709_150524,12,fp,24,1276.7052035331726
bad_initial_first8,center_mm,20200709-subject-01/20200709_150906,13,residual,24,125.49044919013977
bad_initial_first8,center_mm,20200709-subject-01/20200709_150906,13,s0_l1,24,123.59993088245392
bad_initial_first8,center_mm,20200709-subject-01/20200709_150906,13,s0_l0,24,123.14389955997467
bad_initial_first8,center_mm,20200709-subject-01/20200709_150906,13,s1_l1,24,128.2893991470337
bad_initial_first8,center_mm,20200709-subject-01/20200709_150906,13,s1_l0,24,126.83433771133423
bad_initial_first8,center_mm,20200709-subject-01/20200709_150906,13,fp,24,112.46912741661072
bad_initial_first8,center_mm,20200709-subject-01/20200709_151246,14,residual,24,240.83014011383057
bad_initial_first8,center_mm,20200709-subject-01/20200709_151246,14,s0_l1,24,236.78195095062256
bad_initial_first8,center_mm,20200709-subject-01/20200709_151246,14,s0_l0,24,235.95632457733154
bad_initial_first8,center_mm,20200709-subject-01/20200709_151246,14,s1_l1,24,233.83902072906494
bad_initial_first8,center_mm,20200709-subject-01/20200709_151246,14,s1_l0,24,232.86534309387207
bad_initial_first8,center_mm,20200709-subject-01/20200709_151246,14,fp,24,146.6839239001274
bad_initial_first8,center_mm,20200709-subject-01/20200709_151632,15,residual,24,227.6587357521057
bad_initial_first8,center_mm,20200709-subject-01/20200709_151632,15,s0_l1,24,226.71407198905945
bad_initial_first8,center_mm,20200709-subject-01/20200709_151632,15,s0_l0,24,224.31259560585022
bad_initial_first8,center_mm,20200709-subject-01/20200709_151632,15,s1_l1,24,244.19568276405334
bad_initial_first8,center_mm,20200709-subject-01/20200709_151632,15,s1_l0,24,244.32690453529358
bad_initial_first8,center_mm,20200709-subject-01/20200709_151632,15,fp,24,185.72592496871948
bad_initial_first8,center_mm,20200709-subject-01/20200709_151948,16,residual,16,86.26035213470459
bad_initial_first8,center_mm,20200709-subject-01/20200709_151948,16,s0_l1,16,87.61617755889893
bad_initial_first8,center_mm,20200709-subject-01/20200709_151948,16,s0_l0,16,87.93343710899353
bad_initial_first8,center_mm,20200709-subject-01/20200709_151948,16,s1_l1,16,89.42048454284668
bad_initial_first8,center_mm,20200709-subject-01/20200709_151948,16,s1_l0,16,89.3485598564148
bad_initial_first8,center_mm,20200709-subject-01/20200709_151948,16,fp,16,64.10323572158813
bad_initial_first8,center_mm,20200709-subject-01/20200709_152420,17,residual,48,1177.232919216156
bad_initial_first8,center_mm,20200709-subject-01/20200709_152420,17,s0_l1,48,1122.4525201320648
bad_initial_first8,center_mm,20200709-subject-01/20200709_152420,17,s0_l0,48,1126.553758263588
bad_initial_first8,center_mm,20200709-subject-01/20200709_152420,17,s1_l1,48,1123.7543236017227
bad_initial_first8,center_mm,20200709-subject-01/20200709_152420,17,s1_l0,48,1121.3873726129532
bad_initial_first8,center_mm,20200709-subject-01/20200709_152420,17,fp,48,872.685911655426
bad_initial_first8,center_mm,20200709-subject-01/20200709_152757,18,residual,64,1453.0549340248108
bad_initial_first8,center_mm,20200709-subject-01/20200709_152757,18,s0_l1,64,1285.0952498912811
bad_initial_first8,center_mm,20200709-subject-01/20200709_152757,18,s0_l0,64,1335.303852558136
bad_initial_first8,center_mm,20200709-subject-01/20200709_152757,18,s1_l1,64,1298.7576487064362
bad_initial_first8,center_mm,20200709-subject-01/20200709_152757,18,s1_l0,64,1322.579320192337
bad_initial_first8,center_mm,20200709-subject-01/20200709_152757,18,fp,64,1966.4785594940186
bad_initial_first8,center_mm,20200709-subject-01/20200709_153148,20,residual,64,1996.73051071167
bad_initial_first8,center_mm,20200709-subject-01/20200709_153148,20,s0_l1,64,2198.293451309204
bad_initial_first8,center_mm,20200709-subject-01/20200709_153148,20,s0_l0,64,2188.0613276958466
bad_initial_first8,center_mm,20200709-subject-01/20200709_153148,20,s1_l1,64,2235.3746399879456
bad_initial_first8,center_mm,20200709-subject-01/20200709_153148,20,s1_l0,64,2223.511655807495
bad_initial_first8,center_mm,20200709-subject-01/20200709_153148,20,fp,64,2176.1223154067993
bad_initial_first8,center_mm,20200709-subject-01/20200709_153548,21,residual,48,322.07328474521637
bad_initial_first8,center_mm,20200709-subject-01/20200709_153548,21,s0_l1,48,265.7507249712944
bad_initial_first8,center_mm,20200709-subject-01/20200709_153548,21,s0_l0,48,267.00036430358887
bad_initial_first8,center_mm,20200709-subject-01/20200709_153548,21,s1_l1,48,267.53639829158783
bad_initial_first8,center_mm,20200709-subject-01/20200709_153548,21,s1_l0,48,267.08915919065475
bad_initial_first8,center_mm,20200709-subject-01/20200709_153548,21,fp,48,424.51711773872375
bad_initial_first8,center_mm,20200813-subject-02/20200813_145920,2,residual,16,44.89152076840401
bad_initial_first8,center_mm,20200813-subject-02/20200813_145920,2,s0_l1,16,56.649428963661194
bad_initial_first8,center_mm,20200813-subject-02/20200813_145920,2,s0_l0,16,55.86685657501221
bad_initial_first8,center_mm,20200813-subject-02/20200813_145920,2,s1_l1,16,60.1540961265564
bad_initial_first8,center_mm,20200813-subject-02/20200813_145920,2,s1_l0,16,60.31325423717499
bad_initial_first8,center_mm,20200813-subject-02/20200813_145920,2,fp,16,45.035362243652344
bad_initial_first8,center_mm,20200813-subject-02/20200813_150228,3,residual,48,259.50659441947937
bad_initial_first8,center_mm,20200813-subject-02/20200813_150228,3,s0_l1,48,243.25249111652374
bad_initial_first8,center_mm,20200813-subject-02/20200813_150228,3,s0_l0,48,241.6583788394928
bad_initial_first8,center_mm,20200813-subject-02/20200813_150228,3,s1_l1,48,245.43359303474426
bad_initial_first8,center_mm,20200813-subject-02/20200813_150228,3,s1_l0,48,244.41874182224274
bad_initial_first8,center_mm,20200813-subject-02/20200813_150228,3,fp,48,359.307404756546
bad_initial_first8,center_mm,20200813-subject-02/20200813_150535,4,residual,32,228.9252462387085
bad_initial_first8,center_mm,20200813-subject-02/20200813_150535,4,s0_l1,32,182.8144326210022
bad_initial_first8,center_mm,20200813-subject-02/20200813_150535,4,s0_l0,32,182.0264048576355
bad_initial_first8,center_mm,20200813-subject-02/20200813_150535,4,s1_l1,32,187.65627455711365
bad_initial_first8,center_mm,20200813-subject-02/20200813_150535,4,s1_l0,32,187.30494713783264
bad_initial_first8,center_mm,20200813-subject-02/20200813_150535,4,fp,32,181.42375993728638
bad_initial_first8,center_mm,20200813-subject-02/20200813_150823,5,residual,24,138.2844045162201
bad_initial_first8,center_mm,20200813-subject-02/20200813_150823,5,s0_l1,24,135.61798202991486
bad_initial_first8,center_mm,20200813-subject-02/20200813_150823,5,s0_l0,24,135.70938110351562
bad_initial_first8,center_mm,20200813-subject-02/20200813_150823,5,s1_l1,24,137.8540587425232
bad_initial_first8,center_mm,20200813-subject-02/20200813_150823,5,s1_l0,24,139.51608967781067
bad_initial_first8,center_mm,20200813-subject-02/20200813_150823,5,fp,24,115.46530652046204
bad_initial_first8,center_mm,20200813-subject-02/20200813_151117,6,residual,48,1191.8542320132256
bad_initial_first8,center_mm,20200813-subject-02/20200813_151117,6,s0_l1,48,561.4894222021103
bad_initial_first8,center_mm,20200813-subject-02/20200813_151117,6,s0_l0,48,567.8369235992432
bad_initial_first8,center_mm,20200813-subject-02/20200813_151117,6,s1_l1,48,604.8242013454437
bad_initial_first8,center_mm,20200813-subject-02/20200813_151117,6,s1_l0,48,605.0219522714615
bad_initial_first8,center_mm,20200813-subject-02/20200813_151117,6,fp,48,419.5752342939377
bad_initial_first8,center_mm,20200813-subject-02/20200813_151925,7,residual,16,130.2073311805725
bad_initial_first8,center_mm,20200813-subject-02/20200813_151925,7,s0_l1,16,99.1618480682373
bad_initial_first8,center_mm,20200813-subject-02/20200813_151925,7,s0_l0,16,98.9514627456665
bad_initial_first8,center_mm,20200813-subject-02/20200813_151925,7,s1_l1,16,103.84616279602051
bad_initial_first8,center_mm,20200813-subject-02/20200813_151925,7,s1_l0,16,103.31388473510742
bad_initial_first8,center_mm,20200813-subject-02/20200813_151925,7,fp,16,90.09538102149963
bad_initial_first8,center_mm,20200813-subject-02/20200813_152215,8,residual,48,274.14600390195847
bad_initial_first8,center_mm,20200813-subject-02/20200813_152215,8,s0_l1,48,247.63358891010284
bad_initial_first8,center_mm,20200813-subject-02/20200813_152215,8,s0_l0,48,246.42549806833267
bad_initial_first8,center_mm,20200813-subject-02/20200813_152215,8,s1_l1,48,244.25296294689178
bad_initial_first8,center_mm,20200813-subject-02/20200813_152215,8,s1_l0,48,244.14793902635574
bad_initial_first8,center_mm,20200813-subject-02/20200813_152215,8,fp,48,318.29301357269287
bad_initial_first8,center_mm,20200813-subject-02/20200813_152513,9,residual,40,312.95205157995224
bad_initial_first8,center_mm,20200813-subject-02/20200813_152513,9,s0_l1,40,237.64454904198647
bad_initial_first8,center_mm,20200813-subject-02/20200813_152513,9,s0_l0,40,236.18240985274315
bad_initial_first8,center_mm,20200813-subject-02/20200813_152513,9,s1_l1,40,238.28116142749786
bad_initial_first8,center_mm,20200813-subject-02/20200813_152513,9,s1_l0,40,237.38109821081161
bad_initial_first8,center_mm,20200813-subject-02/20200813_152513,9,fp,40,268.49963968992233
bad_initial_first8,center_mm,20200813-subject-02/20200813_152842,10,residual,32,372.196790933609
bad_initial_first8,center_mm,20200813-subject-02/20200813_152842,10,s0_l1,32,382.94806265830994
bad_initial_first8,center_mm,20200813-subject-02/20200813_152842,10,s0_l0,32,384.058207988739
bad_initial_first8,center_mm,20200813-subject-02/20200813_152842,10,s1_l1,32,379.3797469139099
bad_initial_first8,center_mm,20200813-subject-02/20200813_152842,10,s1_l0,32,380.3194673061371
bad_initial_first8,center_mm,20200813-subject-02/20200813_152842,10,fp,32,291.6857147216797
bad_initial_first8,center_mm,20200813-subject-02/20200813_153453,12,residual,24,553.3140850067139
bad_initial_first8,center_mm,20200813-subject-02/20200813_153453,12,s0_l1,24,460.14120495319366
bad_initial_first8,center_mm,20200813-subject-02/20200813_153453,12,s0_l0,24,464.2754645347595
bad_initial_first8,center_mm,20200813-subject-02/20200813_153453,12,s1_l1,24,462.3671245574951
bad_initial_first8,center_mm,20200813-subject-02/20200813_153453,12,s1_l0,24,460.4494082927704
bad_initial_first8,center_mm,20200813-subject-02/20200813_153453,12,fp,24,553.4031138420105
bad_initial_first8,center_mm,20200813-subject-02/20200813_153802,13,residual,24,1066.5423324108124
bad_initial_first8,center_mm,20200813-subject-02/20200813_153802,13,s0_l1,24,986.2322144508362
bad_initial_first8,center_mm,20200813-subject-02/20200813_153802,13,s0_l0,24,1003.7014083862305
bad_initial_first8,center_mm,20200813-subject-02/20200813_153802,13,s1_l1,24,973.8485455513
bad_initial_first8,center_mm,20200813-subject-02/20200813_153802,13,s1_l0,24,987.0042341947556
bad_initial_first8,center_mm,20200813-subject-02/20200813_153802,13,fp,24,680.3575949668884
bad_initial_first8,center_mm,20200813-subject-02/20200813_154103,14,residual,32,283.5712625980377
bad_initial_first8,center_mm,20200813-subject-02/20200813_154103,14,s0_l1,32,279.86652874946594
bad_initial_first8,center_mm,20200813-subject-02/20200813_154103,14,s0_l0,32,277.2122097015381
bad_initial_first8,center_mm,20200813-subject-02/20200813_154103,14,s1_l1,32,288.8139388561249
bad_initial_first8,center_mm,20200813-subject-02/20200813_154103,14,s1_l0,32,288.17738223075867
bad_initial_first8,center_mm,20200813-subject-02/20200813_154103,14,fp,32,508.31127095222473
bad_initial_first8,center_mm,20200813-subject-02/20200813_154408,15,residual,24,365.4841914176941
bad_initial_first8,center_mm,20200813-subject-02/20200813_154408,15,s0_l1,24,490.7273840904236
bad_initial_first8,center_mm,20200813-subject-02/20200813_154408,15,s0_l0,24,501.0950565338135
bad_initial_first8,center_mm,20200813-subject-02/20200813_154408,15,s1_l1,24,525.0565230846405
bad_initial_first8,center_mm,20200813-subject-02/20200813_154408,15,s1_l0,24,556.0414696931839
bad_initial_first8,center_mm,20200813-subject-02/20200813_154408,15,fp,24,311.2795376777649
bad_initial_first8,center_mm,20200813-subject-02/20200813_154729,16,residual,8,55.08891201019287
bad_initial_first8,center_mm,20200813-subject-02/20200813_154729,16,s0_l1,8,59.041051387786865
bad_initial_first8,center_mm,20200813-subject-02/20200813_154729,16,s0_l0,8,58.8905086517334
bad_initial_first8,center_mm,20200813-subject-02/20200813_154729,16,s1_l1,8,61.06308841705322
bad_initial_first8,center_mm,20200813-subject-02/20200813_154729,16,s1_l0,8,60.742172718048096
bad_initial_first8,center_mm,20200813-subject-02/20200813_154729,16,fp,8,37.24402475357056
bad_initial_first8,center_mm,20200813-subject-02/20200813_155021,17,residual,64,2546.2788763046265
bad_initial_first8,center_mm,20200813-subject-02/20200813_155021,17,s0_l1,64,2367.477993965149
bad_initial_first8,center_mm,20200813-subject-02/20200813_155021,17,s0_l0,64,2342.013144493103
bad_initial_first8,center_mm,20200813-subject-02/20200813_155021,17,s1_l1,64,2369.588186264038
bad_initial_first8,center_mm,20200813-subject-02/20200813_155021,17,s1_l0,64,2307.808804512024
bad_initial_first8,center_mm,20200813-subject-02/20200813_155021,17,fp,64,4146.662380695343
bad_initial_first8,center_mm,20200813-subject-02/20200813_155314,18,residual,48,1194.4367623329163
bad_initial_first8,center_mm,20200813-subject-02/20200813_155314,18,s0_l1,48,847.4674649238586
bad_initial_first8,center_mm,20200813-subject-02/20200813_155314,18,s0_l0,48,848.2578990459442
bad_initial_first8,center_mm,20200813-subject-02/20200813_155314,18,s1_l1,48,830.034720659256
bad_initial_first8,center_mm,20200813-subject-02/20200813_155314,18,s1_l0,48,824.5595118999481
bad_initial_first8,center_mm,20200813-subject-02/20200813_155314,18,fp,48,679.6746487617493
bad_initial_first8,center_mm,20200813-subject-02/20200813_155633,20,residual,24,378.27571630477905
bad_initial_first8,center_mm,20200813-subject-02/20200813_155633,20,s0_l1,24,347.408814907074
bad_initial_first8,center_mm,20200813-subject-02/20200813_155633,20,s0_l0,24,348.21212434768677
bad_initial_first8,center_mm,20200813-subject-02/20200813_155633,20,s1_l1,24,348.5489411354065
bad_initial_first8,center_mm,20200813-subject-02/20200813_155633,20,s1_l0,24,349.3383984565735
bad_initial_first8,center_mm,20200813-subject-02/20200813_155633,20,fp,24,280.03806471824646
bad_initial_first8,center_mm,20200813-subject-02/20200813_155953,21,residual,56,493.464714884758
bad_initial_first8,center_mm,20200813-subject-02/20200813_155953,21,s0_l1,56,418.4224727153778
bad_initial_first8,center_mm,20200813-subject-02/20200813_155953,21,s0_l0,56,419.2236053943634
bad_initial_first8,center_mm,20200813-subject-02/20200813_155953,21,s1_l1,56,432.19930624961853
bad_initial_first8,center_mm,20200813-subject-02/20200813_155953,21,s1_l0,56,432.4522638320923
bad_initial_first8,center_mm,20200813-subject-02/20200813_155953,21,fp,56,622.5504661798477
asymmetric_bad_initial_first8,add_01,20200709-subject-01/20200709_142446,2,residual,40,3200.0
asymmetric_bad_initial_first8,add_01,20200709-subject-01/20200709_142446,2,s0_l1,40,3200.0
asymmetric_bad_initial_first8,add_01,20200709-subject-01/20200709_142446,2,s0_l0,40,3200.0
asymmetric_bad_initial_first8,add_01,20200709-subject-01/20200709_142446,2,s1_l1,40,3200.0
asymmetric_bad_initial_first8,add_01,20200709-subject-01/20200709_142446,2,s1_l0,40,3200.0
asymmetric_bad_initial_first8,add_01,20200709-subject-01/20200709_142446,2,fp,40,3200.0
asymmetric_bad_initial_first8,add_01,20200709-subject-01/20200709_142802,3,residual,24,800.0
asymmetric_bad_initial_first8,add_01,20200709-subject-01/20200709_142802,3,s0_l1,24,800.0
asymmetric_bad_initial_first8,add_01,20200709-subject-01/20200709_142802,3,s0_l0,24,800.0
asymmetric_bad_initial_first8,add_01,20200709-subject-01/20200709_142802,3,s1_l1,24,800.0
asymmetric_bad_initial_first8,add_01,20200709-subject-01/20200709_142802,3,s1_l0,24,800.0
asymmetric_bad_initial_first8,add_01,20200709-subject-01/20200709_142802,3,fp,24,800.0
asymmetric_bad_initial_first8,add_01,20200709-subject-01/20200709_143125,4,residual,32,800.0
asymmetric_bad_initial_first8,add_01,20200709-subject-01/20200709_143125,4,s0_l1,32,800.0
asymmetric_bad_initial_first8,add_01,20200709-subject-01/20200709_143125,4,s0_l0,32,800.0
asymmetric_bad_initial_first8,add_01,20200709-subject-01/20200709_143125,4,s1_l1,32,800.0
asymmetric_bad_initial_first8,add_01,20200709-subject-01/20200709_143125,4,s1_l0,32,800.0
asymmetric_bad_initial_first8,add_01,20200709-subject-01/20200709_143125,4,fp,32,800.0
asymmetric_bad_initial_first8,add_01,20200709-subject-01/20200709_143531,5,residual,32,800.0
asymmetric_bad_initial_first8,add_01,20200709-subject-01/20200709_143531,5,s0_l1,32,800.0
asymmetric_bad_initial_first8,add_01,20200709-subject-01/20200709_143531,5,s0_l0,32,800.0
asymmetric_bad_initial_first8,add_01,20200709-subject-01/20200709_143531,5,s1_l1,32,800.0
asymmetric_bad_initial_first8,add_01,20200709-subject-01/20200709_143531,5,s1_l0,32,800.0
asymmetric_bad_initial_first8,add_01,20200709-subject-01/20200709_143531,5,fp,32,2200.0
asymmetric_bad_initial_first8,add_01,20200709-subject-01/20200709_143907,6,residual,40,500.0
asymmetric_bad_initial_first8,add_01,20200709-subject-01/20200709_143907,6,s0_l1,40,700.0
asymmetric_bad_initial_first8,add_01,20200709-subject-01/20200709_143907,6,s0_l0,40,700.0
asymmetric_bad_initial_first8,add_01,20200709-subject-01/20200709_143907,6,s1_l1,40,700.0
asymmetric_bad_initial_first8,add_01,20200709-subject-01/20200709_143907,6,s1_l0,40,700.0
asymmetric_bad_initial_first8,add_01,20200709-subject-01/20200709_143907,6,fp,40,1500.0
asymmetric_bad_initial_first8,add_01,20200709-subject-01/20200709_144313,7,residual,48,3200.0
asymmetric_bad_initial_first8,add_01,20200709-subject-01/20200709_144313,7,s0_l1,48,3200.0
asymmetric_bad_initial_first8,add_01,20200709-subject-01/20200709_144313,7,s0_l0,48,3200.0
asymmetric_bad_initial_first8,add_01,20200709-subject-01/20200709_144313,7,s1_l1,48,3200.0
asymmetric_bad_initial_first8,add_01,20200709-subject-01/20200709_144313,7,s1_l0,48,3200.0
asymmetric_bad_initial_first8,add_01,20200709-subject-01/20200709_144313,7,fp,48,3200.0
asymmetric_bad_initial_first8,add_01,20200709-subject-01/20200709_144735,8,residual,56,3800.0
asymmetric_bad_initial_first8,add_01,20200709-subject-01/20200709_144735,8,s0_l1,56,3900.0
asymmetric_bad_initial_first8,add_01,20200709-subject-01/20200709_144735,8,s0_l0,56,3900.0
asymmetric_bad_initial_first8,add_01,20200709-subject-01/20200709_144735,8,s1_l1,56,3900.0
asymmetric_bad_initial_first8,add_01,20200709-subject-01/20200709_144735,8,s1_l0,56,3900.0
asymmetric_bad_initial_first8,add_01,20200709-subject-01/20200709_144735,8,fp,56,5400.0
asymmetric_bad_initial_first8,add_01,20200709-subject-01/20200709_145132,9,residual,40,3900.0
asymmetric_bad_initial_first8,add_01,20200709-subject-01/20200709_145132,9,s0_l1,40,3900.0
asymmetric_bad_initial_first8,add_01,20200709-subject-01/20200709_145132,9,s0_l0,40,3900.0
asymmetric_bad_initial_first8,add_01,20200709-subject-01/20200709_145132,9,s1_l1,40,3900.0
asymmetric_bad_initial_first8,add_01,20200709-subject-01/20200709_145132,9,s1_l0,40,3900.0
asymmetric_bad_initial_first8,add_01,20200709-subject-01/20200709_145132,9,fp,40,4000.0
asymmetric_bad_initial_first8,add_01,20200709-subject-01/20200709_145743,10,residual,40,3200.0
asymmetric_bad_initial_first8,add_01,20200709-subject-01/20200709_145743,10,s0_l1,40,3300.0
asymmetric_bad_initial_first8,add_01,20200709-subject-01/20200709_145743,10,s0_l0,40,3200.0
asymmetric_bad_initial_first8,add_01,20200709-subject-01/20200709_145743,10,s1_l1,40,3200.0
asymmetric_bad_initial_first8,add_01,20200709-subject-01/20200709_145743,10,s1_l0,40,3200.0
asymmetric_bad_initial_first8,add_01,20200709-subject-01/20200709_145743,10,fp,40,3200.0
asymmetric_bad_initial_first8,add_01,20200709-subject-01/20200709_150144,11,residual,16,1400.0
asymmetric_bad_initial_first8,add_01,20200709-subject-01/20200709_150144,11,s0_l1,16,1300.0
asymmetric_bad_initial_first8,add_01,20200709-subject-01/20200709_150144,11,s0_l0,16,1300.0
asymmetric_bad_initial_first8,add_01,20200709-subject-01/20200709_150144,11,s1_l1,16,1300.0
asymmetric_bad_initial_first8,add_01,20200709-subject-01/20200709_150144,11,s1_l0,16,1300.0
asymmetric_bad_initial_first8,add_01,20200709-subject-01/20200709_150144,11,fp,16,1600.0
asymmetric_bad_initial_first8,add_01,20200709-subject-01/20200709_150524,12,residual,24,1600.0
asymmetric_bad_initial_first8,add_01,20200709-subject-01/20200709_150524,12,s0_l1,24,1600.0
asymmetric_bad_initial_first8,add_01,20200709-subject-01/20200709_150524,12,s0_l0,24,1600.0
asymmetric_bad_initial_first8,add_01,20200709-subject-01/20200709_150524,12,s1_l1,24,1600.0
asymmetric_bad_initial_first8,add_01,20200709-subject-01/20200709_150524,12,s1_l0,24,1600.0
asymmetric_bad_initial_first8,add_01,20200709-subject-01/20200709_150524,12,fp,24,1600.0
asymmetric_bad_initial_first8,add_01,20200709-subject-01/20200709_151246,14,residual,24,1500.0
asymmetric_bad_initial_first8,add_01,20200709-subject-01/20200709_151246,14,s0_l1,24,1700.0
asymmetric_bad_initial_first8,add_01,20200709-subject-01/20200709_151246,14,s0_l0,24,1700.0
asymmetric_bad_initial_first8,add_01,20200709-subject-01/20200709_151246,14,s1_l1,24,1600.0
asymmetric_bad_initial_first8,add_01,20200709-subject-01/20200709_151246,14,s1_l0,24,1600.0
asymmetric_bad_initial_first8,add_01,20200709-subject-01/20200709_151246,14,fp,24,1600.0
asymmetric_bad_initial_first8,add_01,20200709-subject-01/20200709_151632,15,residual,24,1800.0
asymmetric_bad_initial_first8,add_01,20200709-subject-01/20200709_151632,15,s0_l1,24,1700.0
asymmetric_bad_initial_first8,add_01,20200709-subject-01/20200709_151632,15,s0_l0,24,1700.0
asymmetric_bad_initial_first8,add_01,20200709-subject-01/20200709_151632,15,s1_l1,24,1600.0
asymmetric_bad_initial_first8,add_01,20200709-subject-01/20200709_151632,15,s1_l0,24,1600.0
asymmetric_bad_initial_first8,add_01,20200709-subject-01/20200709_151632,15,fp,24,2400.0
asymmetric_bad_initial_first8,add_01,20200709-subject-01/20200709_152420,17,residual,48,3200.0
asymmetric_bad_initial_first8,add_01,20200709-subject-01/20200709_152420,17,s0_l1,48,3200.0
asymmetric_bad_initial_first8,add_01,20200709-subject-01/20200709_152420,17,s0_l0,48,3200.0
asymmetric_bad_initial_first8,add_01,20200709-subject-01/20200709_152420,17,s1_l1,48,3200.0
asymmetric_bad_initial_first8,add_01,20200709-subject-01/20200709_152420,17,s1_l0,48,3200.0
asymmetric_bad_initial_first8,add_01,20200709-subject-01/20200709_152420,17,fp,48,3200.0
asymmetric_bad_initial_first8,add_01,20200813-subject-02/20200813_145920,2,residual,16,1600.0
asymmetric_bad_initial_first8,add_01,20200813-subject-02/20200813_145920,2,s0_l1,16,1600.0
asymmetric_bad_initial_first8,add_01,20200813-subject-02/20200813_145920,2,s0_l0,16,1600.0
asymmetric_bad_initial_first8,add_01,20200813-subject-02/20200813_145920,2,s1_l1,16,1600.0
asymmetric_bad_initial_first8,add_01,20200813-subject-02/20200813_145920,2,s1_l0,16,1600.0
asymmetric_bad_initial_first8,add_01,20200813-subject-02/20200813_145920,2,fp,16,1600.0
asymmetric_bad_initial_first8,add_01,20200813-subject-02/20200813_150228,3,residual,48,4600.0
asymmetric_bad_initial_first8,add_01,20200813-subject-02/20200813_150228,3,s0_l1,48,4700.0
asymmetric_bad_initial_first8,add_01,20200813-subject-02/20200813_150228,3,s0_l0,48,4700.0
asymmetric_bad_initial_first8,add_01,20200813-subject-02/20200813_150228,3,s1_l1,48,4700.0
asymmetric_bad_initial_first8,add_01,20200813-subject-02/20200813_150228,3,s1_l0,48,4700.0
asymmetric_bad_initial_first8,add_01,20200813-subject-02/20200813_150228,3,fp,48,4800.0
asymmetric_bad_initial_first8,add_01,20200813-subject-02/20200813_150535,4,residual,32,1600.0
asymmetric_bad_initial_first8,add_01,20200813-subject-02/20200813_150535,4,s0_l1,32,1600.0
asymmetric_bad_initial_first8,add_01,20200813-subject-02/20200813_150535,4,s0_l0,32,1600.0
asymmetric_bad_initial_first8,add_01,20200813-subject-02/20200813_150535,4,s1_l1,32,1600.0
asymmetric_bad_initial_first8,add_01,20200813-subject-02/20200813_150535,4,s1_l0,32,1600.0
asymmetric_bad_initial_first8,add_01,20200813-subject-02/20200813_150535,4,fp,32,3200.0
asymmetric_bad_initial_first8,add_01,20200813-subject-02/20200813_150823,5,residual,24,2300.0
asymmetric_bad_initial_first8,add_01,20200813-subject-02/20200813_150823,5,s0_l1,24,2300.0
asymmetric_bad_initial_first8,add_01,20200813-subject-02/20200813_150823,5,s0_l0,24,2300.0
asymmetric_bad_initial_first8,add_01,20200813-subject-02/20200813_150823,5,s1_l1,24,2200.0
asymmetric_bad_initial_first8,add_01,20200813-subject-02/20200813_150823,5,s1_l0,24,2200.0
asymmetric_bad_initial_first8,add_01,20200813-subject-02/20200813_150823,5,fp,24,2400.0
asymmetric_bad_initial_first8,add_01,20200813-subject-02/20200813_151117,6,residual,48,600.0
asymmetric_bad_initial_first8,add_01,20200813-subject-02/20200813_151117,6,s0_l1,48,1300.0
asymmetric_bad_initial_first8,add_01,20200813-subject-02/20200813_151117,6,s0_l0,48,1300.0
asymmetric_bad_initial_first8,add_01,20200813-subject-02/20200813_151117,6,s1_l1,48,1200.0
asymmetric_bad_initial_first8,add_01,20200813-subject-02/20200813_151117,6,s1_l0,48,1200.0
asymmetric_bad_initial_first8,add_01,20200813-subject-02/20200813_151117,6,fp,48,1700.0
asymmetric_bad_initial_first8,add_01,20200813-subject-02/20200813_151925,7,residual,16,1600.0
asymmetric_bad_initial_first8,add_01,20200813-subject-02/20200813_151925,7,s0_l1,16,1600.0
asymmetric_bad_initial_first8,add_01,20200813-subject-02/20200813_151925,7,s0_l0,16,1600.0
asymmetric_bad_initial_first8,add_01,20200813-subject-02/20200813_151925,7,s1_l1,16,1600.0
asymmetric_bad_initial_first8,add_01,20200813-subject-02/20200813_151925,7,s1_l0,16,1600.0
asymmetric_bad_initial_first8,add_01,20200813-subject-02/20200813_151925,7,fp,16,1600.0
asymmetric_bad_initial_first8,add_01,20200813-subject-02/20200813_152215,8,residual,48,3800.0
asymmetric_bad_initial_first8,add_01,20200813-subject-02/20200813_152215,8,s0_l1,48,4500.0
asymmetric_bad_initial_first8,add_01,20200813-subject-02/20200813_152215,8,s0_l0,48,4500.0
asymmetric_bad_initial_first8,add_01,20200813-subject-02/20200813_152215,8,s1_l1,48,4500.0
asymmetric_bad_initial_first8,add_01,20200813-subject-02/20200813_152215,8,s1_l0,48,4500.0
asymmetric_bad_initial_first8,add_01,20200813-subject-02/20200813_152215,8,fp,48,4000.0
asymmetric_bad_initial_first8,add_01,20200813-subject-02/20200813_152513,9,residual,40,3500.0
asymmetric_bad_initial_first8,add_01,20200813-subject-02/20200813_152513,9,s0_l1,40,3900.0
asymmetric_bad_initial_first8,add_01,20200813-subject-02/20200813_152513,9,s0_l0,40,3900.0
asymmetric_bad_initial_first8,add_01,20200813-subject-02/20200813_152513,9,s1_l1,40,3900.0
asymmetric_bad_initial_first8,add_01,20200813-subject-02/20200813_152513,9,s1_l0,40,3900.0
asymmetric_bad_initial_first8,add_01,20200813-subject-02/20200813_152513,9,fp,40,4000.0
asymmetric_bad_initial_first8,add_01,20200813-subject-02/20200813_152842,10,residual,32,2300.0
asymmetric_bad_initial_first8,add_01,20200813-subject-02/20200813_152842,10,s0_l1,32,2300.0
asymmetric_bad_initial_first8,add_01,20200813-subject-02/20200813_152842,10,s0_l0,32,2300.0
asymmetric_bad_initial_first8,add_01,20200813-subject-02/20200813_152842,10,s1_l1,32,2300.0
asymmetric_bad_initial_first8,add_01,20200813-subject-02/20200813_152842,10,s1_l0,32,2300.0
asymmetric_bad_initial_first8,add_01,20200813-subject-02/20200813_152842,10,fp,32,2500.0
asymmetric_bad_initial_first8,add_01,20200813-subject-02/20200813_153453,12,residual,24,1500.0
asymmetric_bad_initial_first8,add_01,20200813-subject-02/20200813_153453,12,s0_l1,24,1500.0
asymmetric_bad_initial_first8,add_01,20200813-subject-02/20200813_153453,12,s0_l0,24,1500.0
asymmetric_bad_initial_first8,add_01,20200813-subject-02/20200813_153453,12,s1_l1,24,1500.0
asymmetric_bad_initial_first8,add_01,20200813-subject-02/20200813_153453,12,s1_l0,24,1500.0
asymmetric_bad_initial_first8,add_01,20200813-subject-02/20200813_153453,12,fp,24,1600.0
asymmetric_bad_initial_first8,add_01,20200813-subject-02/20200813_154103,14,residual,32,1600.0
asymmetric_bad_initial_first8,add_01,20200813-subject-02/20200813_154103,14,s0_l1,32,1600.0
asymmetric_bad_initial_first8,add_01,20200813-subject-02/20200813_154103,14,s0_l0,32,1600.0
asymmetric_bad_initial_first8,add_01,20200813-subject-02/20200813_154103,14,s1_l1,32,1600.0
asymmetric_bad_initial_first8,add_01,20200813-subject-02/20200813_154103,14,s1_l0,32,1600.0
asymmetric_bad_initial_first8,add_01,20200813-subject-02/20200813_154103,14,fp,32,1600.0
asymmetric_bad_initial_first8,add_01,20200813-subject-02/20200813_154408,15,residual,24,1900.0
asymmetric_bad_initial_first8,add_01,20200813-subject-02/20200813_154408,15,s0_l1,24,1700.0
asymmetric_bad_initial_first8,add_01,20200813-subject-02/20200813_154408,15,s0_l0,24,1700.0
asymmetric_bad_initial_first8,add_01,20200813-subject-02/20200813_154408,15,s1_l1,24,1600.0
asymmetric_bad_initial_first8,add_01,20200813-subject-02/20200813_154408,15,s1_l0,24,1600.0
asymmetric_bad_initial_first8,add_01,20200813-subject-02/20200813_154408,15,fp,24,2300.0
asymmetric_bad_initial_first8,add_01,20200813-subject-02/20200813_155021,17,residual,64,1200.0
asymmetric_bad_initial_first8,add_01,20200813-subject-02/20200813_155021,17,s0_l1,64,800.0
asymmetric_bad_initial_first8,add_01,20200813-subject-02/20200813_155021,17,s0_l0,64,800.0
asymmetric_bad_initial_first8,add_01,20200813-subject-02/20200813_155021,17,s1_l1,64,700.0
asymmetric_bad_initial_first8,add_01,20200813-subject-02/20200813_155021,17,s1_l0,64,800.0
asymmetric_bad_initial_first8,add_01,20200813-subject-02/20200813_155021,17,fp,64,2200.0
asymmetric_bad_initial_first8,adds_005,20200709-subject-01/20200709_142446,2,residual,40,3200.0
asymmetric_bad_initial_first8,adds_005,20200709-subject-01/20200709_142446,2,s0_l1,40,3200.0
asymmetric_bad_initial_first8,adds_005,20200709-subject-01/20200709_142446,2,s0_l0,40,3200.0
asymmetric_bad_initial_first8,adds_005,20200709-subject-01/20200709_142446,2,s1_l1,40,3200.0
asymmetric_bad_initial_first8,adds_005,20200709-subject-01/20200709_142446,2,s1_l0,40,3200.0
asymmetric_bad_initial_first8,adds_005,20200709-subject-01/20200709_142446,2,fp,40,3200.0
asymmetric_bad_initial_first8,adds_005,20200709-subject-01/20200709_142802,3,residual,24,1500.0
asymmetric_bad_initial_first8,adds_005,20200709-subject-01/20200709_142802,3,s0_l1,24,1500.0
asymmetric_bad_initial_first8,adds_005,20200709-subject-01/20200709_142802,3,s0_l0,24,1500.0
asymmetric_bad_initial_first8,adds_005,20200709-subject-01/20200709_142802,3,s1_l1,24,1500.0
asymmetric_bad_initial_first8,adds_005,20200709-subject-01/20200709_142802,3,s1_l0,24,1500.0
asymmetric_bad_initial_first8,adds_005,20200709-subject-01/20200709_142802,3,fp,24,1500.0
asymmetric_bad_initial_first8,adds_005,20200709-subject-01/20200709_143125,4,residual,32,3100.0
asymmetric_bad_initial_first8,adds_005,20200709-subject-01/20200709_143125,4,s0_l1,32,3200.0
asymmetric_bad_initial_first8,adds_005,20200709-subject-01/20200709_143125,4,s0_l0,32,3200.0
asymmetric_bad_initial_first8,adds_005,20200709-subject-01/20200709_143125,4,s1_l1,32,3200.0
asymmetric_bad_initial_first8,adds_005,20200709-subject-01/20200709_143125,4,s1_l0,32,3200.0
asymmetric_bad_initial_first8,adds_005,20200709-subject-01/20200709_143125,4,fp,32,3200.0
asymmetric_bad_initial_first8,adds_005,20200709-subject-01/20200709_143531,5,residual,32,1500.0
asymmetric_bad_initial_first8,adds_005,20200709-subject-01/20200709_143531,5,s0_l1,32,1500.0
asymmetric_bad_initial_first8,adds_005,20200709-subject-01/20200709_143531,5,s0_l0,32,1500.0
asymmetric_bad_initial_first8,adds_005,20200709-subject-01/20200709_143531,5,s1_l1,32,1500.0
asymmetric_bad_initial_first8,adds_005,20200709-subject-01/20200709_143531,5,s1_l0,32,1500.0
asymmetric_bad_initial_first8,adds_005,20200709-subject-01/20200709_143531,5,fp,32,2300.0
asymmetric_bad_initial_first8,adds_005,20200709-subject-01/20200709_143907,6,residual,40,1800.0
asymmetric_bad_initial_first8,adds_005,20200709-subject-01/20200709_143907,6,s0_l1,40,2300.0
asymmetric_bad_initial_first8,adds_005,20200709-subject-01/20200709_143907,6,s0_l0,40,2200.0
asymmetric_bad_initial_first8,adds_005,20200709-subject-01/20200709_143907,6,s1_l1,40,2200.0
asymmetric_bad_initial_first8,adds_005,20200709-subject-01/20200709_143907,6,s1_l0,40,2200.0
asymmetric_bad_initial_first8,adds_005,20200709-subject-01/20200709_143907,6,fp,40,1500.0
asymmetric_bad_initial_first8,adds_005,20200709-subject-01/20200709_144313,7,residual,48,4600.0
asymmetric_bad_initial_first8,adds_005,20200709-subject-01/20200709_144313,7,s0_l1,48,4400.0
asymmetric_bad_initial_first8,adds_005,20200709-subject-01/20200709_144313,7,s0_l0,48,4400.0
asymmetric_bad_initial_first8,adds_005,20200709-subject-01/20200709_144313,7,s1_l1,48,4400.0
asymmetric_bad_initial_first8,adds_005,20200709-subject-01/20200709_144313,7,s1_l0,48,4400.0
asymmetric_bad_initial_first8,adds_005,20200709-subject-01/20200709_144313,7,fp,48,3600.0
asymmetric_bad_initial_first8,adds_005,20200709-subject-01/20200709_144735,8,residual,56,4400.0
asymmetric_bad_initial_first8,adds_005,20200709-subject-01/20200709_144735,8,s0_l1,56,3900.0
asymmetric_bad_initial_first8,adds_005,20200709-subject-01/20200709_144735,8,s0_l0,56,3900.0
asymmetric_bad_initial_first8,adds_005,20200709-subject-01/20200709_144735,8,s1_l1,56,3900.0
asymmetric_bad_initial_first8,adds_005,20200709-subject-01/20200709_144735,8,s1_l0,56,3900.0
asymmetric_bad_initial_first8,adds_005,20200709-subject-01/20200709_144735,8,fp,56,4100.0
asymmetric_bad_initial_first8,adds_005,20200709-subject-01/20200709_145132,9,residual,40,4000.0
asymmetric_bad_initial_first8,adds_005,20200709-subject-01/20200709_145132,9,s0_l1,40,4000.0
asymmetric_bad_initial_first8,adds_005,20200709-subject-01/20200709_145132,9,s0_l0,40,4000.0
asymmetric_bad_initial_first8,adds_005,20200709-subject-01/20200709_145132,9,s1_l1,40,4000.0
asymmetric_bad_initial_first8,adds_005,20200709-subject-01/20200709_145132,9,s1_l0,40,4000.0
asymmetric_bad_initial_first8,adds_005,20200709-subject-01/20200709_145132,9,fp,40,4000.0
asymmetric_bad_initial_first8,adds_005,20200709-subject-01/20200709_145743,10,residual,40,3200.0
asymmetric_bad_initial_first8,adds_005,20200709-subject-01/20200709_145743,10,s0_l1,40,3300.0
asymmetric_bad_initial_first8,adds_005,20200709-subject-01/20200709_145743,10,s0_l0,40,3300.0
asymmetric_bad_initial_first8,adds_005,20200709-subject-01/20200709_145743,10,s1_l1,40,3200.0
asymmetric_bad_initial_first8,adds_005,20200709-subject-01/20200709_145743,10,s1_l0,40,3300.0
asymmetric_bad_initial_first8,adds_005,20200709-subject-01/20200709_145743,10,fp,40,3200.0
asymmetric_bad_initial_first8,adds_005,20200709-subject-01/20200709_150144,11,residual,16,1400.0
asymmetric_bad_initial_first8,adds_005,20200709-subject-01/20200709_150144,11,s0_l1,16,1500.0
asymmetric_bad_initial_first8,adds_005,20200709-subject-01/20200709_150144,11,s0_l0,16,1500.0
asymmetric_bad_initial_first8,adds_005,20200709-subject-01/20200709_150144,11,s1_l1,16,1500.0
asymmetric_bad_initial_first8,adds_005,20200709-subject-01/20200709_150144,11,s1_l0,16,1500.0
asymmetric_bad_initial_first8,adds_005,20200709-subject-01/20200709_150144,11,fp,16,1600.0
asymmetric_bad_initial_first8,adds_005,20200709-subject-01/20200709_150524,12,residual,24,2000.0
asymmetric_bad_initial_first8,adds_005,20200709-subject-01/20200709_150524,12,s0_l1,24,1800.0
asymmetric_bad_initial_first8,adds_005,20200709-subject-01/20200709_150524,12,s0_l0,24,1900.0
asymmetric_bad_initial_first8,adds_005,20200709-subject-01/20200709_150524,12,s1_l1,24,1800.0
asymmetric_bad_initial_first8,adds_005,20200709-subject-01/20200709_150524,12,s1_l0,24,1800.0
asymmetric_bad_initial_first8,adds_005,20200709-subject-01/20200709_150524,12,fp,24,1600.0
asymmetric_bad_initial_first8,adds_005,20200709-subject-01/20200709_151246,14,residual,24,2400.0
asymmetric_bad_initial_first8,adds_005,20200709-subject-01/20200709_151246,14,s0_l1,24,2400.0
asymmetric_bad_initial_first8,adds_005,20200709-subject-01/20200709_151246,14,s0_l0,24,2400.0
asymmetric_bad_initial_first8,adds_005,20200709-subject-01/20200709_151246,14,s1_l1,24,2400.0
asymmetric_bad_initial_first8,adds_005,20200709-subject-01/20200709_151246,14,s1_l0,24,2400.0
asymmetric_bad_initial_first8,adds_005,20200709-subject-01/20200709_151246,14,fp,24,2400.0
asymmetric_bad_initial_first8,adds_005,20200709-subject-01/20200709_151632,15,residual,24,2400.0
asymmetric_bad_initial_first8,adds_005,20200709-subject-01/20200709_151632,15,s0_l1,24,2400.0
asymmetric_bad_initial_first8,adds_005,20200709-subject-01/20200709_151632,15,s0_l0,24,2400.0
asymmetric_bad_initial_first8,adds_005,20200709-subject-01/20200709_151632,15,s1_l1,24,2300.0
asymmetric_bad_initial_first8,adds_005,20200709-subject-01/20200709_151632,15,s1_l0,24,2300.0
asymmetric_bad_initial_first8,adds_005,20200709-subject-01/20200709_151632,15,fp,24,2400.0
asymmetric_bad_initial_first8,adds_005,20200709-subject-01/20200709_152420,17,residual,48,3500.0
asymmetric_bad_initial_first8,adds_005,20200709-subject-01/20200709_152420,17,s0_l1,48,3900.0
asymmetric_bad_initial_first8,adds_005,20200709-subject-01/20200709_152420,17,s0_l0,48,3900.0
asymmetric_bad_initial_first8,adds_005,20200709-subject-01/20200709_152420,17,s1_l1,48,3900.0
asymmetric_bad_initial_first8,adds_005,20200709-subject-01/20200709_152420,17,s1_l0,48,3900.0
asymmetric_bad_initial_first8,adds_005,20200709-subject-01/20200709_152420,17,fp,48,4700.0
asymmetric_bad_initial_first8,adds_005,20200813-subject-02/20200813_145920,2,residual,16,1600.0
asymmetric_bad_initial_first8,adds_005,20200813-subject-02/20200813_145920,2,s0_l1,16,1600.0
asymmetric_bad_initial_first8,adds_005,20200813-subject-02/20200813_145920,2,s0_l0,16,1600.0
asymmetric_bad_initial_first8,adds_005,20200813-subject-02/20200813_145920,2,s1_l1,16,1600.0
asymmetric_bad_initial_first8,adds_005,20200813-subject-02/20200813_145920,2,s1_l0,16,1600.0
asymmetric_bad_initial_first8,adds_005,20200813-subject-02/20200813_145920,2,fp,16,1600.0
asymmetric_bad_initial_first8,adds_005,20200813-subject-02/20200813_150228,3,residual,48,4600.0
asymmetric_bad_initial_first8,adds_005,20200813-subject-02/20200813_150228,3,s0_l1,48,4700.0
asymmetric_bad_initial_first8,adds_005,20200813-subject-02/20200813_150228,3,s0_l0,48,4700.0
asymmetric_bad_initial_first8,adds_005,20200813-subject-02/20200813_150228,3,s1_l1,48,4700.0
asymmetric_bad_initial_first8,adds_005,20200813-subject-02/20200813_150228,3,s1_l0,48,4700.0
asymmetric_bad_initial_first8,adds_005,20200813-subject-02/20200813_150228,3,fp,48,4800.0
asymmetric_bad_initial_first8,adds_005,20200813-subject-02/20200813_150535,4,residual,32,2300.0
asymmetric_bad_initial_first8,adds_005,20200813-subject-02/20200813_150535,4,s0_l1,32,2700.0
asymmetric_bad_initial_first8,adds_005,20200813-subject-02/20200813_150535,4,s0_l0,32,2700.0
asymmetric_bad_initial_first8,adds_005,20200813-subject-02/20200813_150535,4,s1_l1,32,2700.0
asymmetric_bad_initial_first8,adds_005,20200813-subject-02/20200813_150535,4,s1_l0,32,2700.0
asymmetric_bad_initial_first8,adds_005,20200813-subject-02/20200813_150535,4,fp,32,3200.0
asymmetric_bad_initial_first8,adds_005,20200813-subject-02/20200813_150823,5,residual,24,2300.0
asymmetric_bad_initial_first8,adds_005,20200813-subject-02/20200813_150823,5,s0_l1,24,2300.0
asymmetric_bad_initial_first8,adds_005,20200813-subject-02/20200813_150823,5,s0_l0,24,2300.0
asymmetric_bad_initial_first8,adds_005,20200813-subject-02/20200813_150823,5,s1_l1,24,2300.0
asymmetric_bad_initial_first8,adds_005,20200813-subject-02/20200813_150823,5,s1_l0,24,2300.0
asymmetric_bad_initial_first8,adds_005,20200813-subject-02/20200813_150823,5,fp,24,2400.0
asymmetric_bad_initial_first8,adds_005,20200813-subject-02/20200813_151117,6,residual,48,2800.0
asymmetric_bad_initial_first8,adds_005,20200813-subject-02/20200813_151117,6,s0_l1,48,3200.0
asymmetric_bad_initial_first8,adds_005,20200813-subject-02/20200813_151117,6,s0_l0,48,3200.0
asymmetric_bad_initial_first8,adds_005,20200813-subject-02/20200813_151117,6,s1_l1,48,3100.0
asymmetric_bad_initial_first8,adds_005,20200813-subject-02/20200813_151117,6,s1_l0,48,3100.0
asymmetric_bad_initial_first8,adds_005,20200813-subject-02/20200813_151117,6,fp,48,1500.0
asymmetric_bad_initial_first8,adds_005,20200813-subject-02/20200813_151925,7,residual,16,1600.0
asymmetric_bad_initial_first8,adds_005,20200813-subject-02/20200813_151925,7,s0_l1,16,1600.0
asymmetric_bad_initial_first8,adds_005,20200813-subject-02/20200813_151925,7,s0_l0,16,1600.0
asymmetric_bad_initial_first8,adds_005,20200813-subject-02/20200813_151925,7,s1_l1,16,1600.0
asymmetric_bad_initial_first8,adds_005,20200813-subject-02/20200813_151925,7,s1_l0,16,1600.0
asymmetric_bad_initial_first8,adds_005,20200813-subject-02/20200813_151925,7,fp,16,1600.0
asymmetric_bad_initial_first8,adds_005,20200813-subject-02/20200813_152215,8,residual,48,3800.0
asymmetric_bad_initial_first8,adds_005,20200813-subject-02/20200813_152215,8,s0_l1,48,3900.0
asymmetric_bad_initial_first8,adds_005,20200813-subject-02/20200813_152215,8,s0_l0,48,3900.0
asymmetric_bad_initial_first8,adds_005,20200813-subject-02/20200813_152215,8,s1_l1,48,3900.0
asymmetric_bad_initial_first8,adds_005,20200813-subject-02/20200813_152215,8,s1_l0,48,3900.0
asymmetric_bad_initial_first8,adds_005,20200813-subject-02/20200813_152215,8,fp,48,4000.0
asymmetric_bad_initial_first8,adds_005,20200813-subject-02/20200813_152513,9,residual,40,3600.0
asymmetric_bad_initial_first8,adds_005,20200813-subject-02/20200813_152513,9,s0_l1,40,3900.0
asymmetric_bad_initial_first8,adds_005,20200813-subject-02/20200813_152513,9,s0_l0,40,3900.0
asymmetric_bad_initial_first8,adds_005,20200813-subject-02/20200813_152513,9,s1_l1,40,3900.0
asymmetric_bad_initial_first8,adds_005,20200813-subject-02/20200813_152513,9,s1_l0,40,3900.0
asymmetric_bad_initial_first8,adds_005,20200813-subject-02/20200813_152513,9,fp,40,4000.0
asymmetric_bad_initial_first8,adds_005,20200813-subject-02/20200813_152842,10,residual,32,3100.0
asymmetric_bad_initial_first8,adds_005,20200813-subject-02/20200813_152842,10,s0_l1,32,3000.0
asymmetric_bad_initial_first8,adds_005,20200813-subject-02/20200813_152842,10,s0_l0,32,3000.0
asymmetric_bad_initial_first8,adds_005,20200813-subject-02/20200813_152842,10,s1_l1,32,3000.0
asymmetric_bad_initial_first8,adds_005,20200813-subject-02/20200813_152842,10,s1_l0,32,3000.0
asymmetric_bad_initial_first8,adds_005,20200813-subject-02/20200813_152842,10,fp,32,3200.0
asymmetric_bad_initial_first8,adds_005,20200813-subject-02/20200813_153453,12,residual,24,1600.0
asymmetric_bad_initial_first8,adds_005,20200813-subject-02/20200813_153453,12,s0_l1,24,1500.0
asymmetric_bad_initial_first8,adds_005,20200813-subject-02/20200813_153453,12,s0_l0,24,1500.0
asymmetric_bad_initial_first8,adds_005,20200813-subject-02/20200813_153453,12,s1_l1,24,1500.0
asymmetric_bad_initial_first8,adds_005,20200813-subject-02/20200813_153453,12,s1_l0,24,1500.0
asymmetric_bad_initial_first8,adds_005,20200813-subject-02/20200813_153453,12,fp,24,1600.0
asymmetric_bad_initial_first8,adds_005,20200813-subject-02/20200813_154103,14,residual,32,3200.0
asymmetric_bad_initial_first8,adds_005,20200813-subject-02/20200813_154103,14,s0_l1,32,3200.0
asymmetric_bad_initial_first8,adds_005,20200813-subject-02/20200813_154103,14,s0_l0,32,3200.0
asymmetric_bad_initial_first8,adds_005,20200813-subject-02/20200813_154103,14,s1_l1,32,3200.0
asymmetric_bad_initial_first8,adds_005,20200813-subject-02/20200813_154103,14,s1_l0,32,3200.0
asymmetric_bad_initial_first8,adds_005,20200813-subject-02/20200813_154103,14,fp,32,2400.0
asymmetric_bad_initial_first8,adds_005,20200813-subject-02/20200813_154408,15,residual,24,2000.0
asymmetric_bad_initial_first8,adds_005,20200813-subject-02/20200813_154408,15,s0_l1,24,1700.0
asymmetric_bad_initial_first8,adds_005,20200813-subject-02/20200813_154408,15,s0_l0,24,1700.0
asymmetric_bad_initial_first8,adds_005,20200813-subject-02/20200813_154408,15,s1_l1,24,1700.0
asymmetric_bad_initial_first8,adds_005,20200813-subject-02/20200813_154408,15,s1_l0,24,1600.0
asymmetric_bad_initial_first8,adds_005,20200813-subject-02/20200813_154408,15,fp,24,1900.0
asymmetric_bad_initial_first8,adds_005,20200813-subject-02/20200813_155021,17,residual,64,800.0
asymmetric_bad_initial_first8,adds_005,20200813-subject-02/20200813_155021,17,s0_l1,64,900.0
asymmetric_bad_initial_first8,adds_005,20200813-subject-02/20200813_155021,17,s0_l0,64,1000.0
asymmetric_bad_initial_first8,adds_005,20200813-subject-02/20200813_155021,17,s1_l1,64,700.0
asymmetric_bad_initial_first8,adds_005,20200813-subject-02/20200813_155021,17,s1_l0,64,1000.0
asymmetric_bad_initial_first8,adds_005,20200813-subject-02/20200813_155021,17,fp,64,2900.0
asymmetric_bad_initial_first8,adds_01,20200709-subject-01/20200709_142446,2,residual,40,4000.0
asymmetric_bad_initial_first8,adds_01,20200709-subject-01/20200709_142446,2,s0_l1,40,4000.0
asymmetric_bad_initial_first8,adds_01,20200709-subject-01/20200709_142446,2,s0_l0,40,4000.0
asymmetric_bad_initial_first8,adds_01,20200709-subject-01/20200709_142446,2,s1_l1,40,4000.0
asymmetric_bad_initial_first8,adds_01,20200709-subject-01/20200709_142446,2,s1_l0,40,4000.0
asymmetric_bad_initial_first8,adds_01,20200709-subject-01/20200709_142446,2,fp,40,4000.0
asymmetric_bad_initial_first8,adds_01,20200709-subject-01/20200709_142802,3,residual,24,2100.0
asymmetric_bad_initial_first8,adds_01,20200709-subject-01/20200709_142802,3,s0_l1,24,2000.0
asymmetric_bad_initial_first8,adds_01,20200709-subject-01/20200709_142802,3,s0_l0,24,2000.0
asymmetric_bad_initial_first8,adds_01,20200709-subject-01/20200709_142802,3,s1_l1,24,2100.0
asymmetric_bad_initial_first8,adds_01,20200709-subject-01/20200709_142802,3,s1_l0,24,2100.0
asymmetric_bad_initial_first8,adds_01,20200709-subject-01/20200709_142802,3,fp,24,1600.0
asymmetric_bad_initial_first8,adds_01,20200709-subject-01/20200709_143125,4,residual,32,3200.0
asymmetric_bad_initial_first8,adds_01,20200709-subject-01/20200709_143125,4,s0_l1,32,3200.0
asymmetric_bad_initial_first8,adds_01,20200709-subject-01/20200709_143125,4,s0_l0,32,3200.0
asymmetric_bad_initial_first8,adds_01,20200709-subject-01/20200709_143125,4,s1_l1,32,3200.0
asymmetric_bad_initial_first8,adds_01,20200709-subject-01/20200709_143125,4,s1_l0,32,3200.0
asymmetric_bad_initial_first8,adds_01,20200709-subject-01/20200709_143125,4,fp,32,3200.0
asymmetric_bad_initial_first8,adds_01,20200709-subject-01/20200709_143531,5,residual,32,2400.0
asymmetric_bad_initial_first8,adds_01,20200709-subject-01/20200709_143531,5,s0_l1,32,2200.0
asymmetric_bad_initial_first8,adds_01,20200709-subject-01/20200709_143531,5,s0_l0,32,2200.0
asymmetric_bad_initial_first8,adds_01,20200709-subject-01/20200709_143531,5,s1_l1,32,2200.0
asymmetric_bad_initial_first8,adds_01,20200709-subject-01/20200709_143531,5,s1_l0,32,2200.0
asymmetric_bad_initial_first8,adds_01,20200709-subject-01/20200709_143531,5,fp,32,2400.0
asymmetric_bad_initial_first8,adds_01,20200709-subject-01/20200709_143907,6,residual,40,2400.0
asymmetric_bad_initial_first8,adds_01,20200709-subject-01/20200709_143907,6,s0_l1,40,2400.0
asymmetric_bad_initial_first8,adds_01,20200709-subject-01/20200709_143907,6,s0_l0,40,2400.0
asymmetric_bad_initial_first8,adds_01,20200709-subject-01/20200709_143907,6,s1_l1,40,2500.0
asymmetric_bad_initial_first8,adds_01,20200709-subject-01/20200709_143907,6,s1_l0,40,2500.0
asymmetric_bad_initial_first8,adds_01,20200709-subject-01/20200709_143907,6,fp,40,3800.0
asymmetric_bad_initial_first8,adds_01,20200709-subject-01/20200709_144313,7,residual,48,4800.0
asymmetric_bad_initial_first8,adds_01,20200709-subject-01/20200709_144313,7,s0_l1,48,4800.0
asymmetric_bad_initial_first8,adds_01,20200709-subject-01/20200709_144313,7,s0_l0,48,4800.0
asymmetric_bad_initial_first8,adds_01,20200709-subject-01/20200709_144313,7,s1_l1,48,4800.0
asymmetric_bad_initial_first8,adds_01,20200709-subject-01/20200709_144313,7,s1_l0,48,4800.0
asymmetric_bad_initial_first8,adds_01,20200709-subject-01/20200709_144313,7,fp,48,4700.0
asymmetric_bad_initial_first8,adds_01,20200709-subject-01/20200709_144735,8,residual,56,4700.0
asymmetric_bad_initial_first8,adds_01,20200709-subject-01/20200709_144735,8,s0_l1,56,4000.0
asymmetric_bad_initial_first8,adds_01,20200709-subject-01/20200709_144735,8,s0_l0,56,4000.0
asymmetric_bad_initial_first8,adds_01,20200709-subject-01/20200709_144735,8,s1_l1,56,4000.0
asymmetric_bad_initial_first8,adds_01,20200709-subject-01/20200709_144735,8,s1_l0,56,4000.0
asymmetric_bad_initial_first8,adds_01,20200709-subject-01/20200709_144735,8,fp,56,5600.0
asymmetric_bad_initial_first8,adds_01,20200709-subject-01/20200709_145132,9,residual,40,4000.0
asymmetric_bad_initial_first8,adds_01,20200709-subject-01/20200709_145132,9,s0_l1,40,4000.0
asymmetric_bad_initial_first8,adds_01,20200709-subject-01/20200709_145132,9,s0_l0,40,4000.0
asymmetric_bad_initial_first8,adds_01,20200709-subject-01/20200709_145132,9,s1_l1,40,4000.0
asymmetric_bad_initial_first8,adds_01,20200709-subject-01/20200709_145132,9,s1_l0,40,4000.0
asymmetric_bad_initial_first8,adds_01,20200709-subject-01/20200709_145132,9,fp,40,4000.0
asymmetric_bad_initial_first8,adds_01,20200709-subject-01/20200709_145743,10,residual,40,3400.0
asymmetric_bad_initial_first8,adds_01,20200709-subject-01/20200709_145743,10,s0_l1,40,3400.0
asymmetric_bad_initial_first8,adds_01,20200709-subject-01/20200709_145743,10,s0_l0,40,3400.0
asymmetric_bad_initial_first8,adds_01,20200709-subject-01/20200709_145743,10,s1_l1,40,3300.0
asymmetric_bad_initial_first8,adds_01,20200709-subject-01/20200709_145743,10,s1_l0,40,3300.0
asymmetric_bad_initial_first8,adds_01,20200709-subject-01/20200709_145743,10,fp,40,3200.0
asymmetric_bad_initial_first8,adds_01,20200709-subject-01/20200709_150144,11,residual,16,1600.0
asymmetric_bad_initial_first8,adds_01,20200709-subject-01/20200709_150144,11,s0_l1,16,1600.0
asymmetric_bad_initial_first8,adds_01,20200709-subject-01/20200709_150144,11,s0_l0,16,1600.0
asymmetric_bad_initial_first8,adds_01,20200709-subject-01/20200709_150144,11,s1_l1,16,1600.0
asymmetric_bad_initial_first8,adds_01,20200709-subject-01/20200709_150144,11,s1_l0,16,1600.0
asymmetric_bad_initial_first8,adds_01,20200709-subject-01/20200709_150144,11,fp,16,1600.0
asymmetric_bad_initial_first8,adds_01,20200709-subject-01/20200709_150524,12,residual,24,2200.0
asymmetric_bad_initial_first8,adds_01,20200709-subject-01/20200709_150524,12,s0_l1,24,2100.0
asymmetric_bad_initial_first8,adds_01,20200709-subject-01/20200709_150524,12,s0_l0,24,2100.0
asymmetric_bad_initial_first8,adds_01,20200709-subject-01/20200709_150524,12,s1_l1,24,2100.0
asymmetric_bad_initial_first8,adds_01,20200709-subject-01/20200709_150524,12,s1_l0,24,2100.0
asymmetric_bad_initial_first8,adds_01,20200709-subject-01/20200709_150524,12,fp,24,1600.0
asymmetric_bad_initial_first8,adds_01,20200709-subject-01/20200709_151246,14,residual,24,2400.0
asymmetric_bad_initial_first8,adds_01,20200709-subject-01/20200709_151246,14,s0_l1,24,2400.0
asymmetric_bad_initial_first8,adds_01,20200709-subject-01/20200709_151246,14,s0_l0,24,2400.0
asymmetric_bad_initial_first8,adds_01,20200709-subject-01/20200709_151246,14,s1_l1,24,2400.0
asymmetric_bad_initial_first8,adds_01,20200709-subject-01/20200709_151246,14,s1_l0,24,2400.0
asymmetric_bad_initial_first8,adds_01,20200709-subject-01/20200709_151246,14,fp,24,2400.0
asymmetric_bad_initial_first8,adds_01,20200709-subject-01/20200709_151632,15,residual,24,2400.0
asymmetric_bad_initial_first8,adds_01,20200709-subject-01/20200709_151632,15,s0_l1,24,2400.0
asymmetric_bad_initial_first8,adds_01,20200709-subject-01/20200709_151632,15,s0_l0,24,2400.0
asymmetric_bad_initial_first8,adds_01,20200709-subject-01/20200709_151632,15,s1_l1,24,2400.0
asymmetric_bad_initial_first8,adds_01,20200709-subject-01/20200709_151632,15,s1_l0,24,2400.0
asymmetric_bad_initial_first8,adds_01,20200709-subject-01/20200709_151632,15,fp,24,2400.0
asymmetric_bad_initial_first8,adds_01,20200709-subject-01/20200709_152420,17,residual,48,4000.0
asymmetric_bad_initial_first8,adds_01,20200709-subject-01/20200709_152420,17,s0_l1,48,4000.0
asymmetric_bad_initial_first8,adds_01,20200709-subject-01/20200709_152420,17,s0_l0,48,4000.0
asymmetric_bad_initial_first8,adds_01,20200709-subject-01/20200709_152420,17,s1_l1,48,4000.0
asymmetric_bad_initial_first8,adds_01,20200709-subject-01/20200709_152420,17,s1_l0,48,4000.0
asymmetric_bad_initial_first8,adds_01,20200709-subject-01/20200709_152420,17,fp,48,4700.0
asymmetric_bad_initial_first8,adds_01,20200813-subject-02/20200813_145920,2,residual,16,1600.0
asymmetric_bad_initial_first8,adds_01,20200813-subject-02/20200813_145920,2,s0_l1,16,1600.0
asymmetric_bad_initial_first8,adds_01,20200813-subject-02/20200813_145920,2,s0_l0,16,1600.0
asymmetric_bad_initial_first8,adds_01,20200813-subject-02/20200813_145920,2,s1_l1,16,1600.0
asymmetric_bad_initial_first8,adds_01,20200813-subject-02/20200813_145920,2,s1_l0,16,1600.0
asymmetric_bad_initial_first8,adds_01,20200813-subject-02/20200813_145920,2,fp,16,1600.0
asymmetric_bad_initial_first8,adds_01,20200813-subject-02/20200813_150228,3,residual,48,4800.0
asymmetric_bad_initial_first8,adds_01,20200813-subject-02/20200813_150228,3,s0_l1,48,4800.0
asymmetric_bad_initial_first8,adds_01,20200813-subject-02/20200813_150228,3,s0_l0,48,4800.0
asymmetric_bad_initial_first8,adds_01,20200813-subject-02/20200813_150228,3,s1_l1,48,4800.0
asymmetric_bad_initial_first8,adds_01,20200813-subject-02/20200813_150228,3,s1_l0,48,4800.0
asymmetric_bad_initial_first8,adds_01,20200813-subject-02/20200813_150228,3,fp,48,4800.0
asymmetric_bad_initial_first8,adds_01,20200813-subject-02/20200813_150535,4,residual,32,3200.0
asymmetric_bad_initial_first8,adds_01,20200813-subject-02/20200813_150535,4,s0_l1,32,3200.0
asymmetric_bad_initial_first8,adds_01,20200813-subject-02/20200813_150535,4,s0_l0,32,3200.0
asymmetric_bad_initial_first8,adds_01,20200813-subject-02/20200813_150535,4,s1_l1,32,3200.0
asymmetric_bad_initial_first8,adds_01,20200813-subject-02/20200813_150535,4,s1_l0,32,3200.0
asymmetric_bad_initial_first8,adds_01,20200813-subject-02/20200813_150535,4,fp,32,3200.0
asymmetric_bad_initial_first8,adds_01,20200813-subject-02/20200813_150823,5,residual,24,2400.0
asymmetric_bad_initial_first8,adds_01,20200813-subject-02/20200813_150823,5,s0_l1,24,2400.0
asymmetric_bad_initial_first8,adds_01,20200813-subject-02/20200813_150823,5,s0_l0,24,2400.0
asymmetric_bad_initial_first8,adds_01,20200813-subject-02/20200813_150823,5,s1_l1,24,2400.0
asymmetric_bad_initial_first8,adds_01,20200813-subject-02/20200813_150823,5,s1_l0,24,2400.0
asymmetric_bad_initial_first8,adds_01,20200813-subject-02/20200813_150823,5,fp,24,2400.0
asymmetric_bad_initial_first8,adds_01,20200813-subject-02/20200813_151117,6,residual,48,3200.0
asymmetric_bad_initial_first8,adds_01,20200813-subject-02/20200813_151117,6,s0_l1,48,3600.0
asymmetric_bad_initial_first8,adds_01,20200813-subject-02/20200813_151117,6,s0_l0,48,3600.0
asymmetric_bad_initial_first8,adds_01,20200813-subject-02/20200813_151117,6,s1_l1,48,3400.0
asymmetric_bad_initial_first8,adds_01,20200813-subject-02/20200813_151117,6,s1_l0,48,3400.0
asymmetric_bad_initial_first8,adds_01,20200813-subject-02/20200813_151117,6,fp,48,4500.0
asymmetric_bad_initial_first8,adds_01,20200813-subject-02/20200813_151925,7,residual,16,1600.0
asymmetric_bad_initial_first8,adds_01,20200813-subject-02/20200813_151925,7,s0_l1,16,1600.0
asymmetric_bad_initial_first8,adds_01,20200813-subject-02/20200813_151925,7,s0_l0,16,1600.0
asymmetric_bad_initial_first8,adds_01,20200813-subject-02/20200813_151925,7,s1_l1,16,1600.0
asymmetric_bad_initial_first8,adds_01,20200813-subject-02/20200813_151925,7,s1_l0,16,1600.0
asymmetric_bad_initial_first8,adds_01,20200813-subject-02/20200813_151925,7,fp,16,1600.0
asymmetric_bad_initial_first8,adds_01,20200813-subject-02/20200813_152215,8,residual,48,4700.0
asymmetric_bad_initial_first8,adds_01,20200813-subject-02/20200813_152215,8,s0_l1,48,4800.0
asymmetric_bad_initial_first8,adds_01,20200813-subject-02/20200813_152215,8,s0_l0,48,4800.0
asymmetric_bad_initial_first8,adds_01,20200813-subject-02/20200813_152215,8,s1_l1,48,4800.0
asymmetric_bad_initial_first8,adds_01,20200813-subject-02/20200813_152215,8,s1_l0,48,4800.0
asymmetric_bad_initial_first8,adds_01,20200813-subject-02/20200813_152215,8,fp,48,4800.0
asymmetric_bad_initial_first8,adds_01,20200813-subject-02/20200813_152513,9,residual,40,4000.0
asymmetric_bad_initial_first8,adds_01,20200813-subject-02/20200813_152513,9,s0_l1,40,3900.0
asymmetric_bad_initial_first8,adds_01,20200813-subject-02/20200813_152513,9,s0_l0,40,3900.0
asymmetric_bad_initial_first8,adds_01,20200813-subject-02/20200813_152513,9,s1_l1,40,3900.0
asymmetric_bad_initial_first8,adds_01,20200813-subject-02/20200813_152513,9,s1_l0,40,3900.0
asymmetric_bad_initial_first8,adds_01,20200813-subject-02/20200813_152513,9,fp,40,4000.0
asymmetric_bad_initial_first8,adds_01,20200813-subject-02/20200813_152842,10,residual,32,3200.0
asymmetric_bad_initial_first8,adds_01,20200813-subject-02/20200813_152842,10,s0_l1,32,3200.0
asymmetric_bad_initial_first8,adds_01,20200813-subject-02/20200813_152842,10,s0_l0,32,3200.0
asymmetric_bad_initial_first8,adds_01,20200813-subject-02/20200813_152842,10,s1_l1,32,3200.0
asymmetric_bad_initial_first8,adds_01,20200813-subject-02/20200813_152842,10,s1_l0,32,3200.0
asymmetric_bad_initial_first8,adds_01,20200813-subject-02/20200813_152842,10,fp,32,3200.0
asymmetric_bad_initial_first8,adds_01,20200813-subject-02/20200813_153453,12,residual,24,1600.0
asymmetric_bad_initial_first8,adds_01,20200813-subject-02/20200813_153453,12,s0_l1,24,2300.0
asymmetric_bad_initial_first8,adds_01,20200813-subject-02/20200813_153453,12,s0_l0,24,2300.0
asymmetric_bad_initial_first8,adds_01,20200813-subject-02/20200813_153453,12,s1_l1,24,2300.0
asymmetric_bad_initial_first8,adds_01,20200813-subject-02/20200813_153453,12,s1_l0,24,2300.0
asymmetric_bad_initial_first8,adds_01,20200813-subject-02/20200813_153453,12,fp,24,2300.0
asymmetric_bad_initial_first8,adds_01,20200813-subject-02/20200813_154103,14,residual,32,3200.0
asymmetric_bad_initial_first8,adds_01,20200813-subject-02/20200813_154103,14,s0_l1,32,3200.0
asymmetric_bad_initial_first8,adds_01,20200813-subject-02/20200813_154103,14,s0_l0,32,3200.0
asymmetric_bad_initial_first8,adds_01,20200813-subject-02/20200813_154103,14,s1_l1,32,3200.0
asymmetric_bad_initial_first8,adds_01,20200813-subject-02/20200813_154103,14,s1_l0,32,3200.0
asymmetric_bad_initial_first8,adds_01,20200813-subject-02/20200813_154103,14,fp,32,2400.0
asymmetric_bad_initial_first8,adds_01,20200813-subject-02/20200813_154408,15,residual,24,2400.0
asymmetric_bad_initial_first8,adds_01,20200813-subject-02/20200813_154408,15,s0_l1,24,2300.0
asymmetric_bad_initial_first8,adds_01,20200813-subject-02/20200813_154408,15,s0_l0,24,2200.0
asymmetric_bad_initial_first8,adds_01,20200813-subject-02/20200813_154408,15,s1_l1,24,2200.0
asymmetric_bad_initial_first8,adds_01,20200813-subject-02/20200813_154408,15,s1_l0,24,2200.0
asymmetric_bad_initial_first8,adds_01,20200813-subject-02/20200813_154408,15,fp,24,2300.0
asymmetric_bad_initial_first8,adds_01,20200813-subject-02/20200813_155021,17,residual,64,4000.0
asymmetric_bad_initial_first8,adds_01,20200813-subject-02/20200813_155021,17,s0_l1,64,4000.0
asymmetric_bad_initial_first8,adds_01,20200813-subject-02/20200813_155021,17,s0_l0,64,4000.0
asymmetric_bad_initial_first8,adds_01,20200813-subject-02/20200813_155021,17,s1_l1,64,4200.0
asymmetric_bad_initial_first8,adds_01,20200813-subject-02/20200813_155021,17,s1_l0,64,4000.0
asymmetric_bad_initial_first8,adds_01,20200813-subject-02/20200813_155021,17,fp,64,3200.0
asymmetric_bad_initial_first8,rotation_deg,20200709-subject-01/20200709_142446,2,residual,40,751.1203759908676
asymmetric_bad_initial_first8,rotation_deg,20200709-subject-01/20200709_142446,2,s0_l1,40,741.7111794054508
asymmetric_bad_initial_first8,rotation_deg,20200709-subject-01/20200709_142446,2,s0_l0,40,742.1298742294312
asymmetric_bad_initial_first8,rotation_deg,20200709-subject-01/20200709_142446,2,s1_l1,40,745.1282902359962
asymmetric_bad_initial_first8,rotation_deg,20200709-subject-01/20200709_142446,2,s1_l0,40,745.6881818771362
asymmetric_bad_initial_first8,rotation_deg,20200709-subject-01/20200709_142446,2,fp,40,767.0484429001808
asymmetric_bad_initial_first8,rotation_deg,20200709-subject-01/20200709_142802,3,residual,24,2339.258894085884
asymmetric_bad_initial_first8,rotation_deg,20200709-subject-01/20200709_142802,3,s0_l1,24,2345.927044272423
asymmetric_bad_initial_first8,rotation_deg,20200709-subject-01/20200709_142802,3,s0_l0,24,2351.168853521347
asymmetric_bad_initial_first8,rotation_deg,20200709-subject-01/20200709_142802,3,s1_l1,24,2348.1346728801727
asymmetric_bad_initial_first8,rotation_deg,20200709-subject-01/20200709_142802,3,s1_l0,24,2348.4974786043167
asymmetric_bad_initial_first8,rotation_deg,20200709-subject-01/20200709_142802,3,fp,24,2340.1576297283173
asymmetric_bad_initial_first8,rotation_deg,20200709-subject-01/20200709_143125,4,residual,32,2027.345425605774
asymmetric_bad_initial_first8,rotation_deg,20200709-subject-01/20200709_143125,4,s0_l1,32,2097.5734062194824
asymmetric_bad_initial_first8,rotation_deg,20200709-subject-01/20200709_143125,4,s0_l0,32,2093.936234474182
asymmetric_bad_initial_first8,rotation_deg,20200709-subject-01/20200709_143125,4,s1_l1,32,2094.299355506897
asymmetric_bad_initial_first8,rotation_deg,20200709-subject-01/20200709_143125,4,s1_l0,32,2089.398673057556
asymmetric_bad_initial_first8,rotation_deg,20200709-subject-01/20200709_143125,4,fp,32,1622.89883518219
asymmetric_bad_initial_first8,rotation_deg,20200709-subject-01/20200709_143531,5,residual,32,1487.4792721271515
asymmetric_bad_initial_first8,rotation_deg,20200709-subject-01/20200709_143531,5,s0_l1,32,1801.9356577396393
asymmetric_bad_initial_first8,rotation_deg,20200709-subject-01/20200709_143531,5,s0_l0,32,1803.62353515625
asymmetric_bad_initial_first8,rotation_deg,20200709-subject-01/20200709_143531,5,s1_l1,32,1839.306917667389
asymmetric_bad_initial_first8,rotation_deg,20200709-subject-01/20200709_143531,5,s1_l0,32,1834.591842532158
asymmetric_bad_initial_first8,rotation_deg,20200709-subject-01/20200709_143531,5,fp,32,1423.7631519138813
asymmetric_bad_initial_first8,rotation_deg,20200709-subject-01/20200709_143907,6,residual,40,1740.5647654533386
asymmetric_bad_initial_first8,rotation_deg,20200709-subject-01/20200709_143907,6,s0_l1,40,1775.4610736370087
asymmetric_bad_initial_first8,rotation_deg,20200709-subject-01/20200709_143907,6,s0_l0,40,1774.988694190979
asymmetric_bad_initial_first8,rotation_deg,20200709-subject-01/20200709_143907,6,s1_l1,40,1761.3173968791962
asymmetric_bad_initial_first8,rotation_deg,20200709-subject-01/20200709_143907,6,s1_l0,40,1759.3684113025665
asymmetric_bad_initial_first8,rotation_deg,20200709-subject-01/20200709_143907,6,fp,40,1908.918894290924
asymmetric_bad_initial_first8,rotation_deg,20200709-subject-01/20200709_144313,7,residual,48,2202.3712755441666
asymmetric_bad_initial_first8,rotation_deg,20200709-subject-01/20200709_144313,7,s0_l1,48,2201.303027689457
asymmetric_bad_initial_first8,rotation_deg,20200709-subject-01/20200709_144313,7,s0_l0,48,2202.856054544449
asymmetric_bad_initial_first8,rotation_deg,20200709-subject-01/20200709_144313,7,s1_l1,48,2203.1511083841324
asymmetric_bad_initial_first8,rotation_deg,20200709-subject-01/20200709_144313,7,s1_l0,48,2202.057765483856
asymmetric_bad_initial_first8,rotation_deg,20200709-subject-01/20200709_144313,7,fp,48,2221.3504679203033
asymmetric_bad_initial_first8,rotation_deg,20200709-subject-01/20200709_144735,8,residual,56,754.8585333824158
asymmetric_bad_initial_first8,rotation_deg,20200709-subject-01/20200709_144735,8,s0_l1,56,682.1618609428406
asymmetric_bad_initial_first8,rotation_deg,20200709-subject-01/20200709_144735,8,s0_l0,56,685.513069152832
asymmetric_bad_initial_first8,rotation_deg,20200709-subject-01/20200709_144735,8,s1_l1,56,659.9438490867615
asymmetric_bad_initial_first8,rotation_deg,20200709-subject-01/20200709_144735,8,s1_l0,56,661.0277135372162
asymmetric_bad_initial_first8,rotation_deg,20200709-subject-01/20200709_144735,8,fp,56,355.8832805156708
asymmetric_bad_initial_first8,rotation_deg,20200709-subject-01/20200709_145132,9,residual,40,124.46344220638275
asymmetric_bad_initial_first8,rotation_deg,20200709-subject-01/20200709_145132,9,s0_l1,40,133.7121724486351
asymmetric_bad_initial_first8,rotation_deg,20200709-subject-01/20200709_145132,9,s0_l0,40,131.7295744419098
asymmetric_bad_initial_first8,rotation_deg,20200709-subject-01/20200709_145132,9,s1_l1,40,139.52523481845856
asymmetric_bad_initial_first8,rotation_deg,20200709-subject-01/20200709_145132,9,s1_l0,40,141.65852308273315
asymmetric_bad_initial_first8,rotation_deg,20200709-subject-01/20200709_145132,9,fp,40,71.31918618083
asymmetric_bad_initial_first8,rotation_deg,20200709-subject-01/20200709_145743,10,residual,40,811.7714853286743
asymmetric_bad_initial_first8,rotation_deg,20200709-subject-01/20200709_145743,10,s0_l1,40,878.5214915275574
asymmetric_bad_initial_first8,rotation_deg,20200709-subject-01/20200709_145743,10,s0_l0,40,882.8362858295441
asymmetric_bad_initial_first8,rotation_deg,20200709-subject-01/20200709_145743,10,s1_l1,40,955.6391671895981
asymmetric_bad_initial_first8,rotation_deg,20200709-subject-01/20200709_145743,10,s1_l0,40,886.6184695959091
asymmetric_bad_initial_first8,rotation_deg,20200709-subject-01/20200709_145743,10,fp,40,972.5547871589661
asymmetric_bad_initial_first8,rotation_deg,20200709-subject-01/20200709_150144,11,residual,16,119.84392654895782
asymmetric_bad_initial_first8,rotation_deg,20200709-subject-01/20200709_150144,11,s0_l1,16,162.72084152698517
asymmetric_bad_initial_first8,rotation_deg,20200709-subject-01/20200709_150144,11,s0_l0,16,161.46047312021255
asymmetric_bad_initial_first8,rotation_deg,20200709-subject-01/20200709_150144,11,s1_l1,16,165.358000934124
asymmetric_bad_initial_first8,rotation_deg,20200709-subject-01/20200709_150144,11,s1_l0,16,153.6640663743019
asymmetric_bad_initial_first8,rotation_deg,20200709-subject-01/20200709_150144,11,fp,16,52.064186096191406
asymmetric_bad_initial_first8,rotation_deg,20200709-subject-01/20200709_150524,12,residual,24,1250.785044312477
asymmetric_bad_initial_first8,rotation_deg,20200709-subject-01/20200709_150524,12,s0_l1,24,1223.3790074586868
asymmetric_bad_initial_first8,rotation_deg,20200709-subject-01/20200709_150524,12,s0_l0,24,1228.811749458313
asymmetric_bad_initial_first8,rotation_deg,20200709-subject-01/20200709_150524,12,s1_l1,24,1218.0718780755997
asymmetric_bad_initial_first8,rotation_deg,20200709-subject-01/20200709_150524,12,s1_l0,24,1220.603324174881
asymmetric_bad_initial_first8,rotation_deg,20200709-subject-01/20200709_150524,12,fp,24,948.9427372217178
asymmetric_bad_initial_first8,rotation_deg,20200709-subject-01/20200709_151246,14,residual,24,253.15421056747437
asymmetric_bad_initial_first8,rotation_deg,20200709-subject-01/20200709_151246,14,s0_l1,24,241.27389800548553
asymmetric_bad_initial_first8,rotation_deg,20200709-subject-01/20200709_151246,14,s0_l0,24,241.7623029947281
asymmetric_bad_initial_first8,rotation_deg,20200709-subject-01/20200709_151246,14,s1_l1,24,243.27491807937622
asymmetric_bad_initial_first8,rotation_deg,20200709-subject-01/20200709_151246,14,s1_l0,24,243.66607785224915
asymmetric_bad_initial_first8,rotation_deg,20200709-subject-01/20200709_151246,14,fp,24,344.64789950847626
asymmetric_bad_initial_first8,rotation_deg,20200709-subject-01/20200709_151632,15,residual,24,161.32851552963257
asymmetric_bad_initial_first8,rotation_deg,20200709-subject-01/20200709_151632,15,s0_l1,24,170.4193971157074
asymmetric_bad_initial_first8,rotation_deg,20200709-subject-01/20200709_151632,15,s0_l0,24,169.33539879322052
asymmetric_bad_initial_first8,rotation_deg,20200709-subject-01/20200709_151632,15,s1_l1,24,179.66857838630676
asymmetric_bad_initial_first8,rotation_deg,20200709-subject-01/20200709_151632,15,s1_l0,24,178.80671346187592
asymmetric_bad_initial_first8,rotation_deg,20200709-subject-01/20200709_151632,15,fp,24,70.0671374797821
asymmetric_bad_initial_first8,rotation_deg,20200709-subject-01/20200709_152420,17,residual,48,3026.8353505134583
asymmetric_bad_initial_first8,rotation_deg,20200709-subject-01/20200709_152420,17,s0_l1,48,3006.056478738785
asymmetric_bad_initial_first8,rotation_deg,20200709-subject-01/20200709_152420,17,s0_l0,48,3007.8297386169434
asymmetric_bad_initial_first8,rotation_deg,20200709-subject-01/20200709_152420,17,s1_l1,48,2987.1019057035446
asymmetric_bad_initial_first8,rotation_deg,20200709-subject-01/20200709_152420,17,s1_l0,48,2986.799260854721
asymmetric_bad_initial_first8,rotation_deg,20200709-subject-01/20200709_152420,17,fp,48,2943.620980978012
asymmetric_bad_initial_first8,rotation_deg,20200813-subject-02/20200813_145920,2,residual,16,26.45801556110382
asymmetric_bad_initial_first8,rotation_deg,20200813-subject-02/20200813_145920,2,s0_l1,16,27.362220883369446
asymmetric_bad_initial_first8,rotation_deg,20200813-subject-02/20200813_145920,2,s0_l0,16,26.797039687633514
asymmetric_bad_initial_first8,rotation_deg,20200813-subject-02/20200813_145920,2,s1_l1,16,26.01733022928238
asymmetric_bad_initial_first8,rotation_deg,20200813-subject-02/20200813_145920,2,s1_l0,16,25.95748770236969
asymmetric_bad_initial_first8,rotation_deg,20200813-subject-02/20200813_145920,2,fp,16,11.121694296598434
asymmetric_bad_initial_first8,rotation_deg,20200813-subject-02/20200813_150228,3,residual,48,172.20687371492386
asymmetric_bad_initial_first8,rotation_deg,20200813-subject-02/20200813_150228,3,s0_l1,48,168.9009643793106
asymmetric_bad_initial_first8,rotation_deg,20200813-subject-02/20200813_150228,3,s0_l0,48,167.9359850883484
asymmetric_bad_initial_first8,rotation_deg,20200813-subject-02/20200813_150228,3,s1_l1,48,174.70988070964813
asymmetric_bad_initial_first8,rotation_deg,20200813-subject-02/20200813_150228,3,s1_l0,48,173.9736067056656
asymmetric_bad_initial_first8,rotation_deg,20200813-subject-02/20200813_150228,3,fp,48,97.21863549947739
asymmetric_bad_initial_first8,rotation_deg,20200813-subject-02/20200813_150535,4,residual,32,541.1539936065674
asymmetric_bad_initial_first8,rotation_deg,20200813-subject-02/20200813_150535,4,s0_l1,32,540.6428632736206
asymmetric_bad_initial_first8,rotation_deg,20200813-subject-02/20200813_150535,4,s0_l0,32,542.6406135559082
asymmetric_bad_initial_first8,rotation_deg,20200813-subject-02/20200813_150535,4,s1_l1,32,538.0262236595154
asymmetric_bad_initial_first8,rotation_deg,20200813-subject-02/20200813_150535,4,s1_l0,32,541.6726274490356
asymmetric_bad_initial_first8,rotation_deg,20200813-subject-02/20200813_150535,4,fp,32,115.43101859092712
asymmetric_bad_initial_first8,rotation_deg,20200813-subject-02/20200813_150823,5,residual,24,227.92367219924927
asymmetric_bad_initial_first8,rotation_deg,20200813-subject-02/20200813_150823,5,s0_l1,24,228.38456165790558
asymmetric_bad_initial_first8,rotation_deg,20200813-subject-02/20200813_150823,5,s0_l0,24,229.55701231956482
asymmetric_bad_initial_first8,rotation_deg,20200813-subject-02/20200813_150823,5,s1_l1,24,237.7621557712555
asymmetric_bad_initial_first8,rotation_deg,20200813-subject-02/20200813_150823,5,s1_l0,24,241.8822615146637
asymmetric_bad_initial_first8,rotation_deg,20200813-subject-02/20200813_150823,5,fp,24,84.41192543506622
asymmetric_bad_initial_first8,rotation_deg,20200813-subject-02/20200813_151117,6,residual,48,1326.5674753189087
asymmetric_bad_initial_first8,rotation_deg,20200813-subject-02/20200813_151117,6,s0_l1,48,902.4628553390503
asymmetric_bad_initial_first8,rotation_deg,20200813-subject-02/20200813_151117,6,s0_l0,48,908.0869979858398
asymmetric_bad_initial_first8,rotation_deg,20200813-subject-02/20200813_151117,6,s1_l1,48,898.1619310379028
asymmetric_bad_initial_first8,rotation_deg,20200813-subject-02/20200813_151117,6,s1_l0,48,904.3561325073242
asymmetric_bad_initial_first8,rotation_deg,20200813-subject-02/20200813_151117,6,fp,48,541.2157353162766
asymmetric_bad_initial_first8,rotation_deg,20200813-subject-02/20200813_151925,7,residual,16,103.28683662414551
asymmetric_bad_initial_first8,rotation_deg,20200813-subject-02/20200813_151925,7,s0_l1,16,103.70016431808472
asymmetric_bad_initial_first8,rotation_deg,20200813-subject-02/20200813_151925,7,s0_l0,16,103.67043828964233
asymmetric_bad_initial_first8,rotation_deg,20200813-subject-02/20200813_151925,7,s1_l1,16,102.60530471801758
asymmetric_bad_initial_first8,rotation_deg,20200813-subject-02/20200813_151925,7,s1_l0,16,102.61214113235474
asymmetric_bad_initial_first8,rotation_deg,20200813-subject-02/20200813_151925,7,fp,16,74.40303635597229
asymmetric_bad_initial_first8,rotation_deg,20200813-subject-02/20200813_152215,8,residual,48,212.48380172252655
asymmetric_bad_initial_first8,rotation_deg,20200813-subject-02/20200813_152215,8,s0_l1,48,205.89825177192688
asymmetric_bad_initial_first8,rotation_deg,20200813-subject-02/20200813_152215,8,s0_l0,48,204.6753853559494
asymmetric_bad_initial_first8,rotation_deg,20200813-subject-02/20200813_152215,8,s1_l1,48,207.53040385246277
asymmetric_bad_initial_first8,rotation_deg,20200813-subject-02/20200813_152215,8,s1_l0,48,207.74100708961487
asymmetric_bad_initial_first8,rotation_deg,20200813-subject-02/20200813_152215,8,fp,48,112.70021390914917
asymmetric_bad_initial_first8,rotation_deg,20200813-subject-02/20200813_152513,9,residual,40,143.963916182518
asymmetric_bad_initial_first8,rotation_deg,20200813-subject-02/20200813_152513,9,s0_l1,40,137.31461548805237
asymmetric_bad_initial_first8,rotation_deg,20200813-subject-02/20200813_152513,9,s0_l0,40,137.88181042671204
asymmetric_bad_initial_first8,rotation_deg,20200813-subject-02/20200813_152513,9,s1_l1,40,140.31395149230957
asymmetric_bad_initial_first8,rotation_deg,20200813-subject-02/20200813_152513,9,s1_l0,40,138.69349932670593
asymmetric_bad_initial_first8,rotation_deg,20200813-subject-02/20200813_152513,9,fp,40,82.85046589374542
asymmetric_bad_initial_first8,rotation_deg,20200813-subject-02/20200813_152842,10,residual,32,449.7726500034332
asymmetric_bad_initial_first8,rotation_deg,20200813-subject-02/20200813_152842,10,s0_l1,32,487.3208478689194
asymmetric_bad_initial_first8,rotation_deg,20200813-subject-02/20200813_152842,10,s0_l0,32,484.7410910129547
asymmetric_bad_initial_first8,rotation_deg,20200813-subject-02/20200813_152842,10,s1_l1,32,483.4557594060898
asymmetric_bad_initial_first8,rotation_deg,20200813-subject-02/20200813_152842,10,s1_l0,32,481.1525716781616
asymmetric_bad_initial_first8,rotation_deg,20200813-subject-02/20200813_152842,10,fp,32,220.37602299451828
asymmetric_bad_initial_first8,rotation_deg,20200813-subject-02/20200813_153453,12,residual,24,680.3924598693848
asymmetric_bad_initial_first8,rotation_deg,20200813-subject-02/20200813_153453,12,s0_l1,24,671.0755305290222
asymmetric_bad_initial_first8,rotation_deg,20200813-subject-02/20200813_153453,12,s0_l0,24,675.045648097992
asymmetric_bad_initial_first8,rotation_deg,20200813-subject-02/20200813_153453,12,s1_l1,24,668.8802938461304
asymmetric_bad_initial_first8,rotation_deg,20200813-subject-02/20200813_153453,12,s1_l0,24,669.024893283844
asymmetric_bad_initial_first8,rotation_deg,20200813-subject-02/20200813_153453,12,fp,24,254.79778277873993
asymmetric_bad_initial_first8,rotation_deg,20200813-subject-02/20200813_154103,14,residual,32,1078.2386989593506
asymmetric_bad_initial_first8,rotation_deg,20200813-subject-02/20200813_154103,14,s0_l1,32,1087.9981203079224
asymmetric_bad_initial_first8,rotation_deg,20200813-subject-02/20200813_154103,14,s0_l0,32,1085.8936276435852
asymmetric_bad_initial_first8,rotation_deg,20200813-subject-02/20200813_154103,14,s1_l1,32,1083.4971194267273
asymmetric_bad_initial_first8,rotation_deg,20200813-subject-02/20200813_154103,14,s1_l0,32,1081.3415157794952
asymmetric_bad_initial_first8,rotation_deg,20200813-subject-02/20200813_154103,14,fp,32,926.4957222938538
asymmetric_bad_initial_first8,rotation_deg,20200813-subject-02/20200813_154408,15,residual,24,175.47178101539612
asymmetric_bad_initial_first8,rotation_deg,20200813-subject-02/20200813_154408,15,s0_l1,24,181.58168268203735
asymmetric_bad_initial_first8,rotation_deg,20200813-subject-02/20200813_154408,15,s0_l0,24,182.36907196044922
asymmetric_bad_initial_first8,rotation_deg,20200813-subject-02/20200813_154408,15,s1_l1,24,189.0607933998108
asymmetric_bad_initial_first8,rotation_deg,20200813-subject-02/20200813_154408,15,s1_l0,24,188.78217148780823
asymmetric_bad_initial_first8,rotation_deg,20200813-subject-02/20200813_154408,15,fp,24,129.3703305721283
asymmetric_bad_initial_first8,rotation_deg,20200813-subject-02/20200813_155021,17,residual,64,5851.483144760132
asymmetric_bad_initial_first8,rotation_deg,20200813-subject-02/20200813_155021,17,s0_l1,64,5738.543889045715
asymmetric_bad_initial_first8,rotation_deg,20200813-subject-02/20200813_155021,17,s0_l0,64,5736.99705696106
asymmetric_bad_initial_first8,rotation_deg,20200813-subject-02/20200813_155021,17,s1_l1,64,5762.461054325104
asymmetric_bad_initial_first8,rotation_deg,20200813-subject-02/20200813_155021,17,s1_l0,64,5724.174606800079
asymmetric_bad_initial_first8,rotation_deg,20200813-subject-02/20200813_155021,17,fp,64,5164.071246147156
asymmetric_bad_initial_first8,center_mm,20200709-subject-01/20200709_142446,2,residual,40,468.7183771133423
asymmetric_bad_initial_first8,center_mm,20200709-subject-01/20200709_142446,2,s0_l1,40,441.1547341346741
asymmetric_bad_initial_first8,center_mm,20200709-subject-01/20200709_142446,2,s0_l0,40,441.65069937705994
asymmetric_bad_initial_first8,center_mm,20200709-subject-01/20200709_142446,2,s1_l1,40,436.69690930843353
asymmetric_bad_initial_first8,center_mm,20200709-subject-01/20200709_142446,2,s1_l0,40,440.11393988132477
asymmetric_bad_initial_first8,center_mm,20200709-subject-01/20200709_142446,2,fp,40,452.3725504875183
asymmetric_bad_initial_first8,center_mm,20200709-subject-01/20200709_142802,3,residual,24,322.1287784576416
asymmetric_bad_initial_first8,center_mm,20200709-subject-01/20200709_142802,3,s0_l1,24,329.8149127960205
asymmetric_bad_initial_first8,center_mm,20200709-subject-01/20200709_142802,3,s0_l0,24,329.8245460987091
asymmetric_bad_initial_first8,center_mm,20200709-subject-01/20200709_142802,3,s1_l1,24,331.0028247833252
asymmetric_bad_initial_first8,center_mm,20200709-subject-01/20200709_142802,3,s1_l0,24,329.81791520118713
asymmetric_bad_initial_first8,center_mm,20200709-subject-01/20200709_142802,3,fp,24,755.4316387176514
asymmetric_bad_initial_first8,center_mm,20200709-subject-01/20200709_143125,4,residual,32,157.82516622543335
asymmetric_bad_initial_first8,center_mm,20200709-subject-01/20200709_143125,4,s0_l1,32,105.2704461812973
asymmetric_bad_initial_first8,center_mm,20200709-subject-01/20200709_143125,4,s0_l0,32,105.82471618056297
asymmetric_bad_initial_first8,center_mm,20200709-subject-01/20200709_143125,4,s1_l1,32,101.68508416414261
asymmetric_bad_initial_first8,center_mm,20200709-subject-01/20200709_143125,4,s1_l0,32,102.39863622188568
asymmetric_bad_initial_first8,center_mm,20200709-subject-01/20200709_143125,4,fp,32,129.67289531230927
asymmetric_bad_initial_first8,center_mm,20200709-subject-01/20200709_143531,5,residual,32,972.6273407936096
asymmetric_bad_initial_first8,center_mm,20200709-subject-01/20200709_143531,5,s0_l1,32,950.4622396230698
asymmetric_bad_initial_first8,center_mm,20200709-subject-01/20200709_143531,5,s0_l0,32,942.5119744539261
asymmetric_bad_initial_first8,center_mm,20200709-subject-01/20200709_143531,5,s1_l1,32,936.3935604095459
asymmetric_bad_initial_first8,center_mm,20200709-subject-01/20200709_143531,5,s1_l0,32,958.2130246162415
asymmetric_bad_initial_first8,center_mm,20200709-subject-01/20200709_143531,5,fp,32,518.259640455246
asymmetric_bad_initial_first8,center_mm,20200709-subject-01/20200709_143907,6,residual,40,905.8480591773987
asymmetric_bad_initial_first8,center_mm,20200709-subject-01/20200709_143907,6,s0_l1,40,847.2505645751953
asymmetric_bad_initial_first8,center_mm,20200709-subject-01/20200709_143907,6,s0_l0,40,852.3847153186798
asymmetric_bad_initial_first8,center_mm,20200709-subject-01/20200709_143907,6,s1_l1,40,855.765331029892
asymmetric_bad_initial_first8,center_mm,20200709-subject-01/20200709_143907,6,s1_l0,40,855.866405248642
asymmetric_bad_initial_first8,center_mm,20200709-subject-01/20200709_143907,6,fp,40,381.09127402305603
asymmetric_bad_initial_first8,center_mm,20200709-subject-01/20200709_144313,7,residual,48,358.7875943183899
asymmetric_bad_initial_first8,center_mm,20200709-subject-01/20200709_144313,7,s0_l1,48,352.95384907722473
asymmetric_bad_initial_first8,center_mm,20200709-subject-01/20200709_144313,7,s0_l0,48,348.4403965473175
asymmetric_bad_initial_first8,center_mm,20200709-subject-01/20200709_144313,7,s1_l1,48,359.6573486328125
asymmetric_bad_initial_first8,center_mm,20200709-subject-01/20200709_144313,7,s1_l0,48,355.51668787002563
asymmetric_bad_initial_first8,center_mm,20200709-subject-01/20200709_144313,7,fp,48,620.039719581604
asymmetric_bad_initial_first8,center_mm,20200709-subject-01/20200709_144735,8,residual,56,798.6040453910828
asymmetric_bad_initial_first8,center_mm,20200709-subject-01/20200709_144735,8,s0_l1,56,910.1085813045502
asymmetric_bad_initial_first8,center_mm,20200709-subject-01/20200709_144735,8,s0_l0,56,919.1433596611023
asymmetric_bad_initial_first8,center_mm,20200709-subject-01/20200709_144735,8,s1_l1,56,942.4600248336792
asymmetric_bad_initial_first8,center_mm,20200709-subject-01/20200709_144735,8,s1_l0,56,948.9973278045654
asymmetric_bad_initial_first8,center_mm,20200709-subject-01/20200709_144735,8,fp,56,389.9898213148117
asymmetric_bad_initial_first8,center_mm,20200709-subject-01/20200709_145132,9,residual,40,229.38770031929016
asymmetric_bad_initial_first8,center_mm,20200709-subject-01/20200709_145132,9,s0_l1,40,232.32965660095215
asymmetric_bad_initial_first8,center_mm,20200709-subject-01/20200709_145132,9,s0_l0,40,233.9556747674942
asymmetric_bad_initial_first8,center_mm,20200709-subject-01/20200709_145132,9,s1_l1,40,239.85775530338287
asymmetric_bad_initial_first8,center_mm,20200709-subject-01/20200709_145132,9,s1_l0,40,239.15983510017395
asymmetric_bad_initial_first8,center_mm,20200709-subject-01/20200709_145132,9,fp,40,210.4050521850586
asymmetric_bad_initial_first8,center_mm,20200709-subject-01/20200709_145743,10,residual,40,513.4936149120331
asymmetric_bad_initial_first8,center_mm,20200709-subject-01/20200709_145743,10,s0_l1,40,464.5828688144684
asymmetric_bad_initial_first8,center_mm,20200709-subject-01/20200709_145743,10,s0_l0,40,465.41145753860474
asymmetric_bad_initial_first8,center_mm,20200709-subject-01/20200709_145743,10,s1_l1,40,489.4895865917206
asymmetric_bad_initial_first8,center_mm,20200709-subject-01/20200709_145743,10,s1_l0,40,480.83452343940735
asymmetric_bad_initial_first8,center_mm,20200709-subject-01/20200709_145743,10,fp,40,1176.4679071903229
asymmetric_bad_initial_first8,center_mm,20200709-subject-01/20200709_150144,11,residual,16,97.4660222530365
asymmetric_bad_initial_first8,center_mm,20200709-subject-01/20200709_150144,11,s0_l1,16,95.65868294239044
asymmetric_bad_initial_first8,center_mm,20200709-subject-01/20200709_150144,11,s0_l0,16,94.74862909317017
asymmetric_bad_initial_first8,center_mm,20200709-subject-01/20200709_150144,11,s1_l1,16,96.71554970741272
asymmetric_bad_initial_first8,center_mm,20200709-subject-01/20200709_150144,11,s1_l0,16,95.92793071269989
asymmetric_bad_initial_first8,center_mm,20200709-subject-01/20200709_150144,11,fp,16,32.07302439212799
asymmetric_bad_initial_first8,center_mm,20200709-subject-01/20200709_150524,12,residual,24,317.0295777320862
asymmetric_bad_initial_first8,center_mm,20200709-subject-01/20200709_150524,12,s0_l1,24,329.39501309394836
asymmetric_bad_initial_first8,center_mm,20200709-subject-01/20200709_150524,12,s0_l0,24,325.78940510749817
asymmetric_bad_initial_first8,center_mm,20200709-subject-01/20200709_150524,12,s1_l1,24,330.5878963470459
asymmetric_bad_initial_first8,center_mm,20200709-subject-01/20200709_150524,12,s1_l0,24,331.00689244270325
asymmetric_bad_initial_first8,center_mm,20200709-subject-01/20200709_150524,12,fp,24,1276.7052035331726
asymmetric_bad_initial_first8,center_mm,20200709-subject-01/20200709_151246,14,residual,24,240.83014011383057
asymmetric_bad_initial_first8,center_mm,20200709-subject-01/20200709_151246,14,s0_l1,24,236.78195095062256
asymmetric_bad_initial_first8,center_mm,20200709-subject-01/20200709_151246,14,s0_l0,24,235.95632457733154
asymmetric_bad_initial_first8,center_mm,20200709-subject-01/20200709_151246,14,s1_l1,24,233.83902072906494
asymmetric_bad_initial_first8,center_mm,20200709-subject-01/20200709_151246,14,s1_l0,24,232.86534309387207
asymmetric_bad_initial_first8,center_mm,20200709-subject-01/20200709_151246,14,fp,24,146.6839239001274
asymmetric_bad_initial_first8,center_mm,20200709-subject-01/20200709_151632,15,residual,24,227.6587357521057
asymmetric_bad_initial_first8,center_mm,20200709-subject-01/20200709_151632,15,s0_l1,24,226.71407198905945
asymmetric_bad_initial_first8,center_mm,20200709-subject-01/20200709_151632,15,s0_l0,24,224.31259560585022
asymmetric_bad_initial_first8,center_mm,20200709-subject-01/20200709_151632,15,s1_l1,24,244.19568276405334
asymmetric_bad_initial_first8,center_mm,20200709-subject-01/20200709_151632,15,s1_l0,24,244.32690453529358
asymmetric_bad_initial_first8,center_mm,20200709-subject-01/20200709_151632,15,fp,24,185.72592496871948
asymmetric_bad_initial_first8,center_mm,20200709-subject-01/20200709_152420,17,residual,48,1177.232919216156
asymmetric_bad_initial_first8,center_mm,20200709-subject-01/20200709_152420,17,s0_l1,48,1122.4525201320648
asymmetric_bad_initial_first8,center_mm,20200709-subject-01/20200709_152420,17,s0_l0,48,1126.553758263588
asymmetric_bad_initial_first8,center_mm,20200709-subject-01/20200709_152420,17,s1_l1,48,1123.7543236017227
asymmetric_bad_initial_first8,center_mm,20200709-subject-01/20200709_152420,17,s1_l0,48,1121.3873726129532
asymmetric_bad_initial_first8,center_mm,20200709-subject-01/20200709_152420,17,fp,48,872.685911655426
asymmetric_bad_initial_first8,center_mm,20200813-subject-02/20200813_145920,2,residual,16,44.89152076840401
asymmetric_bad_initial_first8,center_mm,20200813-subject-02/20200813_145920,2,s0_l1,16,56.649428963661194
asymmetric_bad_initial_first8,center_mm,20200813-subject-02/20200813_145920,2,s0_l0,16,55.86685657501221
asymmetric_bad_initial_first8,center_mm,20200813-subject-02/20200813_145920,2,s1_l1,16,60.1540961265564
asymmetric_bad_initial_first8,center_mm,20200813-subject-02/20200813_145920,2,s1_l0,16,60.31325423717499
asymmetric_bad_initial_first8,center_mm,20200813-subject-02/20200813_145920,2,fp,16,45.035362243652344
asymmetric_bad_initial_first8,center_mm,20200813-subject-02/20200813_150228,3,residual,48,259.50659441947937
asymmetric_bad_initial_first8,center_mm,20200813-subject-02/20200813_150228,3,s0_l1,48,243.25249111652374
asymmetric_bad_initial_first8,center_mm,20200813-subject-02/20200813_150228,3,s0_l0,48,241.6583788394928
asymmetric_bad_initial_first8,center_mm,20200813-subject-02/20200813_150228,3,s1_l1,48,245.43359303474426
asymmetric_bad_initial_first8,center_mm,20200813-subject-02/20200813_150228,3,s1_l0,48,244.41874182224274
asymmetric_bad_initial_first8,center_mm,20200813-subject-02/20200813_150228,3,fp,48,359.307404756546
asymmetric_bad_initial_first8,center_mm,20200813-subject-02/20200813_150535,4,residual,32,228.9252462387085
asymmetric_bad_initial_first8,center_mm,20200813-subject-02/20200813_150535,4,s0_l1,32,182.8144326210022
asymmetric_bad_initial_first8,center_mm,20200813-subject-02/20200813_150535,4,s0_l0,32,182.0264048576355
asymmetric_bad_initial_first8,center_mm,20200813-subject-02/20200813_150535,4,s1_l1,32,187.65627455711365
asymmetric_bad_initial_first8,center_mm,20200813-subject-02/20200813_150535,4,s1_l0,32,187.30494713783264
asymmetric_bad_initial_first8,center_mm,20200813-subject-02/20200813_150535,4,fp,32,181.42375993728638
asymmetric_bad_initial_first8,center_mm,20200813-subject-02/20200813_150823,5,residual,24,138.2844045162201
asymmetric_bad_initial_first8,center_mm,20200813-subject-02/20200813_150823,5,s0_l1,24,135.61798202991486
asymmetric_bad_initial_first8,center_mm,20200813-subject-02/20200813_150823,5,s0_l0,24,135.70938110351562
asymmetric_bad_initial_first8,center_mm,20200813-subject-02/20200813_150823,5,s1_l1,24,137.8540587425232
asymmetric_bad_initial_first8,center_mm,20200813-subject-02/20200813_150823,5,s1_l0,24,139.51608967781067
asymmetric_bad_initial_first8,center_mm,20200813-subject-02/20200813_150823,5,fp,24,115.46530652046204
asymmetric_bad_initial_first8,center_mm,20200813-subject-02/20200813_151117,6,residual,48,1191.8542320132256
asymmetric_bad_initial_first8,center_mm,20200813-subject-02/20200813_151117,6,s0_l1,48,561.4894222021103
asymmetric_bad_initial_first8,center_mm,20200813-subject-02/20200813_151117,6,s0_l0,48,567.8369235992432
asymmetric_bad_initial_first8,center_mm,20200813-subject-02/20200813_151117,6,s1_l1,48,604.8242013454437
asymmetric_bad_initial_first8,center_mm,20200813-subject-02/20200813_151117,6,s1_l0,48,605.0219522714615
asymmetric_bad_initial_first8,center_mm,20200813-subject-02/20200813_151117,6,fp,48,419.5752342939377
asymmetric_bad_initial_first8,center_mm,20200813-subject-02/20200813_151925,7,residual,16,130.2073311805725
asymmetric_bad_initial_first8,center_mm,20200813-subject-02/20200813_151925,7,s0_l1,16,99.1618480682373
asymmetric_bad_initial_first8,center_mm,20200813-subject-02/20200813_151925,7,s0_l0,16,98.9514627456665
asymmetric_bad_initial_first8,center_mm,20200813-subject-02/20200813_151925,7,s1_l1,16,103.84616279602051
asymmetric_bad_initial_first8,center_mm,20200813-subject-02/20200813_151925,7,s1_l0,16,103.31388473510742
asymmetric_bad_initial_first8,center_mm,20200813-subject-02/20200813_151925,7,fp,16,90.09538102149963
asymmetric_bad_initial_first8,center_mm,20200813-subject-02/20200813_152215,8,residual,48,274.14600390195847
asymmetric_bad_initial_first8,center_mm,20200813-subject-02/20200813_152215,8,s0_l1,48,247.63358891010284
asymmetric_bad_initial_first8,center_mm,20200813-subject-02/20200813_152215,8,s0_l0,48,246.42549806833267
asymmetric_bad_initial_first8,center_mm,20200813-subject-02/20200813_152215,8,s1_l1,48,244.25296294689178
asymmetric_bad_initial_first8,center_mm,20200813-subject-02/20200813_152215,8,s1_l0,48,244.14793902635574
asymmetric_bad_initial_first8,center_mm,20200813-subject-02/20200813_152215,8,fp,48,318.29301357269287
asymmetric_bad_initial_first8,center_mm,20200813-subject-02/20200813_152513,9,residual,40,312.95205157995224
asymmetric_bad_initial_first8,center_mm,20200813-subject-02/20200813_152513,9,s0_l1,40,237.64454904198647
asymmetric_bad_initial_first8,center_mm,20200813-subject-02/20200813_152513,9,s0_l0,40,236.18240985274315
asymmetric_bad_initial_first8,center_mm,20200813-subject-02/20200813_152513,9,s1_l1,40,238.28116142749786
asymmetric_bad_initial_first8,center_mm,20200813-subject-02/20200813_152513,9,s1_l0,40,237.38109821081161
asymmetric_bad_initial_first8,center_mm,20200813-subject-02/20200813_152513,9,fp,40,268.49963968992233
asymmetric_bad_initial_first8,center_mm,20200813-subject-02/20200813_152842,10,residual,32,372.196790933609
asymmetric_bad_initial_first8,center_mm,20200813-subject-02/20200813_152842,10,s0_l1,32,382.94806265830994
asymmetric_bad_initial_first8,center_mm,20200813-subject-02/20200813_152842,10,s0_l0,32,384.058207988739
asymmetric_bad_initial_first8,center_mm,20200813-subject-02/20200813_152842,10,s1_l1,32,379.3797469139099
asymmetric_bad_initial_first8,center_mm,20200813-subject-02/20200813_152842,10,s1_l0,32,380.3194673061371
asymmetric_bad_initial_first8,center_mm,20200813-subject-02/20200813_152842,10,fp,32,291.6857147216797
asymmetric_bad_initial_first8,center_mm,20200813-subject-02/20200813_153453,12,residual,24,553.3140850067139
asymmetric_bad_initial_first8,center_mm,20200813-subject-02/20200813_153453,12,s0_l1,24,460.14120495319366
asymmetric_bad_initial_first8,center_mm,20200813-subject-02/20200813_153453,12,s0_l0,24,464.2754645347595
asymmetric_bad_initial_first8,center_mm,20200813-subject-02/20200813_153453,12,s1_l1,24,462.3671245574951
asymmetric_bad_initial_first8,center_mm,20200813-subject-02/20200813_153453,12,s1_l0,24,460.4494082927704
asymmetric_bad_initial_first8,center_mm,20200813-subject-02/20200813_153453,12,fp,24,553.4031138420105
asymmetric_bad_initial_first8,center_mm,20200813-subject-02/20200813_154103,14,residual,32,283.5712625980377
asymmetric_bad_initial_first8,center_mm,20200813-subject-02/20200813_154103,14,s0_l1,32,279.86652874946594
asymmetric_bad_initial_first8,center_mm,20200813-subject-02/20200813_154103,14,s0_l0,32,277.2122097015381
asymmetric_bad_initial_first8,center_mm,20200813-subject-02/20200813_154103,14,s1_l1,32,288.8139388561249
asymmetric_bad_initial_first8,center_mm,20200813-subject-02/20200813_154103,14,s1_l0,32,288.17738223075867
asymmetric_bad_initial_first8,center_mm,20200813-subject-02/20200813_154103,14,fp,32,508.31127095222473
asymmetric_bad_initial_first8,center_mm,20200813-subject-02/20200813_154408,15,residual,24,365.4841914176941
asymmetric_bad_initial_first8,center_mm,20200813-subject-02/20200813_154408,15,s0_l1,24,490.7273840904236
asymmetric_bad_initial_first8,center_mm,20200813-subject-02/20200813_154408,15,s0_l0,24,501.0950565338135
asymmetric_bad_initial_first8,center_mm,20200813-subject-02/20200813_154408,15,s1_l1,24,525.0565230846405
asymmetric_bad_initial_first8,center_mm,20200813-subject-02/20200813_154408,15,s1_l0,24,556.0414696931839
asymmetric_bad_initial_first8,center_mm,20200813-subject-02/20200813_154408,15,fp,24,311.2795376777649
asymmetric_bad_initial_first8,center_mm,20200813-subject-02/20200813_155021,17,residual,64,2546.2788763046265
asymmetric_bad_initial_first8,center_mm,20200813-subject-02/20200813_155021,17,s0_l1,64,2367.477993965149
asymmetric_bad_initial_first8,center_mm,20200813-subject-02/20200813_155021,17,s0_l0,64,2342.013144493103
asymmetric_bad_initial_first8,center_mm,20200813-subject-02/20200813_155021,17,s1_l1,64,2369.588186264038
asymmetric_bad_initial_first8,center_mm,20200813-subject-02/20200813_155021,17,s1_l0,64,2307.808804512024
asymmetric_bad_initial_first8,center_mm,20200813-subject-02/20200813_155021,17,fp,64,4146.662380695343
symmetric_bad_initial_first8,add_01,20200709-subject-01/20200709_142123,1,residual,24,1500.0
symmetric_bad_initial_first8,add_01,20200709-subject-01/20200709_142123,1,s0_l1,24,1500.0
symmetric_bad_initial_first8,add_01,20200709-subject-01/20200709_142123,1,s0_l0,24,1500.0
symmetric_bad_initial_first8,add_01,20200709-subject-01/20200709_142123,1,s1_l1,24,1500.0
symmetric_bad_initial_first8,add_01,20200709-subject-01/20200709_142123,1,s1_l0,24,1500.0
symmetric_bad_initial_first8,add_01,20200709-subject-01/20200709_142123,1,fp,24,1600.0
symmetric_bad_initial_first8,add_01,20200709-subject-01/20200709_150906,13,residual,24,800.0
symmetric_bad_initial_first8,add_01,20200709-subject-01/20200709_150906,13,s0_l1,24,800.0
symmetric_bad_initial_first8,add_01,20200709-subject-01/20200709_150906,13,s0_l0,24,800.0
symmetric_bad_initial_first8,add_01,20200709-subject-01/20200709_150906,13,s1_l1,24,800.0
symmetric_bad_initial_first8,add_01,20200709-subject-01/20200709_150906,13,s1_l0,24,800.0
symmetric_bad_initial_first8,add_01,20200709-subject-01/20200709_150906,13,fp,24,600.0
symmetric_bad_initial_first8,add_01,20200709-subject-01/20200709_151948,16,residual,16,700.0
symmetric_bad_initial_first8,add_01,20200709-subject-01/20200709_151948,16,s0_l1,16,800.0
symmetric_bad_initial_first8,add_01,20200709-subject-01/20200709_151948,16,s0_l0,16,800.0
symmetric_bad_initial_first8,add_01,20200709-subject-01/20200709_151948,16,s1_l1,16,700.0
symmetric_bad_initial_first8,add_01,20200709-subject-01/20200709_151948,16,s1_l0,16,700.0
symmetric_bad_initial_first8,add_01,20200709-subject-01/20200709_151948,16,fp,16,800.0
symmetric_bad_initial_first8,add_01,20200709-subject-01/20200709_152757,18,residual,64,1600.0
symmetric_bad_initial_first8,add_01,20200709-subject-01/20200709_152757,18,s0_l1,64,3000.0
symmetric_bad_initial_first8,add_01,20200709-subject-01/20200709_152757,18,s0_l0,64,3000.0
symmetric_bad_initial_first8,add_01,20200709-subject-01/20200709_152757,18,s1_l1,64,2700.0
symmetric_bad_initial_first8,add_01,20200709-subject-01/20200709_152757,18,s1_l0,64,2600.0
symmetric_bad_initial_first8,add_01,20200709-subject-01/20200709_152757,18,fp,64,4200.0
symmetric_bad_initial_first8,add_01,20200709-subject-01/20200709_153148,20,residual,64,1600.0
symmetric_bad_initial_first8,add_01,20200709-subject-01/20200709_153148,20,s0_l1,64,1600.0
symmetric_bad_initial_first8,add_01,20200709-subject-01/20200709_153148,20,s0_l0,64,1600.0
symmetric_bad_initial_first8,add_01,20200709-subject-01/20200709_153148,20,s1_l1,64,1600.0
symmetric_bad_initial_first8,add_01,20200709-subject-01/20200709_153148,20,s1_l0,64,1600.0
symmetric_bad_initial_first8,add_01,20200709-subject-01/20200709_153148,20,fp,64,2400.0
symmetric_bad_initial_first8,add_01,20200709-subject-01/20200709_153548,21,residual,48,1400.0
symmetric_bad_initial_first8,add_01,20200709-subject-01/20200709_153548,21,s0_l1,48,1400.0
symmetric_bad_initial_first8,add_01,20200709-subject-01/20200709_153548,21,s0_l0,48,1400.0
symmetric_bad_initial_first8,add_01,20200709-subject-01/20200709_153548,21,s1_l1,48,1400.0
symmetric_bad_initial_first8,add_01,20200709-subject-01/20200709_153548,21,s1_l0,48,1400.0
symmetric_bad_initial_first8,add_01,20200709-subject-01/20200709_153548,21,fp,48,800.0
symmetric_bad_initial_first8,add_01,20200813-subject-02/20200813_153802,13,residual,24,0.0
symmetric_bad_initial_first8,add_01,20200813-subject-02/20200813_153802,13,s0_l1,24,0.0
symmetric_bad_initial_first8,add_01,20200813-subject-02/20200813_153802,13,s0_l0,24,0.0
symmetric_bad_initial_first8,add_01,20200813-subject-02/20200813_153802,13,s1_l1,24,0.0
symmetric_bad_initial_first8,add_01,20200813-subject-02/20200813_153802,13,s1_l0,24,0.0
symmetric_bad_initial_first8,add_01,20200813-subject-02/20200813_153802,13,fp,24,0.0
symmetric_bad_initial_first8,add_01,20200813-subject-02/20200813_154729,16,residual,8,0.0
symmetric_bad_initial_first8,add_01,20200813-subject-02/20200813_154729,16,s0_l1,8,0.0
symmetric_bad_initial_first8,add_01,20200813-subject-02/20200813_154729,16,s0_l0,8,0.0
symmetric_bad_initial_first8,add_01,20200813-subject-02/20200813_154729,16,s1_l1,8,0.0
symmetric_bad_initial_first8,add_01,20200813-subject-02/20200813_154729,16,s1_l0,8,0.0
symmetric_bad_initial_first8,add_01,20200813-subject-02/20200813_154729,16,fp,8,0.0
symmetric_bad_initial_first8,add_01,20200813-subject-02/20200813_155314,18,residual,48,1600.0
symmetric_bad_initial_first8,add_01,20200813-subject-02/20200813_155314,18,s0_l1,48,1500.0
symmetric_bad_initial_first8,add_01,20200813-subject-02/20200813_155314,18,s0_l0,48,1700.0
symmetric_bad_initial_first8,add_01,20200813-subject-02/20200813_155314,18,s1_l1,48,1500.0
symmetric_bad_initial_first8,add_01,20200813-subject-02/20200813_155314,18,s1_l0,48,1500.0
symmetric_bad_initial_first8,add_01,20200813-subject-02/20200813_155314,18,fp,48,900.0
symmetric_bad_initial_first8,add_01,20200813-subject-02/20200813_155633,20,residual,24,1600.0
symmetric_bad_initial_first8,add_01,20200813-subject-02/20200813_155633,20,s0_l1,24,1600.0
symmetric_bad_initial_first8,add_01,20200813-subject-02/20200813_155633,20,s0_l0,24,1600.0
symmetric_bad_initial_first8,add_01,20200813-subject-02/20200813_155633,20,s1_l1,24,1600.0
symmetric_bad_initial_first8,add_01,20200813-subject-02/20200813_155633,20,s1_l0,24,1600.0
symmetric_bad_initial_first8,add_01,20200813-subject-02/20200813_155633,20,fp,24,1600.0
symmetric_bad_initial_first8,add_01,20200813-subject-02/20200813_155953,21,residual,56,600.0
symmetric_bad_initial_first8,add_01,20200813-subject-02/20200813_155953,21,s0_l1,56,600.0
symmetric_bad_initial_first8,add_01,20200813-subject-02/20200813_155953,21,s0_l0,56,600.0
symmetric_bad_initial_first8,add_01,20200813-subject-02/20200813_155953,21,s1_l1,56,600.0
symmetric_bad_initial_first8,add_01,20200813-subject-02/20200813_155953,21,s1_l0,56,600.0
symmetric_bad_initial_first8,add_01,20200813-subject-02/20200813_155953,21,fp,56,700.0
symmetric_bad_initial_first8,adds_005,20200709-subject-01/20200709_142123,1,residual,24,2300.0
symmetric_bad_initial_first8,adds_005,20200709-subject-01/20200709_142123,1,s0_l1,24,2300.0
symmetric_bad_initial_first8,adds_005,20200709-subject-01/20200709_142123,1,s0_l0,24,2300.0
symmetric_bad_initial_first8,adds_005,20200709-subject-01/20200709_142123,1,s1_l1,24,2300.0
symmetric_bad_initial_first8,adds_005,20200709-subject-01/20200709_142123,1,s1_l0,24,2300.0
symmetric_bad_initial_first8,adds_005,20200709-subject-01/20200709_142123,1,fp,24,2400.0
symmetric_bad_initial_first8,adds_005,20200709-subject-01/20200709_150906,13,residual,24,2400.0
symmetric_bad_initial_first8,adds_005,20200709-subject-01/20200709_150906,13,s0_l1,24,2400.0
symmetric_bad_initial_first8,adds_005,20200709-subject-01/20200709_150906,13,s0_l0,24,2400.0
symmetric_bad_initial_first8,adds_005,20200709-subject-01/20200709_150906,13,s1_l1,24,2400.0
symmetric_bad_initial_first8,adds_005,20200709-subject-01/20200709_150906,13,s1_l0,24,2400.0
symmetric_bad_initial_first8,adds_005,20200709-subject-01/20200709_150906,13,fp,24,2400.0
symmetric_bad_initial_first8,adds_005,20200709-subject-01/20200709_151948,16,residual,16,1600.0
symmetric_bad_initial_first8,adds_005,20200709-subject-01/20200709_151948,16,s0_l1,16,1600.0
symmetric_bad_initial_first8,adds_005,20200709-subject-01/20200709_151948,16,s0_l0,16,1600.0
symmetric_bad_initial_first8,adds_005,20200709-subject-01/20200709_151948,16,s1_l1,16,1600.0
symmetric_bad_initial_first8,adds_005,20200709-subject-01/20200709_151948,16,s1_l0,16,1600.0
symmetric_bad_initial_first8,adds_005,20200709-subject-01/20200709_151948,16,fp,16,1600.0
symmetric_bad_initial_first8,adds_005,20200709-subject-01/20200709_152757,18,residual,64,3000.0
symmetric_bad_initial_first8,adds_005,20200709-subject-01/20200709_152757,18,s0_l1,64,3800.0
symmetric_bad_initial_first8,adds_005,20200709-subject-01/20200709_152757,18,s0_l0,64,3700.0
symmetric_bad_initial_first8,adds_005,20200709-subject-01/20200709_152757,18,s1_l1,64,3700.0
symmetric_bad_initial_first8,adds_005,20200709-subject-01/20200709_152757,18,s1_l0,64,3700.0
symmetric_bad_initial_first8,adds_005,20200709-subject-01/20200709_152757,18,fp,64,5100.0
symmetric_bad_initial_first8,adds_005,20200709-subject-01/20200709_153148,20,residual,64,4100.0
symmetric_bad_initial_first8,adds_005,20200709-subject-01/20200709_153148,20,s0_l1,64,4100.0
symmetric_bad_initial_first8,adds_005,20200709-subject-01/20200709_153148,20,s0_l0,64,4100.0
symmetric_bad_initial_first8,adds_005,20200709-subject-01/20200709_153148,20,s1_l1,64,4000.0
symmetric_bad_initial_first8,adds_005,20200709-subject-01/20200709_153148,20,s1_l0,64,4000.0
symmetric_bad_initial_first8,adds_005,20200709-subject-01/20200709_153148,20,fp,64,5400.0
symmetric_bad_initial_first8,adds_005,20200709-subject-01/20200709_153548,21,residual,48,3700.0
symmetric_bad_initial_first8,adds_005,20200709-subject-01/20200709_153548,21,s0_l1,48,3900.0
symmetric_bad_initial_first8,adds_005,20200709-subject-01/20200709_153548,21,s0_l0,48,3900.0
symmetric_bad_initial_first8,adds_005,20200709-subject-01/20200709_153548,21,s1_l1,48,3900.0
symmetric_bad_initial_first8,adds_005,20200709-subject-01/20200709_153548,21,s1_l0,48,3900.0
symmetric_bad_initial_first8,adds_005,20200709-subject-01/20200709_153548,21,fp,48,3100.0
symmetric_bad_initial_first8,adds_005,20200813-subject-02/20200813_153802,13,residual,24,1600.0
symmetric_bad_initial_first8,adds_005,20200813-subject-02/20200813_153802,13,s0_l1,24,1600.0
symmetric_bad_initial_first8,adds_005,20200813-subject-02/20200813_153802,13,s0_l0,24,1600.0
symmetric_bad_initial_first8,adds_005,20200813-subject-02/20200813_153802,13,s1_l1,24,1600.0
symmetric_bad_initial_first8,adds_005,20200813-subject-02/20200813_153802,13,s1_l0,24,1600.0
symmetric_bad_initial_first8,adds_005,20200813-subject-02/20200813_153802,13,fp,24,1800.0
symmetric_bad_initial_first8,adds_005,20200813-subject-02/20200813_154729,16,residual,8,800.0
symmetric_bad_initial_first8,adds_005,20200813-subject-02/20200813_154729,16,s0_l1,8,700.0
symmetric_bad_initial_first8,adds_005,20200813-subject-02/20200813_154729,16,s0_l0,8,700.0
symmetric_bad_initial_first8,adds_005,20200813-subject-02/20200813_154729,16,s1_l1,8,700.0
symmetric_bad_initial_first8,adds_005,20200813-subject-02/20200813_154729,16,s1_l0,8,700.0
symmetric_bad_initial_first8,adds_005,20200813-subject-02/20200813_154729,16,fp,8,800.0
symmetric_bad_initial_first8,adds_005,20200813-subject-02/20200813_155314,18,residual,48,3200.0
symmetric_bad_initial_first8,adds_005,20200813-subject-02/20200813_155314,18,s0_l1,48,3500.0
symmetric_bad_initial_first8,adds_005,20200813-subject-02/20200813_155314,18,s0_l0,48,3500.0
symmetric_bad_initial_first8,adds_005,20200813-subject-02/20200813_155314,18,s1_l1,48,3400.0
symmetric_bad_initial_first8,adds_005,20200813-subject-02/20200813_155314,18,s1_l0,48,3400.0
symmetric_bad_initial_first8,adds_005,20200813-subject-02/20200813_155314,18,fp,48,3500.0
symmetric_bad_initial_first8,adds_005,20200813-subject-02/20200813_155633,20,residual,24,2400.0
symmetric_bad_initial_first8,adds_005,20200813-subject-02/20200813_155633,20,s0_l1,24,2400.0
symmetric_bad_initial_first8,adds_005,20200813-subject-02/20200813_155633,20,s0_l0,24,2400.0
symmetric_bad_initial_first8,adds_005,20200813-subject-02/20200813_155633,20,s1_l1,24,2400.0
symmetric_bad_initial_first8,adds_005,20200813-subject-02/20200813_155633,20,s1_l0,24,2400.0
symmetric_bad_initial_first8,adds_005,20200813-subject-02/20200813_155633,20,fp,24,2400.0
symmetric_bad_initial_first8,adds_005,20200813-subject-02/20200813_155953,21,residual,56,2100.0
symmetric_bad_initial_first8,adds_005,20200813-subject-02/20200813_155953,21,s0_l1,56,2100.0
symmetric_bad_initial_first8,adds_005,20200813-subject-02/20200813_155953,21,s0_l0,56,2100.0
symmetric_bad_initial_first8,adds_005,20200813-subject-02/20200813_155953,21,s1_l1,56,2100.0
symmetric_bad_initial_first8,adds_005,20200813-subject-02/20200813_155953,21,s1_l0,56,2100.0
symmetric_bad_initial_first8,adds_005,20200813-subject-02/20200813_155953,21,fp,56,2100.0
symmetric_bad_initial_first8,adds_01,20200709-subject-01/20200709_142123,1,residual,24,2400.0
symmetric_bad_initial_first8,adds_01,20200709-subject-01/20200709_142123,1,s0_l1,24,2400.0
symmetric_bad_initial_first8,adds_01,20200709-subject-01/20200709_142123,1,s0_l0,24,2400.0
symmetric_bad_initial_first8,adds_01,20200709-subject-01/20200709_142123,1,s1_l1,24,2400.0
symmetric_bad_initial_first8,adds_01,20200709-subject-01/20200709_142123,1,s1_l0,24,2400.0
symmetric_bad_initial_first8,adds_01,20200709-subject-01/20200709_142123,1,fp,24,2400.0
symmetric_bad_initial_first8,adds_01,20200709-subject-01/20200709_150906,13,residual,24,2400.0
symmetric_bad_initial_first8,adds_01,20200709-subject-01/20200709_150906,13,s0_l1,24,2400.0
symmetric_bad_initial_first8,adds_01,20200709-subject-01/20200709_150906,13,s0_l0,24,2400.0
symmetric_bad_initial_first8,adds_01,20200709-subject-01/20200709_150906,13,s1_l1,24,2400.0
symmetric_bad_initial_first8,adds_01,20200709-subject-01/20200709_150906,13,s1_l0,24,2400.0
symmetric_bad_initial_first8,adds_01,20200709-subject-01/20200709_150906,13,fp,24,2400.0
symmetric_bad_initial_first8,adds_01,20200709-subject-01/20200709_151948,16,residual,16,1600.0
symmetric_bad_initial_first8,adds_01,20200709-subject-01/20200709_151948,16,s0_l1,16,1600.0
symmetric_bad_initial_first8,adds_01,20200709-subject-01/20200709_151948,16,s0_l0,16,1600.0
symmetric_bad_initial_first8,adds_01,20200709-subject-01/20200709_151948,16,s1_l1,16,1600.0
symmetric_bad_initial_first8,adds_01,20200709-subject-01/20200709_151948,16,s1_l0,16,1600.0
symmetric_bad_initial_first8,adds_01,20200709-subject-01/20200709_151948,16,fp,16,1600.0
symmetric_bad_initial_first8,adds_01,20200709-subject-01/20200709_152757,18,residual,64,4600.0
symmetric_bad_initial_first8,adds_01,20200709-subject-01/20200709_152757,18,s0_l1,64,4800.0
symmetric_bad_initial_first8,adds_01,20200709-subject-01/20200709_152757,18,s0_l0,64,4700.0
symmetric_bad_initial_first8,adds_01,20200709-subject-01/20200709_152757,18,s1_l1,64,4800.0
symmetric_bad_initial_first8,adds_01,20200709-subject-01/20200709_152757,18,s1_l0,64,4800.0
symmetric_bad_initial_first8,adds_01,20200709-subject-01/20200709_152757,18,fp,64,5300.0
symmetric_bad_initial_first8,adds_01,20200709-subject-01/20200709_153148,20,residual,64,5600.0
symmetric_bad_initial_first8,adds_01,20200709-subject-01/20200709_153148,20,s0_l1,64,5200.0
symmetric_bad_initial_first8,adds_01,20200709-subject-01/20200709_153148,20,s0_l0,64,5200.0
symmetric_bad_initial_first8,adds_01,20200709-subject-01/20200709_153148,20,s1_l1,64,5100.0
symmetric_bad_initial_first8,adds_01,20200709-subject-01/20200709_153148,20,s1_l0,64,5100.0
symmetric_bad_initial_first8,adds_01,20200709-subject-01/20200709_153148,20,fp,64,5600.0
symmetric_bad_initial_first8,adds_01,20200709-subject-01/20200709_153548,21,residual,48,4800.0
symmetric_bad_initial_first8,adds_01,20200709-subject-01/20200709_153548,21,s0_l1,48,4800.0
symmetric_bad_initial_first8,adds_01,20200709-subject-01/20200709_153548,21,s0_l0,48,4800.0
symmetric_bad_initial_first8,adds_01,20200709-subject-01/20200709_153548,21,s1_l1,48,4800.0
symmetric_bad_initial_first8,adds_01,20200709-subject-01/20200709_153548,21,s1_l0,48,4800.0
symmetric_bad_initial_first8,adds_01,20200709-subject-01/20200709_153548,21,fp,48,4700.0
symmetric_bad_initial_first8,adds_01,20200813-subject-02/20200813_153802,13,residual,24,1600.0
symmetric_bad_initial_first8,adds_01,20200813-subject-02/20200813_153802,13,s0_l1,24,1600.0
symmetric_bad_initial_first8,adds_01,20200813-subject-02/20200813_153802,13,s0_l0,24,1600.0
symmetric_bad_initial_first8,adds_01,20200813-subject-02/20200813_153802,13,s1_l1,24,1600.0
symmetric_bad_initial_first8,adds_01,20200813-subject-02/20200813_153802,13,s1_l0,24,1600.0
symmetric_bad_initial_first8,adds_01,20200813-subject-02/20200813_153802,13,fp,24,1800.0
symmetric_bad_initial_first8,adds_01,20200813-subject-02/20200813_154729,16,residual,8,800.0
symmetric_bad_initial_first8,adds_01,20200813-subject-02/20200813_154729,16,s0_l1,8,800.0
symmetric_bad_initial_first8,adds_01,20200813-subject-02/20200813_154729,16,s0_l0,8,800.0
symmetric_bad_initial_first8,adds_01,20200813-subject-02/20200813_154729,16,s1_l1,8,800.0
symmetric_bad_initial_first8,adds_01,20200813-subject-02/20200813_154729,16,s1_l0,8,800.0
symmetric_bad_initial_first8,adds_01,20200813-subject-02/20200813_154729,16,fp,8,800.0
symmetric_bad_initial_first8,adds_01,20200813-subject-02/20200813_155314,18,residual,48,3700.0
symmetric_bad_initial_first8,adds_01,20200813-subject-02/20200813_155314,18,s0_l1,48,3900.0
symmetric_bad_initial_first8,adds_01,20200813-subject-02/20200813_155314,18,s0_l0,48,3900.0
symmetric_bad_initial_first8,adds_01,20200813-subject-02/20200813_155314,18,s1_l1,48,3900.0
symmetric_bad_initial_first8,adds_01,20200813-subject-02/20200813_155314,18,s1_l0,48,3900.0
symmetric_bad_initial_first8,adds_01,20200813-subject-02/20200813_155314,18,fp,48,4400.0
symmetric_bad_initial_first8,adds_01,20200813-subject-02/20200813_155633,20,residual,24,2400.0
symmetric_bad_initial_first8,adds_01,20200813-subject-02/20200813_155633,20,s0_l1,24,2400.0
symmetric_bad_initial_first8,adds_01,20200813-subject-02/20200813_155633,20,s0_l0,24,2400.0
symmetric_bad_initial_first8,adds_01,20200813-subject-02/20200813_155633,20,s1_l1,24,2400.0
symmetric_bad_initial_first8,adds_01,20200813-subject-02/20200813_155633,20,s1_l0,24,2400.0
symmetric_bad_initial_first8,adds_01,20200813-subject-02/20200813_155633,20,fp,24,2400.0
symmetric_bad_initial_first8,adds_01,20200813-subject-02/20200813_155953,21,residual,56,5300.0
symmetric_bad_initial_first8,adds_01,20200813-subject-02/20200813_155953,21,s0_l1,56,5600.0
symmetric_bad_initial_first8,adds_01,20200813-subject-02/20200813_155953,21,s0_l0,56,5500.0
symmetric_bad_initial_first8,adds_01,20200813-subject-02/20200813_155953,21,s1_l1,56,5500.0
symmetric_bad_initial_first8,adds_01,20200813-subject-02/20200813_155953,21,s1_l0,56,5600.0
symmetric_bad_initial_first8,adds_01,20200813-subject-02/20200813_155953,21,fp,56,5200.0
symmetric_bad_initial_first8,rotation_deg,20200709-subject-01/20200709_142123,1,residual,24,1563.1432738304138
symmetric_bad_initial_first8,rotation_deg,20200709-subject-01/20200709_142123,1,s0_l1,24,1574.0249381065369
symmetric_bad_initial_first8,rotation_deg,20200709-subject-01/20200709_142123,1,s0_l0,24,1573.1859955787659
symmetric_bad_initial_first8,rotation_deg,20200709-subject-01/20200709_142123,1,s1_l1,24,1573.4827427864075
symmetric_bad_initial_first8,rotation_deg,20200709-subject-01/20200709_142123,1,s1_l0,24,1571.8620519638062
symmetric_bad_initial_first8,rotation_deg,20200709-subject-01/20200709_142123,1,fp,24,1524.651123046875
symmetric_bad_initial_first8,rotation_deg,20200709-subject-01/20200709_150906,13,residual,24,512.7782869338989
symmetric_bad_initial_first8,rotation_deg,20200709-subject-01/20200709_150906,13,s0_l1,24,519.2982492446899
symmetric_bad_initial_first8,rotation_deg,20200709-subject-01/20200709_150906,13,s0_l0,24,518.805890083313
symmetric_bad_initial_first8,rotation_deg,20200709-subject-01/20200709_150906,13,s1_l1,24,524.4756126403809
symmetric_bad_initial_first8,rotation_deg,20200709-subject-01/20200709_150906,13,s1_l0,24,526.3739356994629
symmetric_bad_initial_first8,rotation_deg,20200709-subject-01/20200709_150906,13,fp,24,658.956484079361
symmetric_bad_initial_first8,rotation_deg,20200709-subject-01/20200709_151948,16,residual,16,1487.9038298130035
symmetric_bad_initial_first8,rotation_deg,20200709-subject-01/20200709_151948,16,s0_l1,16,1479.220641374588
symmetric_bad_initial_first8,rotation_deg,20200709-subject-01/20200709_151948,16,s0_l0,16,1480.0373010635376
symmetric_bad_initial_first8,rotation_deg,20200709-subject-01/20200709_151948,16,s1_l1,16,1477.8617067337036
symmetric_bad_initial_first8,rotation_deg,20200709-subject-01/20200709_151948,16,s1_l0,16,1476.1843032836914
symmetric_bad_initial_first8,rotation_deg,20200709-subject-01/20200709_151948,16,fp,16,1455.0157668590546
symmetric_bad_initial_first8,rotation_deg,20200709-subject-01/20200709_152757,18,residual,64,2292.95570230484
symmetric_bad_initial_first8,rotation_deg,20200709-subject-01/20200709_152757,18,s0_l1,64,2215.9021421670914
symmetric_bad_initial_first8,rotation_deg,20200709-subject-01/20200709_152757,18,s0_l0,64,2195.6361511945724
symmetric_bad_initial_first8,rotation_deg,20200709-subject-01/20200709_152757,18,s1_l1,64,2209.0322408676147
symmetric_bad_initial_first8,rotation_deg,20200709-subject-01/20200709_152757,18,s1_l0,64,2195.6368069648743
symmetric_bad_initial_first8,rotation_deg,20200709-subject-01/20200709_152757,18,fp,64,2061.3682153224945
symmetric_bad_initial_first8,rotation_deg,20200709-subject-01/20200709_153148,20,residual,64,7115.278213977814
symmetric_bad_initial_first8,rotation_deg,20200709-subject-01/20200709_153148,20,s0_l1,64,7139.122570037842
symmetric_bad_initial_first8,rotation_deg,20200709-subject-01/20200709_153148,20,s0_l0,64,7122.6127009391785
symmetric_bad_initial_first8,rotation_deg,20200709-subject-01/20200709_153148,20,s1_l1,64,7139.0228180885315
symmetric_bad_initial_first8,rotation_deg,20200709-subject-01/20200709_153148,20,s1_l0,64,7118.699301242828
symmetric_bad_initial_first8,rotation_deg,20200709-subject-01/20200709_153148,20,fp,64,7132.043048977852
symmetric_bad_initial_first8,rotation_deg,20200709-subject-01/20200709_153548,21,residual,48,5001.830947160721
symmetric_bad_initial_first8,rotation_deg,20200709-subject-01/20200709_153548,21,s0_l1,48,5021.6859484910965
symmetric_bad_initial_first8,rotation_deg,20200709-subject-01/20200709_153548,21,s0_l0,48,5020.797221064568
symmetric_bad_initial_first8,rotation_deg,20200709-subject-01/20200709_153548,21,s1_l1,48,5037.472498416901
symmetric_bad_initial_first8,rotation_deg,20200709-subject-01/20200709_153548,21,s1_l0,48,5038.062129497528
symmetric_bad_initial_first8,rotation_deg,20200709-subject-01/20200709_153548,21,fp,48,5670.165740132332
symmetric_bad_initial_first8,rotation_deg,20200813-subject-02/20200813_153802,13,residual,24,2655.055778503418
symmetric_bad_initial_first8,rotation_deg,20200813-subject-02/20200813_153802,13,s0_l1,24,2700.5947189331055
symmetric_bad_initial_first8,rotation_deg,20200813-subject-02/20200813_153802,13,s0_l0,24,2696.7656631469727
symmetric_bad_initial_first8,rotation_deg,20200813-subject-02/20200813_153802,13,s1_l1,24,2698.4277114868164
symmetric_bad_initial_first8,rotation_deg,20200813-subject-02/20200813_153802,13,s1_l0,24,2696.4217224121094
symmetric_bad_initial_first8,rotation_deg,20200813-subject-02/20200813_153802,13,fp,24,2613.046600341797
symmetric_bad_initial_first8,rotation_deg,20200813-subject-02/20200813_154729,16,residual,8,1428.6096801757812
symmetric_bad_initial_first8,rotation_deg,20200813-subject-02/20200813_154729,16,s0_l1,8,1421.4639129638672
symmetric_bad_initial_first8,rotation_deg,20200813-subject-02/20200813_154729,16,s0_l0,8,1422.1144409179688
symmetric_bad_initial_first8,rotation_deg,20200813-subject-02/20200813_154729,16,s1_l1,8,1422.4664459228516
symmetric_bad_initial_first8,rotation_deg,20200813-subject-02/20200813_154729,16,s1_l0,8,1422.3830108642578
symmetric_bad_initial_first8,rotation_deg,20200813-subject-02/20200813_154729,16,fp,8,1429.8364715576172
symmetric_bad_initial_first8,rotation_deg,20200813-subject-02/20200813_155314,18,residual,48,3959.9159088134766
symmetric_bad_initial_first8,rotation_deg,20200813-subject-02/20200813_155314,18,s0_l1,48,4113.779056549072
symmetric_bad_initial_first8,rotation_deg,20200813-subject-02/20200813_155314,18,s0_l0,48,4105.615390777588
symmetric_bad_initial_first8,rotation_deg,20200813-subject-02/20200813_155314,18,s1_l1,48,4109.33337020874
symmetric_bad_initial_first8,rotation_deg,20200813-subject-02/20200813_155314,18,s1_l0,48,4114.195941925049
symmetric_bad_initial_first8,rotation_deg,20200813-subject-02/20200813_155314,18,fp,48,3851.0695104599
symmetric_bad_initial_first8,rotation_deg,20200813-subject-02/20200813_155633,20,residual,24,1497.1956706047058
symmetric_bad_initial_first8,rotation_deg,20200813-subject-02/20200813_155633,20,s0_l1,24,1505.0574989318848
symmetric_bad_initial_first8,rotation_deg,20200813-subject-02/20200813_155633,20,s0_l0,24,1503.814287185669
symmetric_bad_initial_first8,rotation_deg,20200813-subject-02/20200813_155633,20,s1_l1,24,1504.9783945083618
symmetric_bad_initial_first8,rotation_deg,20200813-subject-02/20200813_155633,20,s1_l0,24,1504.1633710861206
symmetric_bad_initial_first8,rotation_deg,20200813-subject-02/20200813_155633,20,fp,24,1493.9690647125244
symmetric_bad_initial_first8,rotation_deg,20200813-subject-02/20200813_155953,21,residual,56,5118.838728427887
symmetric_bad_initial_first8,rotation_deg,20200813-subject-02/20200813_155953,21,s0_l1,56,5060.645830631256
symmetric_bad_initial_first8,rotation_deg,20200813-subject-02/20200813_155953,21,s0_l0,56,5054.163565158844
symmetric_bad_initial_first8,rotation_deg,20200813-subject-02/20200813_155953,21,s1_l1,56,5067.220922470093
symmetric_bad_initial_first8,rotation_deg,20200813-subject-02/20200813_155953,21,s1_l0,56,5063.481308937073
symmetric_bad_initial_first8,rotation_deg,20200813-subject-02/20200813_155953,21,fp,56,5165.383034467697
symmetric_bad_initial_first8,center_mm,20200709-subject-01/20200709_142123,1,residual,24,174.9623827934265
symmetric_bad_initial_first8,center_mm,20200709-subject-01/20200709_142123,1,s0_l1,24,181.5577712059021
symmetric_bad_initial_first8,center_mm,20200709-subject-01/20200709_142123,1,s0_l0,24,183.76006722450256
symmetric_bad_initial_first8,center_mm,20200709-subject-01/20200709_142123,1,s1_l1,24,184.4098825454712
symmetric_bad_initial_first8,center_mm,20200709-subject-01/20200709_142123,1,s1_l0,24,184.69880390167236
symmetric_bad_initial_first8,center_mm,20200709-subject-01/20200709_142123,1,fp,24,151.57136011123657
symmetric_bad_initial_first8,center_mm,20200709-subject-01/20200709_150906,13,residual,24,125.49044919013977
symmetric_bad_initial_first8,center_mm,20200709-subject-01/20200709_150906,13,s0_l1,24,123.59993088245392
symmetric_bad_initial_first8,center_mm,20200709-subject-01/20200709_150906,13,s0_l0,24,123.14389955997467
symmetric_bad_initial_first8,center_mm,20200709-subject-01/20200709_150906,13,s1_l1,24,128.2893991470337
symmetric_bad_initial_first8,center_mm,20200709-subject-01/20200709_150906,13,s1_l0,24,126.83433771133423
symmetric_bad_initial_first8,center_mm,20200709-subject-01/20200709_150906,13,fp,24,112.46912741661072
symmetric_bad_initial_first8,center_mm,20200709-subject-01/20200709_151948,16,residual,16,86.26035213470459
symmetric_bad_initial_first8,center_mm,20200709-subject-01/20200709_151948,16,s0_l1,16,87.61617755889893
symmetric_bad_initial_first8,center_mm,20200709-subject-01/20200709_151948,16,s0_l0,16,87.93343710899353
symmetric_bad_initial_first8,center_mm,20200709-subject-01/20200709_151948,16,s1_l1,16,89.42048454284668
symmetric_bad_initial_first8,center_mm,20200709-subject-01/20200709_151948,16,s1_l0,16,89.3485598564148
symmetric_bad_initial_first8,center_mm,20200709-subject-01/20200709_151948,16,fp,16,64.10323572158813
symmetric_bad_initial_first8,center_mm,20200709-subject-01/20200709_152757,18,residual,64,1453.0549340248108
symmetric_bad_initial_first8,center_mm,20200709-subject-01/20200709_152757,18,s0_l1,64,1285.0952498912811
symmetric_bad_initial_first8,center_mm,20200709-subject-01/20200709_152757,18,s0_l0,64,1335.303852558136
symmetric_bad_initial_first8,center_mm,20200709-subject-01/20200709_152757,18,s1_l1,64,1298.7576487064362
symmetric_bad_initial_first8,center_mm,20200709-subject-01/20200709_152757,18,s1_l0,64,1322.579320192337
symmetric_bad_initial_first8,center_mm,20200709-subject-01/20200709_152757,18,fp,64,1966.4785594940186
symmetric_bad_initial_first8,center_mm,20200709-subject-01/20200709_153148,20,residual,64,1996.73051071167
symmetric_bad_initial_first8,center_mm,20200709-subject-01/20200709_153148,20,s0_l1,64,2198.293451309204
symmetric_bad_initial_first8,center_mm,20200709-subject-01/20200709_153148,20,s0_l0,64,2188.0613276958466
symmetric_bad_initial_first8,center_mm,20200709-subject-01/20200709_153148,20,s1_l1,64,2235.3746399879456
symmetric_bad_initial_first8,center_mm,20200709-subject-01/20200709_153148,20,s1_l0,64,2223.511655807495
symmetric_bad_initial_first8,center_mm,20200709-subject-01/20200709_153148,20,fp,64,2176.1223154067993
symmetric_bad_initial_first8,center_mm,20200709-subject-01/20200709_153548,21,residual,48,322.07328474521637
symmetric_bad_initial_first8,center_mm,20200709-subject-01/20200709_153548,21,s0_l1,48,265.7507249712944
symmetric_bad_initial_first8,center_mm,20200709-subject-01/20200709_153548,21,s0_l0,48,267.00036430358887
symmetric_bad_initial_first8,center_mm,20200709-subject-01/20200709_153548,21,s1_l1,48,267.53639829158783
symmetric_bad_initial_first8,center_mm,20200709-subject-01/20200709_153548,21,s1_l0,48,267.08915919065475
symmetric_bad_initial_first8,center_mm,20200709-subject-01/20200709_153548,21,fp,48,424.51711773872375
symmetric_bad_initial_first8,center_mm,20200813-subject-02/20200813_153802,13,residual,24,1066.5423324108124
symmetric_bad_initial_first8,center_mm,20200813-subject-02/20200813_153802,13,s0_l1,24,986.2322144508362
symmetric_bad_initial_first8,center_mm,20200813-subject-02/20200813_153802,13,s0_l0,24,1003.7014083862305
symmetric_bad_initial_first8,center_mm,20200813-subject-02/20200813_153802,13,s1_l1,24,973.8485455513
symmetric_bad_initial_first8,center_mm,20200813-subject-02/20200813_153802,13,s1_l0,24,987.0042341947556
symmetric_bad_initial_first8,center_mm,20200813-subject-02/20200813_153802,13,fp,24,680.3575949668884
symmetric_bad_initial_first8,center_mm,20200813-subject-02/20200813_154729,16,residual,8,55.08891201019287
symmetric_bad_initial_first8,center_mm,20200813-subject-02/20200813_154729,16,s0_l1,8,59.041051387786865
symmetric_bad_initial_first8,center_mm,20200813-subject-02/20200813_154729,16,s0_l0,8,58.8905086517334
symmetric_bad_initial_first8,center_mm,20200813-subject-02/20200813_154729,16,s1_l1,8,61.06308841705322
symmetric_bad_initial_first8,center_mm,20200813-subject-02/20200813_154729,16,s1_l0,8,60.742172718048096
symmetric_bad_initial_first8,center_mm,20200813-subject-02/20200813_154729,16,fp,8,37.24402475357056
symmetric_bad_initial_first8,center_mm,20200813-subject-02/20200813_155314,18,residual,48,1194.4367623329163
symmetric_bad_initial_first8,center_mm,20200813-subject-02/20200813_155314,18,s0_l1,48,847.4674649238586
symmetric_bad_initial_first8,center_mm,20200813-subject-02/20200813_155314,18,s0_l0,48,848.2578990459442
symmetric_bad_initial_first8,center_mm,20200813-subject-02/20200813_155314,18,s1_l1,48,830.034720659256
symmetric_bad_initial_first8,center_mm,20200813-subject-02/20200813_155314,18,s1_l0,48,824.5595118999481
symmetric_bad_initial_first8,center_mm,20200813-subject-02/20200813_155314,18,fp,48,679.6746487617493
symmetric_bad_initial_first8,center_mm,20200813-subject-02/20200813_155633,20,residual,24,378.27571630477905
symmetric_bad_initial_first8,center_mm,20200813-subject-02/20200813_155633,20,s0_l1,24,347.408814907074
symmetric_bad_initial_first8,center_mm,20200813-subject-02/20200813_155633,20,s0_l0,24,348.21212434768677
symmetric_bad_initial_first8,center_mm,20200813-subject-02/20200813_155633,20,s1_l1,24,348.5489411354065
symmetric_bad_initial_first8,center_mm,20200813-subject-02/20200813_155633,20,s1_l0,24,349.3383984565735
symmetric_bad_initial_first8,center_mm,20200813-subject-02/20200813_155633,20,fp,24,280.03806471824646
symmetric_bad_initial_first8,center_mm,20200813-subject-02/20200813_155953,21,residual,56,493.464714884758
symmetric_bad_initial_first8,center_mm,20200813-subject-02/20200813_155953,21,s0_l1,56,418.4224727153778
symmetric_bad_initial_first8,center_mm,20200813-subject-02/20200813_155953,21,s0_l0,56,419.2236053943634
symmetric_bad_initial_first8,center_mm,20200813-subject-02/20200813_155953,21,s1_l1,56,432.19930624961853
symmetric_bad_initial_first8,center_mm,20200813-subject-02/20200813_155953,21,s1_l0,56,432.4522638320923
symmetric_bad_initial_first8,center_mm,20200813-subject-02/20200813_155953,21,fp,56,622.5504661798477
initial_good,add_01,20200709-subject-01/20200709_142123,1,residual,365,17800.0
initial_good,add_01,20200709-subject-01/20200709_142123,1,s0_l1,365,17400.0
initial_good,add_01,20200709-subject-01/20200709_142123,1,s0_l0,365,17400.0
initial_good,add_01,20200709-subject-01/20200709_142123,1,s1_l1,365,17300.0
initial_good,add_01,20200709-subject-01/20200709_142123,1,s1_l0,365,17600.0
initial_good,add_01,20200709-subject-01/20200709_142123,1,fp,365,19300.0
initial_good,add_01,20200709-subject-01/20200709_142446,2,residual,213,21300.0
initial_good,add_01,20200709-subject-01/20200709_142446,2,s0_l1,213,21300.0
initial_good,add_01,20200709-subject-01/20200709_142446,2,s0_l0,213,21300.0
initial_good,add_01,20200709-subject-01/20200709_142446,2,s1_l1,213,21300.0
initial_good,add_01,20200709-subject-01/20200709_142446,2,s1_l0,213,21300.0
initial_good,add_01,20200709-subject-01/20200709_142446,2,fp,213,21300.0
initial_good,add_01,20200709-subject-01/20200709_142802,3,residual,355,35500.0
initial_good,add_01,20200709-subject-01/20200709_142802,3,s0_l1,355,35500.0
initial_good,add_01,20200709-subject-01/20200709_142802,3,s0_l0,355,35500.0
initial_good,add_01,20200709-subject-01/20200709_142802,3,s1_l1,355,35500.0
initial_good,add_01,20200709-subject-01/20200709_142802,3,s1_l0,355,35500.0
initial_good,add_01,20200709-subject-01/20200709_142802,3,fp,355,35500.0
initial_good,add_01,20200709-subject-01/20200709_143125,4,residual,284,6800.0
initial_good,add_01,20200709-subject-01/20200709_143125,4,s0_l1,284,6600.0
initial_good,add_01,20200709-subject-01/20200709_143125,4,s0_l0,284,6700.0
initial_good,add_01,20200709-subject-01/20200709_143125,4,s1_l1,284,6800.0
initial_good,add_01,20200709-subject-01/20200709_143125,4,s1_l0,284,6600.0
initial_good,add_01,20200709-subject-01/20200709_143125,4,fp,284,19500.0
initial_good,add_01,20200709-subject-01/20200709_143531,5,residual,292,29200.0
initial_good,add_01,20200709-subject-01/20200709_143531,5,s0_l1,292,29200.0
initial_good,add_01,20200709-subject-01/20200709_143531,5,s0_l0,292,29200.0
initial_good,add_01,20200709-subject-01/20200709_143531,5,s1_l1,292,29200.0
initial_good,add_01,20200709-subject-01/20200709_143531,5,s1_l0,292,29200.0
initial_good,add_01,20200709-subject-01/20200709_143531,5,fp,292,29200.0
initial_good,add_01,20200709-subject-01/20200709_143907,6,residual,213,6000.0
initial_good,add_01,20200709-subject-01/20200709_143907,6,s0_l1,213,5400.0
initial_good,add_01,20200709-subject-01/20200709_143907,6,s0_l0,213,5200.0
initial_good,add_01,20200709-subject-01/20200709_143907,6,s1_l1,213,5500.0
initial_good,add_01,20200709-subject-01/20200709_143907,6,s1_l0,213,5600.0
initial_good,add_01,20200709-subject-01/20200709_143907,6,fp,213,2100.0
initial_good,add_01,20200709-subject-01/20200709_144313,7,residual,71,6700.0
initial_good,add_01,20200709-subject-01/20200709_144313,7,s0_l1,71,7000.0
initial_good,add_01,20200709-subject-01/20200709_144313,7,s0_l0,71,7000.0
initial_good,add_01,20200709-subject-01/20200709_144313,7,s1_l1,71,7000.0
initial_good,add_01,20200709-subject-01/20200709_144313,7,s1_l0,71,7000.0
initial_good,add_01,20200709-subject-01/20200709_144313,7,fp,71,4700.0
initial_good,add_01,20200709-subject-01/20200709_144735,8,residual,71,3400.0
initial_good,add_01,20200709-subject-01/20200709_144735,8,s0_l1,71,3600.0
initial_good,add_01,20200709-subject-01/20200709_144735,8,s0_l0,71,3600.0
initial_good,add_01,20200709-subject-01/20200709_144735,8,s1_l1,71,3800.0
initial_good,add_01,20200709-subject-01/20200709_144735,8,s1_l0,71,3800.0
initial_good,add_01,20200709-subject-01/20200709_144735,8,fp,71,5000.0
initial_good,add_01,20200709-subject-01/20200709_145132,9,residual,219,21700.0
initial_good,add_01,20200709-subject-01/20200709_145132,9,s0_l1,219,21800.0
initial_good,add_01,20200709-subject-01/20200709_145132,9,s0_l0,219,21800.0
initial_good,add_01,20200709-subject-01/20200709_145132,9,s1_l1,219,21800.0
initial_good,add_01,20200709-subject-01/20200709_145132,9,s1_l0,219,21800.0
initial_good,add_01,20200709-subject-01/20200709_145132,9,fp,219,20100.0
initial_good,add_01,20200709-subject-01/20200709_145743,10,residual,213,18900.0
initial_good,add_01,20200709-subject-01/20200709_145743,10,s0_l1,213,18500.0
initial_good,add_01,20200709-subject-01/20200709_145743,10,s0_l0,213,18500.0
initial_good,add_01,20200709-subject-01/20200709_145743,10,s1_l1,213,18300.0
initial_good,add_01,20200709-subject-01/20200709_145743,10,s1_l0,213,18500.0
initial_good,add_01,20200709-subject-01/20200709_145743,10,fp,213,14700.0
initial_good,add_01,20200709-subject-01/20200709_150144,11,residual,426,35600.0
initial_good,add_01,20200709-subject-01/20200709_150144,11,s0_l1,426,35400.0
initial_good,add_01,20200709-subject-01/20200709_150144,11,s0_l0,426,35500.0
initial_good,add_01,20200709-subject-01/20200709_150144,11,s1_l1,426,35300.0
initial_good,add_01,20200709-subject-01/20200709_150144,11,s1_l0,426,35200.0
initial_good,add_01,20200709-subject-01/20200709_150144,11,fp,426,32500.0
initial_good,add_01,20200709-subject-01/20200709_150524,12,residual,355,31700.0
initial_good,add_01,20200709-subject-01/20200709_150524,12,s0_l1,355,31800.0
initial_good,add_01,20200709-subject-01/20200709_150524,12,s0_l0,355,31800.0
initial_good,add_01,20200709-subject-01/20200709_150524,12,s1_l1,355,31800.0
initial_good,add_01,20200709-subject-01/20200709_150524,12,s1_l0,355,31800.0
initial_good,add_01,20200709-subject-01/20200709_150524,12,fp,355,31300.0
initial_good,add_01,20200709-subject-01/20200709_150906,13,residual,365,12900.0
initial_good,add_01,20200709-subject-01/20200709_150906,13,s0_l1,365,13500.0
initial_good,add_01,20200709-subject-01/20200709_150906,13,s0_l0,365,13900.0
initial_good,add_01,20200709-subject-01/20200709_150906,13,s1_l1,365,17300.0
initial_good,add_01,20200709-subject-01/20200709_150906,13,s1_l0,365,16600.0
initial_good,add_01,20200709-subject-01/20200709_150906,13,fp,365,2900.0
initial_good,add_01,20200709-subject-01/20200709_151246,14,residual,292,18700.0
initial_good,add_01,20200709-subject-01/20200709_151246,14,s0_l1,292,16700.0
initial_good,add_01,20200709-subject-01/20200709_151246,14,s0_l0,292,16900.0
initial_good,add_01,20200709-subject-01/20200709_151246,14,s1_l1,292,17300.0
initial_good,add_01,20200709-subject-01/20200709_151246,14,s1_l0,292,17400.0
initial_good,add_01,20200709-subject-01/20200709_151246,14,fp,292,9800.0
initial_good,add_01,20200709-subject-01/20200709_151632,15,residual,355,35500.0
initial_good,add_01,20200709-subject-01/20200709_151632,15,s0_l1,355,35500.0
initial_good,add_01,20200709-subject-01/20200709_151632,15,s0_l0,355,35500.0
initial_good,add_01,20200709-subject-01/20200709_151632,15,s1_l1,355,35500.0
initial_good,add_01,20200709-subject-01/20200709_151632,15,s1_l0,355,35500.0
initial_good,add_01,20200709-subject-01/20200709_151632,15,fp,355,35000.0
initial_good,add_01,20200709-subject-01/20200709_151948,16,residual,426,21300.0
initial_good,add_01,20200709-subject-01/20200709_151948,16,s0_l1,426,21300.0
initial_good,add_01,20200709-subject-01/20200709_151948,16,s0_l0,426,21300.0
initial_good,add_01,20200709-subject-01/20200709_151948,16,s1_l1,426,21300.0
initial_good,add_01,20200709-subject-01/20200709_151948,16,s1_l0,426,21300.0
initial_good,add_01,20200709-subject-01/20200709_151948,16,fp,426,20300.0
initial_good,add_01,20200709-subject-01/20200709_152420,17,residual,146,10100.0
initial_good,add_01,20200709-subject-01/20200709_152420,17,s0_l1,146,10000.0
initial_good,add_01,20200709-subject-01/20200709_152420,17,s0_l0,146,9700.0
initial_good,add_01,20200709-subject-01/20200709_152420,17,s1_l1,146,9800.0
initial_good,add_01,20200709-subject-01/20200709_152420,17,s1_l0,146,9800.0
initial_good,add_01,20200709-subject-01/20200709_152420,17,fp,146,13000.0
initial_good,add_01,20200709-subject-01/20200709_153548,21,residual,142,0.0
initial_good,add_01,20200709-subject-01/20200709_153548,21,s0_l1,142,0.0
initial_good,add_01,20200709-subject-01/20200709_153548,21,s0_l0,142,0.0
initial_good,add_01,20200709-subject-01/20200709_153548,21,s1_l1,142,0.0
initial_good,add_01,20200709-subject-01/20200709_153548,21,s1_l0,142,0.0
initial_good,add_01,20200709-subject-01/20200709_153548,21,fp,142,0.0
initial_good,add_01,20200813-subject-02/20200813_145612,1,residual,584,23800.0
initial_good,add_01,20200813-subject-02/20200813_145612,1,s0_l1,584,24400.0
initial_good,add_01,20200813-subject-02/20200813_145612,1,s0_l0,584,24500.0
initial_good,add_01,20200813-subject-02/20200813_145612,1,s1_l1,584,24000.0
initial_good,add_01,20200813-subject-02/20200813_145612,1,s1_l0,584,23600.0
initial_good,add_01,20200813-subject-02/20200813_145612,1,fp,584,10900.0
initial_good,add_01,20200813-subject-02/20200813_145920,2,residual,438,43800.0
initial_good,add_01,20200813-subject-02/20200813_145920,2,s0_l1,438,43800.0
initial_good,add_01,20200813-subject-02/20200813_145920,2,s0_l0,438,43800.0
initial_good,add_01,20200813-subject-02/20200813_145920,2,s1_l1,438,43800.0
initial_good,add_01,20200813-subject-02/20200813_145920,2,s1_l0,438,43800.0
initial_good,add_01,20200813-subject-02/20200813_145920,2,fp,438,43600.0
initial_good,add_01,20200813-subject-02/20200813_150228,3,residual,142,14200.0
initial_good,add_01,20200813-subject-02/20200813_150228,3,s0_l1,142,14200.0
initial_good,add_01,20200813-subject-02/20200813_150228,3,s0_l0,142,14200.0
initial_good,add_01,20200813-subject-02/20200813_150228,3,s1_l1,142,14200.0
initial_good,add_01,20200813-subject-02/20200813_150228,3,s1_l0,142,14200.0
initial_good,add_01,20200813-subject-02/20200813_150228,3,fp,142,9000.0
initial_good,add_01,20200813-subject-02/20200813_150535,4,residual,292,21400.0
initial_good,add_01,20200813-subject-02/20200813_150535,4,s0_l1,292,21300.0
initial_good,add_01,20200813-subject-02/20200813_150535,4,s0_l0,292,21300.0
initial_good,add_01,20200813-subject-02/20200813_150535,4,s1_l1,292,21400.0
initial_good,add_01,20200813-subject-02/20200813_150535,4,s1_l0,292,21400.0
initial_good,add_01,20200813-subject-02/20200813_150535,4,fp,292,10700.0
initial_good,add_01,20200813-subject-02/20200813_150823,5,residual,355,33100.0
initial_good,add_01,20200813-subject-02/20200813_150823,5,s0_l1,355,31500.0
initial_good,add_01,20200813-subject-02/20200813_150823,5,s0_l0,355,31300.0
initial_good,add_01,20200813-subject-02/20200813_150823,5,s1_l1,355,31900.0
initial_good,add_01,20200813-subject-02/20200813_150823,5,s1_l0,355,31900.0
initial_good,add_01,20200813-subject-02/20200813_150823,5,fp,355,31700.0
initial_good,add_01,20200813-subject-02/20200813_151117,6,residual,142,3600.0
initial_good,add_01,20200813-subject-02/20200813_151117,6,s0_l1,142,3900.0
initial_good,add_01,20200813-subject-02/20200813_151117,6,s0_l0,142,3800.0
initial_good,add_01,20200813-subject-02/20200813_151117,6,s1_l1,142,3700.0
initial_good,add_01,20200813-subject-02/20200813_151117,6,s1_l0,142,3600.0
initial_good,add_01,20200813-subject-02/20200813_151117,6,fp,142,0.0
initial_good,add_01,20200813-subject-02/20200813_151925,7,residual,426,38700.0
initial_good,add_01,20200813-subject-02/20200813_151925,7,s0_l1,426,38900.0
initial_good,add_01,20200813-subject-02/20200813_151925,7,s0_l0,426,38800.0
initial_good,add_01,20200813-subject-02/20200813_151925,7,s1_l1,426,38700.0
initial_good,add_01,20200813-subject-02/20200813_151925,7,s1_l0,426,38700.0
initial_good,add_01,20200813-subject-02/20200813_151925,7,fp,426,24400.0
initial_good,add_01,20200813-subject-02/20200813_152215,8,residual,142,12200.0
initial_good,add_01,20200813-subject-02/20200813_152215,8,s0_l1,142,12200.0
initial_good,add_01,20200813-subject-02/20200813_152215,8,s0_l0,142,12200.0
initial_good,add_01,20200813-subject-02/20200813_152215,8,s1_l1,142,12200.0
initial_good,add_01,20200813-subject-02/20200813_152215,8,s1_l0,142,12200.0
initial_good,add_01,20200813-subject-02/20200813_152215,8,fp,142,10100.0
initial_good,add_01,20200813-subject-02/20200813_152513,9,residual,219,20300.0
initial_good,add_01,20200813-subject-02/20200813_152513,9,s0_l1,219,20400.0
initial_good,add_01,20200813-subject-02/20200813_152513,9,s0_l0,219,20300.0
initial_good,add_01,20200813-subject-02/20200813_152513,9,s1_l1,219,20400.0
initial_good,add_01,20200813-subject-02/20200813_152513,9,s1_l0,219,20300.0
initial_good,add_01,20200813-subject-02/20200813_152513,9,fp,219,12100.0
initial_good,add_01,20200813-subject-02/20200813_152842,10,residual,276,23600.0
initial_good,add_01,20200813-subject-02/20200813_152842,10,s0_l1,276,23700.0
initial_good,add_01,20200813-subject-02/20200813_152842,10,s0_l0,276,23600.0
initial_good,add_01,20200813-subject-02/20200813_152842,10,s1_l1,276,23800.0
initial_good,add_01,20200813-subject-02/20200813_152842,10,s1_l0,276,23500.0
initial_good,add_01,20200813-subject-02/20200813_152842,10,fp,276,20400.0
initial_good,add_01,20200813-subject-02/20200813_153152,11,residual,568,45700.0
initial_good,add_01,20200813-subject-02/20200813_153152,11,s0_l1,568,45600.0
initial_good,add_01,20200813-subject-02/20200813_153152,11,s0_l0,568,45600.0
initial_good,add_01,20200813-subject-02/20200813_153152,11,s1_l1,568,45700.0
initial_good,add_01,20200813-subject-02/20200813_153152,11,s1_l0,568,46200.0
initial_good,add_01,20200813-subject-02/20200813_153152,11,fp,568,51400.0
initial_good,add_01,20200813-subject-02/20200813_153453,12,residual,355,34200.0
initial_good,add_01,20200813-subject-02/20200813_153453,12,s0_l1,355,34300.0
initial_good,add_01,20200813-subject-02/20200813_153453,12,s0_l0,355,34300.0
initial_good,add_01,20200813-subject-02/20200813_153453,12,s1_l1,355,34300.0
initial_good,add_01,20200813-subject-02/20200813_153453,12,s1_l0,355,34300.0
initial_good,add_01,20200813-subject-02/20200813_153453,12,fp,355,35500.0
initial_good,add_01,20200813-subject-02/20200813_153802,13,residual,355,0.0
initial_good,add_01,20200813-subject-02/20200813_153802,13,s0_l1,355,0.0
initial_good,add_01,20200813-subject-02/20200813_153802,13,s0_l0,355,0.0
initial_good,add_01,20200813-subject-02/20200813_153802,13,s1_l1,355,0.0
initial_good,add_01,20200813-subject-02/20200813_153802,13,s1_l0,355,0.0
initial_good,add_01,20200813-subject-02/20200813_153802,13,fp,355,0.0
initial_good,add_01,20200813-subject-02/20200813_154103,14,residual,292,15300.0
initial_good,add_01,20200813-subject-02/20200813_154103,14,s0_l1,292,15200.0
initial_good,add_01,20200813-subject-02/20200813_154103,14,s0_l0,292,15200.0
initial_good,add_01,20200813-subject-02/20200813_154103,14,s1_l1,292,15000.0
initial_good,add_01,20200813-subject-02/20200813_154103,14,s1_l0,292,15100.0
initial_good,add_01,20200813-subject-02/20200813_154103,14,fp,292,10100.0
initial_good,add_01,20200813-subject-02/20200813_154408,15,residual,335,30600.0
initial_good,add_01,20200813-subject-02/20200813_154408,15,s0_l1,335,30600.0
initial_good,add_01,20200813-subject-02/20200813_154408,15,s0_l0,335,30600.0
initial_good,add_01,20200813-subject-02/20200813_154408,15,s1_l1,335,30400.0
initial_good,add_01,20200813-subject-02/20200813_154408,15,s1_l0,335,30400.0
initial_good,add_01,20200813-subject-02/20200813_154408,15,fp,335,23200.0
initial_good,add_01,20200813-subject-02/20200813_154729,16,residual,497,0.0
initial_good,add_01,20200813-subject-02/20200813_154729,16,s0_l1,497,0.0
initial_good,add_01,20200813-subject-02/20200813_154729,16,s0_l0,497,0.0
initial_good,add_01,20200813-subject-02/20200813_154729,16,s1_l1,497,0.0
initial_good,add_01,20200813-subject-02/20200813_154729,16,s1_l0,497,0.0
initial_good,add_01,20200813-subject-02/20200813_154729,16,fp,497,0.0
initial_good,add_01,20200813-subject-02/20200813_155314,18,residual,118,4400.0
initial_good,add_01,20200813-subject-02/20200813_155314,18,s0_l1,118,4200.0
initial_good,add_01,20200813-subject-02/20200813_155314,18,s0_l0,118,4300.0
initial_good,add_01,20200813-subject-02/20200813_155314,18,s1_l1,118,4400.0
initial_good,add_01,20200813-subject-02/20200813_155314,18,s1_l0,118,4300.0
initial_good,add_01,20200813-subject-02/20200813_155314,18,fp,118,2800.0
initial_good,add_01,20200813-subject-02/20200813_155633,20,residual,355,3500.0
initial_good,add_01,20200813-subject-02/20200813_155633,20,s0_l1,355,3500.0
initial_good,add_01,20200813-subject-02/20200813_155633,20,s0_l0,355,3500.0
initial_good,add_01,20200813-subject-02/20200813_155633,20,s1_l1,355,3500.0
initial_good,add_01,20200813-subject-02/20200813_155633,20,s1_l0,355,3500.0
initial_good,add_01,20200813-subject-02/20200813_155633,20,fp,355,3100.0
initial_good,add_01,20200813-subject-02/20200813_155953,21,residual,73,6700.0
initial_good,add_01,20200813-subject-02/20200813_155953,21,s0_l1,73,6700.0
initial_good,add_01,20200813-subject-02/20200813_155953,21,s0_l0,73,6600.0
initial_good,add_01,20200813-subject-02/20200813_155953,21,s1_l1,73,6800.0
initial_good,add_01,20200813-subject-02/20200813_155953,21,s1_l0,73,6600.0
initial_good,add_01,20200813-subject-02/20200813_155953,21,fp,73,2500.0
initial_good,adds_005,20200709-subject-01/20200709_142123,1,residual,365,36500.0
initial_good,adds_005,20200709-subject-01/20200709_142123,1,s0_l1,365,36500.0
initial_good,adds_005,20200709-subject-01/20200709_142123,1,s0_l0,365,36500.0
initial_good,adds_005,20200709-subject-01/20200709_142123,1,s1_l1,365,36500.0
initial_good,adds_005,20200709-subject-01/20200709_142123,1,s1_l0,365,36500.0
initial_good,adds_005,20200709-subject-01/20200709_142123,1,fp,365,35600.0
initial_good,adds_005,20200709-subject-01/20200709_142446,2,residual,213,21300.0
initial_good,adds_005,20200709-subject-01/20200709_142446,2,s0_l1,213,21300.0
initial_good,adds_005,20200709-subject-01/20200709_142446,2,s0_l0,213,21300.0
initial_good,adds_005,20200709-subject-01/20200709_142446,2,s1_l1,213,21300.0
initial_good,adds_005,20200709-subject-01/20200709_142446,2,s1_l0,213,21300.0
initial_good,adds_005,20200709-subject-01/20200709_142446,2,fp,213,21300.0
initial_good,adds_005,20200709-subject-01/20200709_142802,3,residual,355,35500.0
initial_good,adds_005,20200709-subject-01/20200709_142802,3,s0_l1,355,35500.0
initial_good,adds_005,20200709-subject-01/20200709_142802,3,s0_l0,355,35500.0
initial_good,adds_005,20200709-subject-01/20200709_142802,3,s1_l1,355,35500.0
initial_good,adds_005,20200709-subject-01/20200709_142802,3,s1_l0,355,35500.0
initial_good,adds_005,20200709-subject-01/20200709_142802,3,fp,355,35500.0
initial_good,adds_005,20200709-subject-01/20200709_143125,4,residual,284,28400.0
initial_good,adds_005,20200709-subject-01/20200709_143125,4,s0_l1,284,28400.0
initial_good,adds_005,20200709-subject-01/20200709_143125,4,s0_l0,284,28400.0
initial_good,adds_005,20200709-subject-01/20200709_143125,4,s1_l1,284,28400.0
initial_good,adds_005,20200709-subject-01/20200709_143125,4,s1_l0,284,28400.0
initial_good,adds_005,20200709-subject-01/20200709_143125,4,fp,284,25200.0
initial_good,adds_005,20200709-subject-01/20200709_143531,5,residual,292,29200.0
initial_good,adds_005,20200709-subject-01/20200709_143531,5,s0_l1,292,29200.0
initial_good,adds_005,20200709-subject-01/20200709_143531,5,s0_l0,292,29200.0
initial_good,adds_005,20200709-subject-01/20200709_143531,5,s1_l1,292,29200.0
initial_good,adds_005,20200709-subject-01/20200709_143531,5,s1_l0,292,29200.0
initial_good,adds_005,20200709-subject-01/20200709_143531,5,fp,292,29100.0
initial_good,adds_005,20200709-subject-01/20200709_143907,6,residual,213,19000.0
initial_good,adds_005,20200709-subject-01/20200709_143907,6,s0_l1,213,19300.0
initial_good,adds_005,20200709-subject-01/20200709_143907,6,s0_l0,213,19300.0
initial_good,adds_005,20200709-subject-01/20200709_143907,6,s1_l1,213,19200.0
initial_good,adds_005,20200709-subject-01/20200709_143907,6,s1_l0,213,19000.0
initial_good,adds_005,20200709-subject-01/20200709_143907,6,fp,213,12000.0
initial_good,adds_005,20200709-subject-01/20200709_144313,7,residual,71,6800.0
initial_good,adds_005,20200709-subject-01/20200709_144313,7,s0_l1,71,7100.0
initial_good,adds_005,20200709-subject-01/20200709_144313,7,s0_l0,71,7100.0
initial_good,adds_005,20200709-subject-01/20200709_144313,7,s1_l1,71,7100.0
initial_good,adds_005,20200709-subject-01/20200709_144313,7,s1_l0,71,7100.0
initial_good,adds_005,20200709-subject-01/20200709_144313,7,fp,71,4400.0
initial_good,adds_005,20200709-subject-01/20200709_144735,8,residual,71,4200.0
initial_good,adds_005,20200709-subject-01/20200709_144735,8,s0_l1,71,5100.0
initial_good,adds_005,20200709-subject-01/20200709_144735,8,s0_l0,71,5200.0
initial_good,adds_005,20200709-subject-01/20200709_144735,8,s1_l1,71,5400.0
initial_good,adds_005,20200709-subject-01/20200709_144735,8,s1_l0,71,5300.0
initial_good,adds_005,20200709-subject-01/20200709_144735,8,fp,71,5000.0
initial_good,adds_005,20200709-subject-01/20200709_145132,9,residual,219,21900.0
initial_good,adds_005,20200709-subject-01/20200709_145132,9,s0_l1,219,21900.0
initial_good,adds_005,20200709-subject-01/20200709_145132,9,s0_l0,219,21900.0
initial_good,adds_005,20200709-subject-01/20200709_145132,9,s1_l1,219,21900.0
initial_good,adds_005,20200709-subject-01/20200709_145132,9,s1_l0,219,21900.0
initial_good,adds_005,20200709-subject-01/20200709_145132,9,fp,219,19700.0
initial_good,adds_005,20200709-subject-01/20200709_145743,10,residual,213,20700.0
initial_good,adds_005,20200709-subject-01/20200709_145743,10,s0_l1,213,20000.0
initial_good,adds_005,20200709-subject-01/20200709_145743,10,s0_l0,213,20000.0
initial_good,adds_005,20200709-subject-01/20200709_145743,10,s1_l1,213,20000.0
initial_good,adds_005,20200709-subject-01/20200709_145743,10,s1_l0,213,20000.0
initial_good,adds_005,20200709-subject-01/20200709_145743,10,fp,213,17400.0
initial_good,adds_005,20200709-subject-01/20200709_150144,11,residual,426,38600.0
initial_good,adds_005,20200709-subject-01/20200709_150144,11,s0_l1,426,38500.0
initial_good,adds_005,20200709-subject-01/20200709_150144,11,s0_l0,426,38500.0
initial_good,adds_005,20200709-subject-01/20200709_150144,11,s1_l1,426,38500.0
initial_good,adds_005,20200709-subject-01/20200709_150144,11,s1_l0,426,38500.0
initial_good,adds_005,20200709-subject-01/20200709_150144,11,fp,426,38300.0
initial_good,adds_005,20200709-subject-01/20200709_150524,12,residual,355,31600.0
initial_good,adds_005,20200709-subject-01/20200709_150524,12,s0_l1,355,31700.0
initial_good,adds_005,20200709-subject-01/20200709_150524,12,s0_l0,355,32700.0
initial_good,adds_005,20200709-subject-01/20200709_150524,12,s1_l1,355,32500.0
initial_good,adds_005,20200709-subject-01/20200709_150524,12,s1_l0,355,32600.0
initial_good,adds_005,20200709-subject-01/20200709_150524,12,fp,355,30200.0
initial_good,adds_005,20200709-subject-01/20200709_150906,13,residual,365,35700.0
initial_good,adds_005,20200709-subject-01/20200709_150906,13,s0_l1,365,35600.0
initial_good,adds_005,20200709-subject-01/20200709_150906,13,s0_l0,365,35600.0
initial_good,adds_005,20200709-subject-01/20200709_150906,13,s1_l1,365,35700.0
initial_good,adds_005,20200709-subject-01/20200709_150906,13,s1_l0,365,35700.0
initial_good,adds_005,20200709-subject-01/20200709_150906,13,fp,365,36500.0
initial_good,adds_005,20200709-subject-01/20200709_151246,14,residual,292,29000.0
initial_good,adds_005,20200709-subject-01/20200709_151246,14,s0_l1,292,29100.0
initial_good,adds_005,20200709-subject-01/20200709_151246,14,s0_l0,292,29100.0
initial_good,adds_005,20200709-subject-01/20200709_151246,14,s1_l1,292,29200.0
initial_good,adds_005,20200709-subject-01/20200709_151246,14,s1_l0,292,29200.0
initial_good,adds_005,20200709-subject-01/20200709_151246,14,fp,292,20800.0
initial_good,adds_005,20200709-subject-01/20200709_151632,15,residual,355,35500.0
initial_good,adds_005,20200709-subject-01/20200709_151632,15,s0_l1,355,35500.0
initial_good,adds_005,20200709-subject-01/20200709_151632,15,s0_l0,355,35500.0
initial_good,adds_005,20200709-subject-01/20200709_151632,15,s1_l1,355,35500.0
initial_good,adds_005,20200709-subject-01/20200709_151632,15,s1_l0,355,35500.0
initial_good,adds_005,20200709-subject-01/20200709_151632,15,fp,355,34300.0
initial_good,adds_005,20200709-subject-01/20200709_151948,16,residual,426,41100.0
initial_good,adds_005,20200709-subject-01/20200709_151948,16,s0_l1,426,41000.0
initial_good,adds_005,20200709-subject-01/20200709_151948,16,s0_l0,426,41000.0
initial_good,adds_005,20200709-subject-01/20200709_151948,16,s1_l1,426,41000.0
initial_good,adds_005,20200709-subject-01/20200709_151948,16,s1_l0,426,41000.0
initial_good,adds_005,20200709-subject-01/20200709_151948,16,fp,426,40600.0
initial_good,adds_005,20200709-subject-01/20200709_152420,17,residual,146,11400.0
initial_good,adds_005,20200709-subject-01/20200709_152420,17,s0_l1,146,11000.0
initial_good,adds_005,20200709-subject-01/20200709_152420,17,s0_l0,146,11300.0
initial_good,adds_005,20200709-subject-01/20200709_152420,17,s1_l1,146,10500.0
initial_good,adds_005,20200709-subject-01/20200709_152420,17,s1_l0,146,11100.0
initial_good,adds_005,20200709-subject-01/20200709_152420,17,fp,146,13200.0
initial_good,adds_005,20200709-subject-01/20200709_153548,21,residual,142,14100.0
initial_good,adds_005,20200709-subject-01/20200709_153548,21,s0_l1,142,14100.0
initial_good,adds_005,20200709-subject-01/20200709_153548,21,s0_l0,142,14100.0
initial_good,adds_005,20200709-subject-01/20200709_153548,21,s1_l1,142,14000.0
initial_good,adds_005,20200709-subject-01/20200709_153548,21,s1_l0,142,14100.0
initial_good,adds_005,20200709-subject-01/20200709_153548,21,fp,142,6100.0
initial_good,adds_005,20200813-subject-02/20200813_145612,1,residual,584,58400.0
initial_good,adds_005,20200813-subject-02/20200813_145612,1,s0_l1,584,58000.0
initial_good,adds_005,20200813-subject-02/20200813_145612,1,s0_l0,584,58000.0
initial_good,adds_005,20200813-subject-02/20200813_145612,1,s1_l1,584,58000.0
initial_good,adds_005,20200813-subject-02/20200813_145612,1,s1_l0,584,58000.0
initial_good,adds_005,20200813-subject-02/20200813_145612,1,fp,584,56900.0
initial_good,adds_005,20200813-subject-02/20200813_145920,2,residual,438,43800.0
initial_good,adds_005,20200813-subject-02/20200813_145920,2,s0_l1,438,43800.0
initial_good,adds_005,20200813-subject-02/20200813_145920,2,s0_l0,438,43800.0
initial_good,adds_005,20200813-subject-02/20200813_145920,2,s1_l1,438,43800.0
initial_good,adds_005,20200813-subject-02/20200813_145920,2,s1_l0,438,43800.0
initial_good,adds_005,20200813-subject-02/20200813_145920,2,fp,438,43700.0
initial_good,adds_005,20200813-subject-02/20200813_150228,3,residual,142,14200.0
initial_good,adds_005,20200813-subject-02/20200813_150228,3,s0_l1,142,14200.0
initial_good,adds_005,20200813-subject-02/20200813_150228,3,s0_l0,142,14200.0
initial_good,adds_005,20200813-subject-02/20200813_150228,3,s1_l1,142,14200.0
initial_good,adds_005,20200813-subject-02/20200813_150228,3,s1_l0,142,14200.0
initial_good,adds_005,20200813-subject-02/20200813_150228,3,fp,142,9100.0
initial_good,adds_005,20200813-subject-02/20200813_150535,4,residual,292,28900.0
initial_good,adds_005,20200813-subject-02/20200813_150535,4,s0_l1,292,28900.0
initial_good,adds_005,20200813-subject-02/20200813_150535,4,s0_l0,292,28900.0
initial_good,adds_005,20200813-subject-02/20200813_150535,4,s1_l1,292,28900.0
initial_good,adds_005,20200813-subject-02/20200813_150535,4,s1_l0,292,28800.0
initial_good,adds_005,20200813-subject-02/20200813_150535,4,fp,292,17400.0
initial_good,adds_005,20200813-subject-02/20200813_150823,5,residual,355,33200.0
initial_good,adds_005,20200813-subject-02/20200813_150823,5,s0_l1,355,33200.0
initial_good,adds_005,20200813-subject-02/20200813_150823,5,s0_l0,355,33200.0
initial_good,adds_005,20200813-subject-02/20200813_150823,5,s1_l1,355,33200.0
initial_good,adds_005,20200813-subject-02/20200813_150823,5,s1_l0,355,33200.0
initial_good,adds_005,20200813-subject-02/20200813_150823,5,fp,355,32900.0
initial_good,adds_005,20200813-subject-02/20200813_151117,6,residual,142,12300.0
initial_good,adds_005,20200813-subject-02/20200813_151117,6,s0_l1,142,12500.0
initial_good,adds_005,20200813-subject-02/20200813_151117,6,s0_l0,142,12500.0
initial_good,adds_005,20200813-subject-02/20200813_151117,6,s1_l1,142,12400.0
initial_good,adds_005,20200813-subject-02/20200813_151117,6,s1_l0,142,12500.0
initial_good,adds_005,20200813-subject-02/20200813_151117,6,fp,142,3500.0
initial_good,adds_005,20200813-subject-02/20200813_151925,7,residual,426,39200.0
initial_good,adds_005,20200813-subject-02/20200813_151925,7,s0_l1,426,39100.0
initial_good,adds_005,20200813-subject-02/20200813_151925,7,s0_l0,426,39100.0
initial_good,adds_005,20200813-subject-02/20200813_151925,7,s1_l1,426,39000.0
initial_good,adds_005,20200813-subject-02/20200813_151925,7,s1_l0,426,39100.0
initial_good,adds_005,20200813-subject-02/20200813_151925,7,fp,426,25300.0
initial_good,adds_005,20200813-subject-02/20200813_152215,8,residual,142,12300.0
initial_good,adds_005,20200813-subject-02/20200813_152215,8,s0_l1,142,12400.0
initial_good,adds_005,20200813-subject-02/20200813_152215,8,s0_l0,142,12300.0
initial_good,adds_005,20200813-subject-02/20200813_152215,8,s1_l1,142,12400.0
initial_good,adds_005,20200813-subject-02/20200813_152215,8,s1_l0,142,12400.0
initial_good,adds_005,20200813-subject-02/20200813_152215,8,fp,142,10400.0
initial_good,adds_005,20200813-subject-02/20200813_152513,9,residual,219,21500.0
initial_good,adds_005,20200813-subject-02/20200813_152513,9,s0_l1,219,21500.0
initial_good,adds_005,20200813-subject-02/20200813_152513,9,s0_l0,219,21500.0
initial_good,adds_005,20200813-subject-02/20200813_152513,9,s1_l1,219,21300.0
initial_good,adds_005,20200813-subject-02/20200813_152513,9,s1_l0,219,21300.0
initial_good,adds_005,20200813-subject-02/20200813_152513,9,fp,219,12800.0
initial_good,adds_005,20200813-subject-02/20200813_152842,10,residual,276,25100.0
initial_good,adds_005,20200813-subject-02/20200813_152842,10,s0_l1,276,24800.0
initial_good,adds_005,20200813-subject-02/20200813_152842,10,s0_l0,276,24700.0
initial_good,adds_005,20200813-subject-02/20200813_152842,10,s1_l1,276,25100.0
initial_good,adds_005,20200813-subject-02/20200813_152842,10,s1_l0,276,25100.0
initial_good,adds_005,20200813-subject-02/20200813_152842,10,fp,276,20300.0
initial_good,adds_005,20200813-subject-02/20200813_153152,11,residual,568,55500.0
initial_good,adds_005,20200813-subject-02/20200813_153152,11,s0_l1,568,56000.0
initial_good,adds_005,20200813-subject-02/20200813_153152,11,s0_l0,568,55900.0
initial_good,adds_005,20200813-subject-02/20200813_153152,11,s1_l1,568,56000.0
initial_good,adds_005,20200813-subject-02/20200813_153152,11,s1_l0,568,56000.0
initial_good,adds_005,20200813-subject-02/20200813_153152,11,fp,568,54300.0
initial_good,adds_005,20200813-subject-02/20200813_153453,12,residual,355,34300.0
initial_good,adds_005,20200813-subject-02/20200813_153453,12,s0_l1,355,34300.0
initial_good,adds_005,20200813-subject-02/20200813_153453,12,s0_l0,355,34300.0
initial_good,adds_005,20200813-subject-02/20200813_153453,12,s1_l1,355,34300.0
initial_good,adds_005,20200813-subject-02/20200813_153453,12,s1_l0,355,34300.0
initial_good,adds_005,20200813-subject-02/20200813_153453,12,fp,355,35500.0
initial_good,adds_005,20200813-subject-02/20200813_153802,13,residual,355,35400.0
initial_good,adds_005,20200813-subject-02/20200813_153802,13,s0_l1,355,35500.0
initial_good,adds_005,20200813-subject-02/20200813_153802,13,s0_l0,355,35500.0
initial_good,adds_005,20200813-subject-02/20200813_153802,13,s1_l1,355,35500.0
initial_good,adds_005,20200813-subject-02/20200813_153802,13,s1_l0,355,35500.0
initial_good,adds_005,20200813-subject-02/20200813_153802,13,fp,355,29700.0
initial_good,adds_005,20200813-subject-02/20200813_154103,14,residual,292,24400.0
initial_good,adds_005,20200813-subject-02/20200813_154103,14,s0_l1,292,25500.0
initial_good,adds_005,20200813-subject-02/20200813_154103,14,s0_l0,292,25500.0
initial_good,adds_005,20200813-subject-02/20200813_154103,14,s1_l1,292,26500.0
initial_good,adds_005,20200813-subject-02/20200813_154103,14,s1_l0,292,26500.0
initial_good,adds_005,20200813-subject-02/20200813_154103,14,fp,292,19700.0
initial_good,adds_005,20200813-subject-02/20200813_154408,15,residual,335,31400.0
initial_good,adds_005,20200813-subject-02/20200813_154408,15,s0_l1,335,31400.0
initial_good,adds_005,20200813-subject-02/20200813_154408,15,s0_l0,335,31400.0
initial_good,adds_005,20200813-subject-02/20200813_154408,15,s1_l1,335,31400.0
initial_good,adds_005,20200813-subject-02/20200813_154408,15,s1_l0,335,31500.0
initial_good,adds_005,20200813-subject-02/20200813_154408,15,fp,335,22600.0
initial_good,adds_005,20200813-subject-02/20200813_154729,16,residual,497,48900.0
initial_good,adds_005,20200813-subject-02/20200813_154729,16,s0_l1,497,49000.0
initial_good,adds_005,20200813-subject-02/20200813_154729,16,s0_l0,497,49000.0
initial_good,adds_005,20200813-subject-02/20200813_154729,16,s1_l1,497,49000.0
initial_good,adds_005,20200813-subject-02/20200813_154729,16,s1_l0,497,49000.0
initial_good,adds_005,20200813-subject-02/20200813_154729,16,fp,497,49200.0
initial_good,adds_005,20200813-subject-02/20200813_155314,18,residual,118,8600.0
initial_good,adds_005,20200813-subject-02/20200813_155314,18,s0_l1,118,7700.0
initial_good,adds_005,20200813-subject-02/20200813_155314,18,s0_l0,118,8300.0
initial_good,adds_005,20200813-subject-02/20200813_155314,18,s1_l1,118,7900.0
initial_good,adds_005,20200813-subject-02/20200813_155314,18,s1_l0,118,7800.0
initial_good,adds_005,20200813-subject-02/20200813_155314,18,fp,118,5200.0
initial_good,adds_005,20200813-subject-02/20200813_155633,20,residual,355,31000.0
initial_good,adds_005,20200813-subject-02/20200813_155633,20,s0_l1,355,30900.0
initial_good,adds_005,20200813-subject-02/20200813_155633,20,s0_l0,355,30900.0
initial_good,adds_005,20200813-subject-02/20200813_155633,20,s1_l1,355,30700.0
initial_good,adds_005,20200813-subject-02/20200813_155633,20,s1_l0,355,30600.0
initial_good,adds_005,20200813-subject-02/20200813_155633,20,fp,355,25700.0
initial_good,adds_005,20200813-subject-02/20200813_155953,21,residual,73,6800.0
initial_good,adds_005,20200813-subject-02/20200813_155953,21,s0_l1,73,6800.0
initial_good,adds_005,20200813-subject-02/20200813_155953,21,s0_l0,73,6800.0
initial_good,adds_005,20200813-subject-02/20200813_155953,21,s1_l1,73,6900.0
initial_good,adds_005,20200813-subject-02/20200813_155953,21,s1_l0,73,6700.0
initial_good,adds_005,20200813-subject-02/20200813_155953,21,fp,73,2400.0
initial_good,adds_01,20200709-subject-01/20200709_142123,1,residual,365,36500.0
initial_good,adds_01,20200709-subject-01/20200709_142123,1,s0_l1,365,36500.0
initial_good,adds_01,20200709-subject-01/20200709_142123,1,s0_l0,365,36500.0
initial_good,adds_01,20200709-subject-01/20200709_142123,1,s1_l1,365,36500.0
initial_good,adds_01,20200709-subject-01/20200709_142123,1,s1_l0,365,36500.0
initial_good,adds_01,20200709-subject-01/20200709_142123,1,fp,365,36500.0
initial_good,adds_01,20200709-subject-01/20200709_142446,2,residual,213,21300.0
initial_good,adds_01,20200709-subject-01/20200709_142446,2,s0_l1,213,21300.0
initial_good,adds_01,20200709-subject-01/20200709_142446,2,s0_l0,213,21300.0
initial_good,adds_01,20200709-subject-01/20200709_142446,2,s1_l1,213,21300.0
initial_good,adds_01,20200709-subject-01/20200709_142446,2,s1_l0,213,21300.0
initial_good,adds_01,20200709-subject-01/20200709_142446,2,fp,213,21300.0
initial_good,adds_01,20200709-subject-01/20200709_142802,3,residual,355,35500.0
initial_good,adds_01,20200709-subject-01/20200709_142802,3,s0_l1,355,35500.0
initial_good,adds_01,20200709-subject-01/20200709_142802,3,s0_l0,355,35500.0
initial_good,adds_01,20200709-subject-01/20200709_142802,3,s1_l1,355,35500.0
initial_good,adds_01,20200709-subject-01/20200709_142802,3,s1_l0,355,35500.0
initial_good,adds_01,20200709-subject-01/20200709_142802,3,fp,355,35500.0
initial_good,adds_01,20200709-subject-01/20200709_143125,4,residual,284,28400.0
initial_good,adds_01,20200709-subject-01/20200709_143125,4,s0_l1,284,28400.0
initial_good,adds_01,20200709-subject-01/20200709_143125,4,s0_l0,284,28400.0
initial_good,adds_01,20200709-subject-01/20200709_143125,4,s1_l1,284,28400.0
initial_good,adds_01,20200709-subject-01/20200709_143125,4,s1_l0,284,28400.0
initial_good,adds_01,20200709-subject-01/20200709_143125,4,fp,284,28400.0
initial_good,adds_01,20200709-subject-01/20200709_143531,5,residual,292,29200.0
initial_good,adds_01,20200709-subject-01/20200709_143531,5,s0_l1,292,29200.0
initial_good,adds_01,20200709-subject-01/20200709_143531,5,s0_l0,292,29200.0
initial_good,adds_01,20200709-subject-01/20200709_143531,5,s1_l1,292,29200.0
initial_good,adds_01,20200709-subject-01/20200709_143531,5,s1_l0,292,29200.0
initial_good,adds_01,20200709-subject-01/20200709_143531,5,fp,292,29200.0
initial_good,adds_01,20200709-subject-01/20200709_143907,6,residual,213,21300.0
initial_good,adds_01,20200709-subject-01/20200709_143907,6,s0_l1,213,21300.0
initial_good,adds_01,20200709-subject-01/20200709_143907,6,s0_l0,213,21300.0
initial_good,adds_01,20200709-subject-01/20200709_143907,6,s1_l1,213,21300.0
initial_good,adds_01,20200709-subject-01/20200709_143907,6,s1_l0,213,21300.0
initial_good,adds_01,20200709-subject-01/20200709_143907,6,fp,213,18700.0
initial_good,adds_01,20200709-subject-01/20200709_144313,7,residual,71,7100.0
initial_good,adds_01,20200709-subject-01/20200709_144313,7,s0_l1,71,7100.0
initial_good,adds_01,20200709-subject-01/20200709_144313,7,s0_l0,71,7100.0
initial_good,adds_01,20200709-subject-01/20200709_144313,7,s1_l1,71,7100.0
initial_good,adds_01,20200709-subject-01/20200709_144313,7,s1_l0,71,7100.0
initial_good,adds_01,20200709-subject-01/20200709_144313,7,fp,71,7100.0
initial_good,adds_01,20200709-subject-01/20200709_144735,8,residual,71,7100.0
initial_good,adds_01,20200709-subject-01/20200709_144735,8,s0_l1,71,7100.0
initial_good,adds_01,20200709-subject-01/20200709_144735,8,s0_l0,71,7100.0
initial_good,adds_01,20200709-subject-01/20200709_144735,8,s1_l1,71,7100.0
initial_good,adds_01,20200709-subject-01/20200709_144735,8,s1_l0,71,7100.0
initial_good,adds_01,20200709-subject-01/20200709_144735,8,fp,71,5500.0
initial_good,adds_01,20200709-subject-01/20200709_145132,9,residual,219,21900.0
initial_good,adds_01,20200709-subject-01/20200709_145132,9,s0_l1,219,21900.0
initial_good,adds_01,20200709-subject-01/20200709_145132,9,s0_l0,219,21900.0
initial_good,adds_01,20200709-subject-01/20200709_145132,9,s1_l1,219,21900.0
initial_good,adds_01,20200709-subject-01/20200709_145132,9,s1_l0,219,21900.0
initial_good,adds_01,20200709-subject-01/20200709_145132,9,fp,219,21900.0
initial_good,adds_01,20200709-subject-01/20200709_145743,10,residual,213,21300.0
initial_good,adds_01,20200709-subject-01/20200709_145743,10,s0_l1,213,21300.0
initial_good,adds_01,20200709-subject-01/20200709_145743,10,s0_l0,213,21300.0
initial_good,adds_01,20200709-subject-01/20200709_145743,10,s1_l1,213,21300.0
initial_good,adds_01,20200709-subject-01/20200709_145743,10,s1_l0,213,21300.0
initial_good,adds_01,20200709-subject-01/20200709_145743,10,fp,213,21000.0
initial_good,adds_01,20200709-subject-01/20200709_150144,11,residual,426,41500.0
initial_good,adds_01,20200709-subject-01/20200709_150144,11,s0_l1,426,41500.0
initial_good,adds_01,20200709-subject-01/20200709_150144,11,s0_l0,426,41500.0
initial_good,adds_01,20200709-subject-01/20200709_150144,11,s1_l1,426,41500.0
initial_good,adds_01,20200709-subject-01/20200709_150144,11,s1_l0,426,41500.0
initial_good,adds_01,20200709-subject-01/20200709_150144,11,fp,426,41400.0
initial_good,adds_01,20200709-subject-01/20200709_150524,12,residual,355,31800.0
initial_good,adds_01,20200709-subject-01/20200709_150524,12,s0_l1,355,31900.0
initial_good,adds_01,20200709-subject-01/20200709_150524,12,s0_l0,355,33000.0
initial_good,adds_01,20200709-subject-01/20200709_150524,12,s1_l1,355,32900.0
initial_good,adds_01,20200709-subject-01/20200709_150524,12,s1_l0,355,33000.0
initial_good,adds_01,20200709-subject-01/20200709_150524,12,fp,355,31800.0
initial_good,adds_01,20200709-subject-01/20200709_150906,13,residual,365,36500.0
initial_good,adds_01,20200709-subject-01/20200709_150906,13,s0_l1,365,36500.0
initial_good,adds_01,20200709-subject-01/20200709_150906,13,s0_l0,365,36500.0
initial_good,adds_01,20200709-subject-01/20200709_150906,13,s1_l1,365,36500.0
initial_good,adds_01,20200709-subject-01/20200709_150906,13,s1_l0,365,36500.0
initial_good,adds_01,20200709-subject-01/20200709_150906,13,fp,365,36500.0
initial_good,adds_01,20200709-subject-01/20200709_151246,14,residual,292,29200.0
initial_good,adds_01,20200709-subject-01/20200709_151246,14,s0_l1,292,29200.0
initial_good,adds_01,20200709-subject-01/20200709_151246,14,s0_l0,292,29200.0
initial_good,adds_01,20200709-subject-01/20200709_151246,14,s1_l1,292,29200.0
initial_good,adds_01,20200709-subject-01/20200709_151246,14,s1_l0,292,29200.0
initial_good,adds_01,20200709-subject-01/20200709_151246,14,fp,292,27600.0
initial_good,adds_01,20200709-subject-01/20200709_151632,15,residual,355,35500.0
initial_good,adds_01,20200709-subject-01/20200709_151632,15,s0_l1,355,35500.0
initial_good,adds_01,20200709-subject-01/20200709_151632,15,s0_l0,355,35500.0
initial_good,adds_01,20200709-subject-01/20200709_151632,15,s1_l1,355,35500.0
initial_good,adds_01,20200709-subject-01/20200709_151632,15,s1_l0,355,35500.0
initial_good,adds_01,20200709-subject-01/20200709_151632,15,fp,355,35500.0
initial_good,adds_01,20200709-subject-01/20200709_151948,16,residual,426,41800.0
initial_good,adds_01,20200709-subject-01/20200709_151948,16,s0_l1,426,41800.0
initial_good,adds_01,20200709-subject-01/20200709_151948,16,s0_l0,426,41800.0
initial_good,adds_01,20200709-subject-01/20200709_151948,16,s1_l1,426,41800.0
initial_good,adds_01,20200709-subject-01/20200709_151948,16,s1_l0,426,41800.0
initial_good,adds_01,20200709-subject-01/20200709_151948,16,fp,426,40800.0
initial_good,adds_01,20200709-subject-01/20200709_152420,17,residual,146,14600.0
initial_good,adds_01,20200709-subject-01/20200709_152420,17,s0_l1,146,14600.0
initial_good,adds_01,20200709-subject-01/20200709_152420,17,s0_l0,146,14600.0
initial_good,adds_01,20200709-subject-01/20200709_152420,17,s1_l1,146,14600.0
initial_good,adds_01,20200709-subject-01/20200709_152420,17,s1_l0,146,14600.0
initial_good,adds_01,20200709-subject-01/20200709_152420,17,fp,146,14500.0
initial_good,adds_01,20200709-subject-01/20200709_153548,21,residual,142,14200.0
initial_good,adds_01,20200709-subject-01/20200709_153548,21,s0_l1,142,14200.0
initial_good,adds_01,20200709-subject-01/20200709_153548,21,s0_l0,142,14200.0
initial_good,adds_01,20200709-subject-01/20200709_153548,21,s1_l1,142,14200.0
initial_good,adds_01,20200709-subject-01/20200709_153548,21,s1_l0,142,14200.0
initial_good,adds_01,20200709-subject-01/20200709_153548,21,fp,142,14200.0
initial_good,adds_01,20200813-subject-02/20200813_145612,1,residual,584,58400.0
initial_good,adds_01,20200813-subject-02/20200813_145612,1,s0_l1,584,58400.0
initial_good,adds_01,20200813-subject-02/20200813_145612,1,s0_l0,584,58400.0
initial_good,adds_01,20200813-subject-02/20200813_145612,1,s1_l1,584,58400.0
initial_good,adds_01,20200813-subject-02/20200813_145612,1,s1_l0,584,58400.0
initial_good,adds_01,20200813-subject-02/20200813_145612,1,fp,584,58400.0
initial_good,adds_01,20200813-subject-02/20200813_145920,2,residual,438,43800.0
initial_good,adds_01,20200813-subject-02/20200813_145920,2,s0_l1,438,43800.0
initial_good,adds_01,20200813-subject-02/20200813_145920,2,s0_l0,438,43800.0
initial_good,adds_01,20200813-subject-02/20200813_145920,2,s1_l1,438,43800.0
initial_good,adds_01,20200813-subject-02/20200813_145920,2,s1_l0,438,43800.0
initial_good,adds_01,20200813-subject-02/20200813_145920,2,fp,438,43800.0
initial_good,adds_01,20200813-subject-02/20200813_150228,3,residual,142,14200.0
initial_good,adds_01,20200813-subject-02/20200813_150228,3,s0_l1,142,14200.0
initial_good,adds_01,20200813-subject-02/20200813_150228,3,s0_l0,142,14200.0
initial_good,adds_01,20200813-subject-02/20200813_150228,3,s1_l1,142,14200.0
initial_good,adds_01,20200813-subject-02/20200813_150228,3,s1_l0,142,14200.0
initial_good,adds_01,20200813-subject-02/20200813_150228,3,fp,142,10100.0
initial_good,adds_01,20200813-subject-02/20200813_150535,4,residual,292,29200.0
initial_good,adds_01,20200813-subject-02/20200813_150535,4,s0_l1,292,29200.0
initial_good,adds_01,20200813-subject-02/20200813_150535,4,s0_l0,292,29200.0
initial_good,adds_01,20200813-subject-02/20200813_150535,4,s1_l1,292,29200.0
initial_good,adds_01,20200813-subject-02/20200813_150535,4,s1_l0,292,29200.0
initial_good,adds_01,20200813-subject-02/20200813_150535,4,fp,292,19000.0
initial_good,adds_01,20200813-subject-02/20200813_150823,5,residual,355,34500.0
initial_good,adds_01,20200813-subject-02/20200813_150823,5,s0_l1,355,34300.0
initial_good,adds_01,20200813-subject-02/20200813_150823,5,s0_l0,355,34300.0
initial_good,adds_01,20200813-subject-02/20200813_150823,5,s1_l1,355,34300.0
initial_good,adds_01,20200813-subject-02/20200813_150823,5,s1_l0,355,34300.0
initial_good,adds_01,20200813-subject-02/20200813_150823,5,fp,355,33500.0
initial_good,adds_01,20200813-subject-02/20200813_151117,6,residual,142,14200.0
initial_good,adds_01,20200813-subject-02/20200813_151117,6,s0_l1,142,14200.0
initial_good,adds_01,20200813-subject-02/20200813_151117,6,s0_l0,142,14200.0
initial_good,adds_01,20200813-subject-02/20200813_151117,6,s1_l1,142,14200.0
initial_good,adds_01,20200813-subject-02/20200813_151117,6,s1_l0,142,14200.0
initial_good,adds_01,20200813-subject-02/20200813_151117,6,fp,142,6200.0
initial_good,adds_01,20200813-subject-02/20200813_151925,7,residual,426,42500.0
initial_good,adds_01,20200813-subject-02/20200813_151925,7,s0_l1,426,42500.0
initial_good,adds_01,20200813-subject-02/20200813_151925,7,s0_l0,426,42500.0
initial_good,adds_01,20200813-subject-02/20200813_151925,7,s1_l1,426,42500.0
initial_good,adds_01,20200813-subject-02/20200813_151925,7,s1_l0,426,42500.0
initial_good,adds_01,20200813-subject-02/20200813_151925,7,fp,426,29300.0
initial_good,adds_01,20200813-subject-02/20200813_152215,8,residual,142,14200.0
initial_good,adds_01,20200813-subject-02/20200813_152215,8,s0_l1,142,14200.0
initial_good,adds_01,20200813-subject-02/20200813_152215,8,s0_l0,142,14200.0
initial_good,adds_01,20200813-subject-02/20200813_152215,8,s1_l1,142,14200.0
initial_good,adds_01,20200813-subject-02/20200813_152215,8,s1_l0,142,14200.0
initial_good,adds_01,20200813-subject-02/20200813_152215,8,fp,142,10800.0
initial_good,adds_01,20200813-subject-02/20200813_152513,9,residual,219,21900.0
initial_good,adds_01,20200813-subject-02/20200813_152513,9,s0_l1,219,21900.0
initial_good,adds_01,20200813-subject-02/20200813_152513,9,s0_l0,219,21900.0
initial_good,adds_01,20200813-subject-02/20200813_152513,9,s1_l1,219,21900.0
initial_good,adds_01,20200813-subject-02/20200813_152513,9,s1_l0,219,21900.0
initial_good,adds_01,20200813-subject-02/20200813_152513,9,fp,219,19800.0
initial_good,adds_01,20200813-subject-02/20200813_152842,10,residual,276,27500.0
initial_good,adds_01,20200813-subject-02/20200813_152842,10,s0_l1,276,27500.0
initial_good,adds_01,20200813-subject-02/20200813_152842,10,s0_l0,276,27500.0
initial_good,adds_01,20200813-subject-02/20200813_152842,10,s1_l1,276,27500.0
initial_good,adds_01,20200813-subject-02/20200813_152842,10,s1_l0,276,27500.0
initial_good,adds_01,20200813-subject-02/20200813_152842,10,fp,276,24600.0
initial_good,adds_01,20200813-subject-02/20200813_153152,11,residual,568,56800.0
initial_good,adds_01,20200813-subject-02/20200813_153152,11,s0_l1,568,56800.0
initial_good,adds_01,20200813-subject-02/20200813_153152,11,s0_l0,568,56800.0
initial_good,adds_01,20200813-subject-02/20200813_153152,11,s1_l1,568,56800.0
initial_good,adds_01,20200813-subject-02/20200813_153152,11,s1_l0,568,56800.0
initial_good,adds_01,20200813-subject-02/20200813_153152,11,fp,568,55800.0
initial_good,adds_01,20200813-subject-02/20200813_153453,12,residual,355,35500.0
initial_good,adds_01,20200813-subject-02/20200813_153453,12,s0_l1,355,35500.0
initial_good,adds_01,20200813-subject-02/20200813_153453,12,s0_l0,355,35500.0
initial_good,adds_01,20200813-subject-02/20200813_153453,12,s1_l1,355,35500.0
initial_good,adds_01,20200813-subject-02/20200813_153453,12,s1_l0,355,35500.0
initial_good,adds_01,20200813-subject-02/20200813_153453,12,fp,355,35500.0
initial_good,adds_01,20200813-subject-02/20200813_153802,13,residual,355,35500.0
initial_good,adds_01,20200813-subject-02/20200813_153802,13,s0_l1,355,35500.0
initial_good,adds_01,20200813-subject-02/20200813_153802,13,s0_l0,355,35500.0
initial_good,adds_01,20200813-subject-02/20200813_153802,13,s1_l1,355,35500.0
initial_good,adds_01,20200813-subject-02/20200813_153802,13,s1_l0,355,35500.0
initial_good,adds_01,20200813-subject-02/20200813_153802,13,fp,355,32600.0
initial_good,adds_01,20200813-subject-02/20200813_154103,14,residual,292,29200.0
initial_good,adds_01,20200813-subject-02/20200813_154103,14,s0_l1,292,29200.0
initial_good,adds_01,20200813-subject-02/20200813_154103,14,s0_l0,292,29200.0
initial_good,adds_01,20200813-subject-02/20200813_154103,14,s1_l1,292,29200.0
initial_good,adds_01,20200813-subject-02/20200813_154103,14,s1_l0,292,29200.0
initial_good,adds_01,20200813-subject-02/20200813_154103,14,fp,292,24800.0
initial_good,adds_01,20200813-subject-02/20200813_154408,15,residual,335,32300.0
initial_good,adds_01,20200813-subject-02/20200813_154408,15,s0_l1,335,32200.0
initial_good,adds_01,20200813-subject-02/20200813_154408,15,s0_l0,335,32200.0
initial_good,adds_01,20200813-subject-02/20200813_154408,15,s1_l1,335,32100.0
initial_good,adds_01,20200813-subject-02/20200813_154408,15,s1_l0,335,32100.0
initial_good,adds_01,20200813-subject-02/20200813_154408,15,fp,335,33500.0
initial_good,adds_01,20200813-subject-02/20200813_154729,16,residual,497,49700.0
initial_good,adds_01,20200813-subject-02/20200813_154729,16,s0_l1,497,49700.0
initial_good,adds_01,20200813-subject-02/20200813_154729,16,s0_l0,497,49700.0
initial_good,adds_01,20200813-subject-02/20200813_154729,16,s1_l1,497,49700.0
initial_good,adds_01,20200813-subject-02/20200813_154729,16,s1_l0,497,49700.0
initial_good,adds_01,20200813-subject-02/20200813_154729,16,fp,497,49700.0
initial_good,adds_01,20200813-subject-02/20200813_155314,18,residual,118,10300.0
initial_good,adds_01,20200813-subject-02/20200813_155314,18,s0_l1,118,9900.0
initial_good,adds_01,20200813-subject-02/20200813_155314,18,s0_l0,118,10100.0
initial_good,adds_01,20200813-subject-02/20200813_155314,18,s1_l1,118,10000.0
initial_good,adds_01,20200813-subject-02/20200813_155314,18,s1_l0,118,10100.0
initial_good,adds_01,20200813-subject-02/20200813_155314,18,fp,118,6200.0
initial_good,adds_01,20200813-subject-02/20200813_155633,20,residual,355,34700.0
initial_good,adds_01,20200813-subject-02/20200813_155633,20,s0_l1,355,34700.0
initial_good,adds_01,20200813-subject-02/20200813_155633,20,s0_l0,355,34800.0
initial_good,adds_01,20200813-subject-02/20200813_155633,20,s1_l1,355,34600.0
initial_good,adds_01,20200813-subject-02/20200813_155633,20,s1_l0,355,34700.0
initial_good,adds_01,20200813-subject-02/20200813_155633,20,fp,355,27800.0
initial_good,adds_01,20200813-subject-02/20200813_155953,21,residual,73,7300.0
initial_good,adds_01,20200813-subject-02/20200813_155953,21,s0_l1,73,7300.0
initial_good,adds_01,20200813-subject-02/20200813_155953,21,s0_l0,73,7300.0
initial_good,adds_01,20200813-subject-02/20200813_155953,21,s1_l1,73,7300.0
initial_good,adds_01,20200813-subject-02/20200813_155953,21,s1_l0,73,7300.0
initial_good,adds_01,20200813-subject-02/20200813_155953,21,fp,73,2700.0
initial_good,rotation_deg,20200709-subject-01/20200709_142123,1,residual,365,12085.064868330956
initial_good,rotation_deg,20200709-subject-01/20200709_142123,1,s0_l1,365,12052.00000321865
initial_good,rotation_deg,20200709-subject-01/20200709_142123,1,s0_l0,365,12079.259034872055
initial_good,rotation_deg,20200709-subject-01/20200709_142123,1,s1_l1,365,12151.018451929092
initial_good,rotation_deg,20200709-subject-01/20200709_142123,1,s1_l0,365,12099.685811519623
initial_good,rotation_deg,20200709-subject-01/20200709_142123,1,fp,365,11890.720369815826
initial_good,rotation_deg,20200709-subject-01/20200709_142446,2,residual,213,747.2542563378811
initial_good,rotation_deg,20200709-subject-01/20200709_142446,2,s0_l1,213,731.9708726406097
initial_good,rotation_deg,20200709-subject-01/20200709_142446,2,s0_l0,213,734.9017061442137
initial_good,rotation_deg,20200709-subject-01/20200709_142446,2,s1_l1,213,750.7796657681465
initial_good,rotation_deg,20200709-subject-01/20200709_142446,2,s1_l0,213,755.9704565256834
initial_good,rotation_deg,20200709-subject-01/20200709_142446,2,fp,213,723.6132664680481
initial_good,rotation_deg,20200709-subject-01/20200709_142802,3,residual,355,1079.5675710439682
initial_good,rotation_deg,20200709-subject-01/20200709_142802,3,s0_l1,355,1043.9913353919983
initial_good,rotation_deg,20200709-subject-01/20200709_142802,3,s0_l0,355,1049.6098708808422
initial_good,rotation_deg,20200709-subject-01/20200709_142802,3,s1_l1,355,1031.1129272580147
initial_good,rotation_deg,20200709-subject-01/20200709_142802,3,s1_l0,355,1038.0083603560925
initial_good,rotation_deg,20200709-subject-01/20200709_142802,3,fp,355,1380.5970002412796
initial_good,rotation_deg,20200709-subject-01/20200709_143125,4,residual,284,10211.32210278511
initial_good,rotation_deg,20200709-subject-01/20200709_143125,4,s0_l1,284,10205.733067512512
initial_good,rotation_deg,20200709-subject-01/20200709_143125,4,s0_l0,284,10196.091562747955
initial_good,rotation_deg,20200709-subject-01/20200709_143125,4,s1_l1,284,10333.224161624908
initial_good,rotation_deg,20200709-subject-01/20200709_143125,4,s1_l0,284,10385.780728816986
initial_good,rotation_deg,20200709-subject-01/20200709_143125,4,fp,284,5414.572300434113
initial_good,rotation_deg,20200709-subject-01/20200709_143531,5,residual,292,2493.54944935441
initial_good,rotation_deg,20200709-subject-01/20200709_143531,5,s0_l1,292,2478.1438628435135
initial_good,rotation_deg,20200709-subject-01/20200709_143531,5,s0_l0,292,2489.145321547985
initial_good,rotation_deg,20200709-subject-01/20200709_143531,5,s1_l1,292,2473.3657378554344
initial_good,rotation_deg,20200709-subject-01/20200709_143531,5,s1_l0,292,2466.2819490730762
initial_good,rotation_deg,20200709-subject-01/20200709_143531,5,fp,292,1877.3362939208746
initial_good,rotation_deg,20200709-subject-01/20200709_143907,6,residual,213,5743.425954341888
initial_good,rotation_deg,20200709-subject-01/20200709_143907,6,s0_l1,213,6232.41206073761
initial_good,rotation_deg,20200709-subject-01/20200709_143907,6,s0_l0,213,6235.65006685257
initial_good,rotation_deg,20200709-subject-01/20200709_143907,6,s1_l1,213,6199.599693775177
initial_good,rotation_deg,20200709-subject-01/20200709_143907,6,s1_l0,213,6118.247843742371
initial_good,rotation_deg,20200709-subject-01/20200709_143907,6,fp,213,9653.315572738647
initial_good,rotation_deg,20200709-subject-01/20200709_144313,7,residual,71,391.22169280052185
initial_good,rotation_deg,20200709-subject-01/20200709_144313,7,s0_l1,71,395.1118996143341
initial_good,rotation_deg,20200709-subject-01/20200709_144313,7,s0_l0,71,390.4490954875946
initial_good,rotation_deg,20200709-subject-01/20200709_144313,7,s1_l1,71,392.79339933395386
initial_good,rotation_deg,20200709-subject-01/20200709_144313,7,s1_l0,71,386.9738824367523
initial_good,rotation_deg,20200709-subject-01/20200709_144313,7,fp,71,343.1653687953949
initial_good,rotation_deg,20200709-subject-01/20200709_144735,8,residual,71,1096.612624168396
initial_good,rotation_deg,20200709-subject-01/20200709_144735,8,s0_l1,71,887.2023239135742
initial_good,rotation_deg,20200709-subject-01/20200709_144735,8,s0_l0,71,877.8398239612579
initial_good,rotation_deg,20200709-subject-01/20200709_144735,8,s1_l1,71,858.6569720506668
initial_good,rotation_deg,20200709-subject-01/20200709_144735,8,s1_l0,71,864.0207443237305
initial_good,rotation_deg,20200709-subject-01/20200709_144735,8,fp,71,711.5676876306534
initial_good,rotation_deg,20200709-subject-01/20200709_145132,9,residual,219,1240.3294372558594
initial_good,rotation_deg,20200709-subject-01/20200709_145132,9,s0_l1,219,1227.040427327156
initial_good,rotation_deg,20200709-subject-01/20200709_145132,9,s0_l0,219,1206.4238566160202
initial_good,rotation_deg,20200709-subject-01/20200709_145132,9,s1_l1,219,1247.0894179344177
initial_good,rotation_deg,20200709-subject-01/20200709_145132,9,s1_l0,219,1216.7173537015915
initial_good,rotation_deg,20200709-subject-01/20200709_145132,9,fp,219,1487.0184379816055
initial_good,rotation_deg,20200709-subject-01/20200709_145743,10,residual,213,2632.681071996689
initial_good,rotation_deg,20200709-subject-01/20200709_145743,10,s0_l1,213,2829.0660272836685
initial_good,rotation_deg,20200709-subject-01/20200709_145743,10,s0_l0,213,2787.0896948575974
initial_good,rotation_deg,20200709-subject-01/20200709_145743,10,s1_l1,213,2858.618076443672
initial_good,rotation_deg,20200709-subject-01/20200709_145743,10,s1_l0,213,2841.7005545794964
initial_good,rotation_deg,20200709-subject-01/20200709_145743,10,fp,213,3854.2992836236954
initial_good,rotation_deg,20200709-subject-01/20200709_150144,11,residual,426,3998.105257153511
initial_good,rotation_deg,20200709-subject-01/20200709_150144,11,s0_l1,426,4038.171319901943
initial_good,rotation_deg,20200709-subject-01/20200709_150144,11,s0_l0,426,4053.9854159355164
initial_good,rotation_deg,20200709-subject-01/20200709_150144,11,s1_l1,426,4071.753394126892
initial_good,rotation_deg,20200709-subject-01/20200709_150144,11,s1_l0,426,4078.455967217684
initial_good,rotation_deg,20200709-subject-01/20200709_150144,11,fp,426,12492.53520077467
initial_good,rotation_deg,20200709-subject-01/20200709_150524,12,residual,355,6782.204053640366
initial_good,rotation_deg,20200709-subject-01/20200709_150524,12,s0_l1,355,6162.442185282707
initial_good,rotation_deg,20200709-subject-01/20200709_150524,12,s0_l0,355,5983.936122477055
initial_good,rotation_deg,20200709-subject-01/20200709_150524,12,s1_l1,355,5995.055529117584
initial_good,rotation_deg,20200709-subject-01/20200709_150524,12,s1_l0,355,5927.427359342575
initial_good,rotation_deg,20200709-subject-01/20200709_150524,12,fp,355,4045.619230955839
initial_good,rotation_deg,20200709-subject-01/20200709_150906,13,residual,365,14688.84106850624
initial_good,rotation_deg,20200709-subject-01/20200709_150906,13,s0_l1,365,14682.453788042068
initial_good,rotation_deg,20200709-subject-01/20200709_150906,13,s0_l0,365,14661.254472732544
initial_good,rotation_deg,20200709-subject-01/20200709_150906,13,s1_l1,365,14311.623080253601
initial_good,rotation_deg,20200709-subject-01/20200709_150906,13,s1_l0,365,14369.928830623627
initial_good,rotation_deg,20200709-subject-01/20200709_150906,13,fp,365,20458.247614741325
initial_good,rotation_deg,20200709-subject-01/20200709_151246,14,residual,292,4626.094992756844
initial_good,rotation_deg,20200709-subject-01/20200709_151246,14,s0_l1,292,5672.8506116867065
initial_good,rotation_deg,20200709-subject-01/20200709_151246,14,s0_l0,292,5555.94832611084
initial_good,rotation_deg,20200709-subject-01/20200709_151246,14,s1_l1,292,5279.0667889118195
initial_good,rotation_deg,20200709-subject-01/20200709_151246,14,s1_l0,292,4619.238482952118
initial_good,rotation_deg,20200709-subject-01/20200709_151246,14,fp,292,6472.97802400589
initial_good,rotation_deg,20200709-subject-01/20200709_151632,15,residual,355,1258.2582854628563
initial_good,rotation_deg,20200709-subject-01/20200709_151632,15,s0_l1,355,1238.5414094924927
initial_good,rotation_deg,20200709-subject-01/20200709_151632,15,s0_l0,355,1244.0167348384857
initial_good,rotation_deg,20200709-subject-01/20200709_151632,15,s1_l1,355,1243.5188496112823
initial_good,rotation_deg,20200709-subject-01/20200709_151632,15,s1_l0,355,1251.487541615963
initial_good,rotation_deg,20200709-subject-01/20200709_151632,15,fp,355,1211.9999460577965
initial_good,rotation_deg,20200709-subject-01/20200709_151948,16,residual,426,39080.72714352608
initial_good,rotation_deg,20200709-subject-01/20200709_151948,16,s0_l1,426,39077.755347549915
initial_good,rotation_deg,20200709-subject-01/20200709_151948,16,s0_l0,426,39071.42337322235
initial_good,rotation_deg,20200709-subject-01/20200709_151948,16,s1_l1,426,39085.94762778282
initial_good,rotation_deg,20200709-subject-01/20200709_151948,16,s1_l0,426,39080.970258295536
initial_good,rotation_deg,20200709-subject-01/20200709_151948,16,fp,426,38850.387044906616
initial_good,rotation_deg,20200709-subject-01/20200709_152420,17,residual,146,5030.474278211594
initial_good,rotation_deg,20200709-subject-01/20200709_152420,17,s0_l1,146,4935.161261558533
initial_good,rotation_deg,20200709-subject-01/20200709_152420,17,s0_l0,146,5316.3153438568115
initial_good,rotation_deg,20200709-subject-01/20200709_152420,17,s1_l1,146,4712.873391389847
initial_good,rotation_deg,20200709-subject-01/20200709_152420,17,s1_l0,146,4913.066446661949
initial_good,rotation_deg,20200709-subject-01/20200709_152420,17,fp,146,1111.8571190834045
initial_good,rotation_deg,20200709-subject-01/20200709_153548,21,residual,142,25330.82972717285
initial_good,rotation_deg,20200709-subject-01/20200709_153548,21,s0_l1,142,25358.50570678711
initial_good,rotation_deg,20200709-subject-01/20200709_153548,21,s0_l0,142,25352.842239379883
initial_good,rotation_deg,20200709-subject-01/20200709_153548,21,s1_l1,142,25360.744369506836
initial_good,rotation_deg,20200709-subject-01/20200709_153548,21,s1_l0,142,25362.27328491211
initial_good,rotation_deg,20200709-subject-01/20200709_153548,21,fp,142,25448.102981567383
initial_good,rotation_deg,20200813-subject-02/20200813_145612,1,residual,584,39544.622599482536
initial_good,rotation_deg,20200813-subject-02/20200813_145612,1,s0_l1,584,38925.48129504919
initial_good,rotation_deg,20200813-subject-02/20200813_145612,1,s0_l0,584,38993.954646945
initial_good,rotation_deg,20200813-subject-02/20200813_145612,1,s1_l1,584,39243.363234996796
initial_good,rotation_deg,20200813-subject-02/20200813_145612,1,s1_l0,584,39188.97204899788
initial_good,rotation_deg,20200813-subject-02/20200813_145612,1,fp,584,44096.28942966461
initial_good,rotation_deg,20200813-subject-02/20200813_145920,2,residual,438,1322.193794503808
initial_good,rotation_deg,20200813-subject-02/20200813_145920,2,s0_l1,438,1315.9404372274876
initial_good,rotation_deg,20200813-subject-02/20200813_145920,2,s0_l0,438,1302.694872945547
initial_good,rotation_deg,20200813-subject-02/20200813_145920,2,s1_l1,438,1322.6838635355234
initial_good,rotation_deg,20200813-subject-02/20200813_145920,2,s1_l0,438,1314.181104913354
initial_good,rotation_deg,20200813-subject-02/20200813_145920,2,fp,438,1123.255743443966
initial_good,rotation_deg,20200813-subject-02/20200813_150228,3,residual,142,502.7667441368103
initial_good,rotation_deg,20200813-subject-02/20200813_150228,3,s0_l1,142,488.1936662122607
initial_good,rotation_deg,20200813-subject-02/20200813_150228,3,s0_l0,142,485.2703195475042
initial_good,rotation_deg,20200813-subject-02/20200813_150228,3,s1_l1,142,483.7361131310463
initial_good,rotation_deg,20200813-subject-02/20200813_150228,3,s1_l0,142,486.85900719463825
initial_good,rotation_deg,20200813-subject-02/20200813_150228,3,fp,142,3307.4034272432327
initial_good,rotation_deg,20200813-subject-02/20200813_150535,4,residual,292,7267.38418841362
initial_good,rotation_deg,20200813-subject-02/20200813_150535,4,s0_l1,292,7080.398966431618
initial_good,rotation_deg,20200813-subject-02/20200813_150535,4,s0_l0,292,7149.766526460648
initial_good,rotation_deg,20200813-subject-02/20200813_150535,4,s1_l1,292,6945.459630012512
initial_good,rotation_deg,20200813-subject-02/20200813_150535,4,s1_l0,292,6998.397578835487
initial_good,rotation_deg,20200813-subject-02/20200813_150535,4,fp,292,12905.88075530529
initial_good,rotation_deg,20200813-subject-02/20200813_150823,5,residual,355,3415.0744934380054
initial_good,rotation_deg,20200813-subject-02/20200813_150823,5,s0_l1,355,3480.880688548088
initial_good,rotation_deg,20200813-subject-02/20200813_150823,5,s0_l0,355,3481.3100278377533
initial_good,rotation_deg,20200813-subject-02/20200813_150823,5,s1_l1,355,3421.047218590975
initial_good,rotation_deg,20200813-subject-02/20200813_150823,5,s1_l0,355,3408.5265069156885
initial_good,rotation_deg,20200813-subject-02/20200813_150823,5,fp,355,1898.7374923825264
initial_good,rotation_deg,20200813-subject-02/20200813_151117,6,residual,142,3033.92058467865
initial_good,rotation_deg,20200813-subject-02/20200813_151117,6,s0_l1,142,3251.91072845459
initial_good,rotation_deg,20200813-subject-02/20200813_151117,6,s0_l0,142,3164.5570120811462
initial_good,rotation_deg,20200813-subject-02/20200813_151117,6,s1_l1,142,3425.247033596039
initial_good,rotation_deg,20200813-subject-02/20200813_151117,6,s1_l0,142,3331.145878314972
initial_good,rotation_deg,20200813-subject-02/20200813_151117,6,fp,142,9392.78608083725
initial_good,rotation_deg,20200813-subject-02/20200813_151925,7,residual,426,2455.2059883475304
initial_good,rotation_deg,20200813-subject-02/20200813_151925,7,s0_l1,426,2417.6884162425995
initial_good,rotation_deg,20200813-subject-02/20200813_151925,7,s0_l0,426,2421.9404844641685
initial_good,rotation_deg,20200813-subject-02/20200813_151925,7,s1_l1,426,2412.6214077472687
initial_good,rotation_deg,20200813-subject-02/20200813_151925,7,s1_l0,426,2423.995395421982
initial_good,rotation_deg,20200813-subject-02/20200813_151925,7,fp,426,10164.418107509613
initial_good,rotation_deg,20200813-subject-02/20200813_152215,8,residual,142,1127.6248251795769
initial_good,rotation_deg,20200813-subject-02/20200813_152215,8,s0_l1,142,1116.4369722604752
initial_good,rotation_deg,20200813-subject-02/20200813_152215,8,s0_l0,142,1125.4880629181862
initial_good,rotation_deg,20200813-subject-02/20200813_152215,8,s1_l1,142,1106.1695573925972
initial_good,rotation_deg,20200813-subject-02/20200813_152215,8,s1_l0,142,1109.7235946655273
initial_good,rotation_deg,20200813-subject-02/20200813_152215,8,fp,142,4631.132227778435
initial_good,rotation_deg,20200813-subject-02/20200813_152513,9,residual,219,1244.7119954824448
initial_good,rotation_deg,20200813-subject-02/20200813_152513,9,s0_l1,219,1277.5665244460106
initial_good,rotation_deg,20200813-subject-02/20200813_152513,9,s0_l0,219,1266.9598829746246
initial_good,rotation_deg,20200813-subject-02/20200813_152513,9,s1_l1,219,1322.0178400278091
initial_good,rotation_deg,20200813-subject-02/20200813_152513,9,s1_l0,219,1309.8232415914536
initial_good,rotation_deg,20200813-subject-02/20200813_152513,9,fp,219,932.93678855896
initial_good,rotation_deg,20200813-subject-02/20200813_152842,10,residual,276,2265.5397857427597
initial_good,rotation_deg,20200813-subject-02/20200813_152842,10,s0_l1,276,2362.6103036105633
initial_good,rotation_deg,20200813-subject-02/20200813_152842,10,s0_l0,276,2340.7462876439095
initial_good,rotation_deg,20200813-subject-02/20200813_152842,10,s1_l1,276,2322.3988848626614
initial_good,rotation_deg,20200813-subject-02/20200813_152842,10,s1_l0,276,2312.192051053047
initial_good,rotation_deg,20200813-subject-02/20200813_152842,10,fp,276,3157.135837972164
initial_good,rotation_deg,20200813-subject-02/20200813_153152,11,residual,568,6859.408180713654
initial_good,rotation_deg,20200813-subject-02/20200813_153152,11,s0_l1,568,7945.293639481068
initial_good,rotation_deg,20200813-subject-02/20200813_153152,11,s0_l0,568,7803.504659593105
initial_good,rotation_deg,20200813-subject-02/20200813_153152,11,s1_l1,568,7991.291936725378
initial_good,rotation_deg,20200813-subject-02/20200813_153152,11,s1_l0,568,7909.120033979416
initial_good,rotation_deg,20200813-subject-02/20200813_153152,11,fp,568,4397.333981812
initial_good,rotation_deg,20200813-subject-02/20200813_153453,12,residual,355,3051.850597858429
initial_good,rotation_deg,20200813-subject-02/20200813_153453,12,s0_l1,355,2989.2302179932594
initial_good,rotation_deg,20200813-subject-02/20200813_153453,12,s0_l0,355,2942.4388312101364
initial_good,rotation_deg,20200813-subject-02/20200813_153453,12,s1_l1,355,3076.036237835884
initial_good,rotation_deg,20200813-subject-02/20200813_153453,12,s1_l0,355,3029.7628868222237
initial_good,rotation_deg,20200813-subject-02/20200813_153453,12,fp,355,1989.2244068980217
initial_good,rotation_deg,20200813-subject-02/20200813_153802,13,residual,355,41604.01673126221
initial_good,rotation_deg,20200813-subject-02/20200813_153802,13,s0_l1,355,41284.6746673584
initial_good,rotation_deg,20200813-subject-02/20200813_153802,13,s0_l0,355,41296.27146911621
initial_good,rotation_deg,20200813-subject-02/20200813_153802,13,s1_l1,355,41263.79340362549
initial_good,rotation_deg,20200813-subject-02/20200813_153802,13,s1_l0,355,41429.96155548096
initial_good,rotation_deg,20200813-subject-02/20200813_153802,13,fp,355,34876.99773025513
initial_good,rotation_deg,20200813-subject-02/20200813_154103,14,residual,292,3620.1291546821594
initial_good,rotation_deg,20200813-subject-02/20200813_154103,14,s0_l1,292,3627.0808749198914
initial_good,rotation_deg,20200813-subject-02/20200813_154103,14,s0_l0,292,3661.941118478775
initial_good,rotation_deg,20200813-subject-02/20200813_154103,14,s1_l1,292,3708.042771100998
initial_good,rotation_deg,20200813-subject-02/20200813_154103,14,s1_l0,292,3698.5265469551086
initial_good,rotation_deg,20200813-subject-02/20200813_154103,14,fp,292,7188.399586677551
initial_good,rotation_deg,20200813-subject-02/20200813_154408,15,residual,335,3390.8577797412872
initial_good,rotation_deg,20200813-subject-02/20200813_154408,15,s0_l1,335,3384.285575032234
initial_good,rotation_deg,20200813-subject-02/20200813_154408,15,s0_l0,335,3373.1227585077286
initial_good,rotation_deg,20200813-subject-02/20200813_154408,15,s1_l1,335,3349.0391680002213
initial_good,rotation_deg,20200813-subject-02/20200813_154408,15,s1_l0,335,3331.1732090711594
initial_good,rotation_deg,20200813-subject-02/20200813_154408,15,fp,335,2104.1001477241516
initial_good,rotation_deg,20200813-subject-02/20200813_154729,16,residual,497,88311.35835266113
initial_good,rotation_deg,20200813-subject-02/20200813_154729,16,s0_l1,497,88354.88520812988
initial_good,rotation_deg,20200813-subject-02/20200813_154729,16,s0_l0,497,88360.1723022461
initial_good,rotation_deg,20200813-subject-02/20200813_154729,16,s1_l1,497,88342.7725982666
initial_good,rotation_deg,20200813-subject-02/20200813_154729,16,s1_l0,497,88344.56469726562
initial_good,rotation_deg,20200813-subject-02/20200813_154729,16,fp,497,88552.94525146484
initial_good,rotation_deg,20200813-subject-02/20200813_155314,18,residual,118,10057.497269630432
initial_good,rotation_deg,20200813-subject-02/20200813_155314,18,s0_l1,118,9350.205333709717
initial_good,rotation_deg,20200813-subject-02/20200813_155314,18,s0_l0,118,8963.642014503479
initial_good,rotation_deg,20200813-subject-02/20200813_155314,18,s1_l1,118,9361.729794502258
initial_good,rotation_deg,20200813-subject-02/20200813_155314,18,s1_l0,118,9692.893018722534
initial_good,rotation_deg,20200813-subject-02/20200813_155314,18,fp,118,8581.219626903534
initial_good,rotation_deg,20200813-subject-02/20200813_155633,20,residual,355,50504.482224941254
initial_good,rotation_deg,20200813-subject-02/20200813_155633,20,s0_l1,355,50518.679072618484
initial_good,rotation_deg,20200813-subject-02/20200813_155633,20,s0_l0,355,50506.95833349228
initial_good,rotation_deg,20200813-subject-02/20200813_155633,20,s1_l1,355,50481.45981049538
initial_good,rotation_deg,20200813-subject-02/20200813_155633,20,s1_l0,355,50459.487461447716
initial_good,rotation_deg,20200813-subject-02/20200813_155633,20,fp,355,50257.68379282951
initial_good,rotation_deg,20200813-subject-02/20200813_155953,21,residual,73,461.2565162181854
initial_good,rotation_deg,20200813-subject-02/20200813_155953,21,s0_l1,73,480.8143243789673
initial_good,rotation_deg,20200813-subject-02/20200813_155953,21,s0_l0,73,484.99189472198486
initial_good,rotation_deg,20200813-subject-02/20200813_155953,21,s1_l1,73,462.5488815307617
initial_good,rotation_deg,20200813-subject-02/20200813_155953,21,s1_l0,73,463.7649403810501
initial_good,rotation_deg,20200813-subject-02/20200813_155953,21,fp,73,6844.573220074177
initial_good,center_mm,20200709-subject-01/20200709_142123,1,residual,365,2403.3749661445618
initial_good,center_mm,20200709-subject-01/20200709_142123,1,s0_l1,365,2395.464367389679
initial_good,center_mm,20200709-subject-01/20200709_142123,1,s0_l0,365,2398.0900452136993
initial_good,center_mm,20200709-subject-01/20200709_142123,1,s1_l1,365,2420.3245470523834
initial_good,center_mm,20200709-subject-01/20200709_142123,1,s1_l0,365,2428.846871137619
initial_good,center_mm,20200709-subject-01/20200709_142123,1,fp,365,2024.9178644418716
initial_good,center_mm,20200709-subject-01/20200709_142446,2,residual,213,1069.6564795970917
initial_good,center_mm,20200709-subject-01/20200709_142446,2,s0_l1,213,1034.7236406207085
initial_good,center_mm,20200709-subject-01/20200709_142446,2,s0_l0,213,1032.9440418481827
initial_good,center_mm,20200709-subject-01/20200709_142446,2,s1_l1,213,1035.050518989563
initial_good,center_mm,20200709-subject-01/20200709_142446,2,s1_l0,213,1035.0442712306976
initial_good,center_mm,20200709-subject-01/20200709_142446,2,fp,213,1277.0945069789886
initial_good,center_mm,20200709-subject-01/20200709_142802,3,residual,355,1586.5760684013367
initial_good,center_mm,20200709-subject-01/20200709_142802,3,s0_l1,355,1560.5963077545166
initial_good,center_mm,20200709-subject-01/20200709_142802,3,s0_l0,355,1563.014876961708
initial_good,center_mm,20200709-subject-01/20200709_142802,3,s1_l1,355,1580.7783435583115
initial_good,center_mm,20200709-subject-01/20200709_142802,3,s1_l0,355,1584.784342288971
initial_good,center_mm,20200709-subject-01/20200709_142802,3,fp,355,2629.1473207473755
initial_good,center_mm,20200709-subject-01/20200709_143125,4,residual,284,992.8480703234673
initial_good,center_mm,20200709-subject-01/20200709_143125,4,s0_l1,284,980.8146641552448
initial_good,center_mm,20200709-subject-01/20200709_143125,4,s0_l0,284,983.4043213427067
initial_good,center_mm,20200709-subject-01/20200709_143125,4,s1_l1,284,990.4387394189835
initial_good,center_mm,20200709-subject-01/20200709_143125,4,s1_l0,284,990.8035519719124
initial_good,center_mm,20200709-subject-01/20200709_143125,4,fp,284,2104.1486243009567
initial_good,center_mm,20200709-subject-01/20200709_143531,5,residual,292,1428.0653811693192
initial_good,center_mm,20200709-subject-01/20200709_143531,5,s0_l1,292,1385.6233370900154
initial_good,center_mm,20200709-subject-01/20200709_143531,5,s0_l0,292,1389.2341118454933
initial_good,center_mm,20200709-subject-01/20200709_143531,5,s1_l1,292,1381.1633024811745
initial_good,center_mm,20200709-subject-01/20200709_143531,5,s1_l0,292,1378.485208183527
initial_good,center_mm,20200709-subject-01/20200709_143531,5,fp,292,1749.6575669944286
initial_good,center_mm,20200709-subject-01/20200709_143907,6,residual,213,951.2042086720467
initial_good,center_mm,20200709-subject-01/20200709_143907,6,s0_l1,213,995.4840434789658
initial_good,center_mm,20200709-subject-01/20200709_143907,6,s0_l0,213,992.1421810388565
initial_good,center_mm,20200709-subject-01/20200709_143907,6,s1_l1,213,992.6456024646759
initial_good,center_mm,20200709-subject-01/20200709_143907,6,s1_l0,213,990.9523055553436
initial_good,center_mm,20200709-subject-01/20200709_143907,6,fp,213,1909.7554255723953
initial_good,center_mm,20200709-subject-01/20200709_144313,7,residual,71,510.7547872066498
initial_good,center_mm,20200709-subject-01/20200709_144313,7,s0_l1,71,486.6382073163986
initial_good,center_mm,20200709-subject-01/20200709_144313,7,s0_l0,71,489.36585080623627
initial_good,center_mm,20200709-subject-01/20200709_144313,7,s1_l1,71,484.2314260005951
initial_good,center_mm,20200709-subject-01/20200709_144313,7,s1_l0,71,479.5749022960663
initial_good,center_mm,20200709-subject-01/20200709_144313,7,fp,71,855.516854763031
initial_good,center_mm,20200709-subject-01/20200709_144735,8,residual,71,486.6299396753311
initial_good,center_mm,20200709-subject-01/20200709_144735,8,s0_l1,71,464.82358038425446
initial_good,center_mm,20200709-subject-01/20200709_144735,8,s0_l0,71,463.677363216877
initial_good,center_mm,20200709-subject-01/20200709_144735,8,s1_l1,71,454.96690732240677
initial_good,center_mm,20200709-subject-01/20200709_144735,8,s1_l0,71,453.82741129398346
initial_good,center_mm,20200709-subject-01/20200709_144735,8,fp,71,723.5933357477188
initial_good,center_mm,20200709-subject-01/20200709_145132,9,residual,219,1125.741545021534
initial_good,center_mm,20200709-subject-01/20200709_145132,9,s0_l1,219,1090.9022167026997
initial_good,center_mm,20200709-subject-01/20200709_145132,9,s0_l0,219,1088.0129185914993
initial_good,center_mm,20200709-subject-01/20200709_145132,9,s1_l1,219,1127.1506282687187
initial_good,center_mm,20200709-subject-01/20200709_145132,9,s1_l0,219,1129.4970499277115
initial_good,center_mm,20200709-subject-01/20200709_145132,9,fp,219,1787.8542346954346
initial_good,center_mm,20200709-subject-01/20200709_145743,10,residual,213,1700.2705187797546
initial_good,center_mm,20200709-subject-01/20200709_145743,10,s0_l1,213,1733.6456277370453
initial_good,center_mm,20200709-subject-01/20200709_145743,10,s0_l0,213,1706.500072002411
initial_good,center_mm,20200709-subject-01/20200709_145743,10,s1_l1,213,1744.9693559408188
initial_good,center_mm,20200709-subject-01/20200709_145743,10,s1_l0,213,1717.2137446403503
initial_good,center_mm,20200709-subject-01/20200709_145743,10,fp,213,3833.123185157776
initial_good,center_mm,20200709-subject-01/20200709_150144,11,residual,426,3393.450177192688
initial_good,center_mm,20200709-subject-01/20200709_150144,11,s0_l1,426,3380.4015199542046
initial_good,center_mm,20200709-subject-01/20200709_150144,11,s0_l0,426,3381.7976754307747
initial_good,center_mm,20200709-subject-01/20200709_150144,11,s1_l1,426,3420.181352853775
initial_good,center_mm,20200709-subject-01/20200709_150144,11,s1_l0,426,3423.236266076565
initial_good,center_mm,20200709-subject-01/20200709_150144,11,fp,426,5317.650376677513
initial_good,center_mm,20200709-subject-01/20200709_150524,12,residual,355,10866.670371055603
initial_good,center_mm,20200709-subject-01/20200709_150524,12,s0_l1,355,5507.704879641533
initial_good,center_mm,20200709-subject-01/20200709_150524,12,s0_l0,355,4894.9611657857895
initial_good,center_mm,20200709-subject-01/20200709_150524,12,s1_l1,355,4919.749877035618
initial_good,center_mm,20200709-subject-01/20200709_150524,12,s1_l0,355,4856.152361750603
initial_good,center_mm,20200709-subject-01/20200709_150524,12,fp,355,10290.002204596996
initial_good,center_mm,20200709-subject-01/20200709_150906,13,residual,365,2101.583402276039
initial_good,center_mm,20200709-subject-01/20200709_150906,13,s0_l1,365,2134.868632555008
initial_good,center_mm,20200709-subject-01/20200709_150906,13,s0_l0,365,2128.649514436722
initial_good,center_mm,20200709-subject-01/20200709_150906,13,s1_l1,365,2078.186399579048
initial_good,center_mm,20200709-subject-01/20200709_150906,13,s1_l0,365,2063.046778202057
initial_good,center_mm,20200709-subject-01/20200709_150906,13,fp,365,2687.662222146988
initial_good,center_mm,20200709-subject-01/20200709_151246,14,residual,292,2089.7648498117924
initial_good,center_mm,20200709-subject-01/20200709_151246,14,s0_l1,292,2323.6426746845245
initial_good,center_mm,20200709-subject-01/20200709_151246,14,s0_l0,292,2302.13681191206
initial_good,center_mm,20200709-subject-01/20200709_151246,14,s1_l1,292,2201.539398252964
initial_good,center_mm,20200709-subject-01/20200709_151246,14,s1_l0,292,2118.0230300426483
initial_good,center_mm,20200709-subject-01/20200709_151246,14,fp,292,3358.5232577323914
initial_good,center_mm,20200709-subject-01/20200709_151632,15,residual,355,1790.7949822843075
initial_good,center_mm,20200709-subject-01/20200709_151632,15,s0_l1,355,1812.1861333847046
initial_good,center_mm,20200709-subject-01/20200709_151632,15,s0_l0,355,1806.9815916121006
initial_good,center_mm,20200709-subject-01/20200709_151632,15,s1_l1,355,1817.1564273312688
initial_good,center_mm,20200709-subject-01/20200709_151632,15,s1_l0,355,1815.1856635138392
initial_good,center_mm,20200709-subject-01/20200709_151632,15,fp,355,3323.4374272227287
initial_good,center_mm,20200709-subject-01/20200709_151948,16,residual,426,2152.7596863508224
initial_good,center_mm,20200709-subject-01/20200709_151948,16,s0_l1,426,2141.1153970360756
initial_good,center_mm,20200709-subject-01/20200709_151948,16,s0_l0,426,2142.4383321404457
initial_good,center_mm,20200709-subject-01/20200709_151948,16,s1_l1,426,2150.5707573890686
initial_good,center_mm,20200709-subject-01/20200709_151948,16,s1_l0,426,2153.0740002393723
initial_good,center_mm,20200709-subject-01/20200709_151948,16,fp,426,7963.891482412815
initial_good,center_mm,20200709-subject-01/20200709_152420,17,residual,146,2384.6647844314575
initial_good,center_mm,20200709-subject-01/20200709_152420,17,s0_l1,146,2445.8861943483353
initial_good,center_mm,20200709-subject-01/20200709_152420,17,s0_l0,146,2496.437667608261
initial_good,center_mm,20200709-subject-01/20200709_152420,17,s1_l1,146,2429.2618802189827
initial_good,center_mm,20200709-subject-01/20200709_152420,17,s1_l0,146,2472.724917590618
initial_good,center_mm,20200709-subject-01/20200709_152420,17,fp,146,1613.3510329723358
initial_good,center_mm,20200709-subject-01/20200709_153548,21,residual,142,625.9797585606575
initial_good,center_mm,20200709-subject-01/20200709_153548,21,s0_l1,142,662.7935833930969
initial_good,center_mm,20200709-subject-01/20200709_153548,21,s0_l0,142,661.3311611413956
initial_good,center_mm,20200709-subject-01/20200709_153548,21,s1_l1,142,636.7570997476578
initial_good,center_mm,20200709-subject-01/20200709_153548,21,s1_l0,142,637.177346944809
initial_good,center_mm,20200709-subject-01/20200709_153548,21,fp,142,1619.281349182129
initial_good,center_mm,20200813-subject-02/20200813_145612,1,residual,584,3973.7760882377625
initial_good,center_mm,20200813-subject-02/20200813_145612,1,s0_l1,584,3954.074123084545
initial_good,center_mm,20200813-subject-02/20200813_145612,1,s0_l0,584,3956.3261479735374
initial_good,center_mm,20200813-subject-02/20200813_145612,1,s1_l1,584,3991.321931183338
initial_good,center_mm,20200813-subject-02/20200813_145612,1,s1_l0,584,3983.9235630631447
initial_good,center_mm,20200813-subject-02/20200813_145612,1,fp,584,4803.7317172288895
initial_good,center_mm,20200813-subject-02/20200813_145920,2,residual,438,2549.7717622816563
initial_good,center_mm,20200813-subject-02/20200813_145920,2,s0_l1,438,2497.1602959036827
initial_good,center_mm,20200813-subject-02/20200813_145920,2,s0_l0,438,2493.975274324417
initial_good,center_mm,20200813-subject-02/20200813_145920,2,s1_l1,438,2555.89988720417
initial_good,center_mm,20200813-subject-02/20200813_145920,2,s1_l0,438,2550.897445112467
initial_good,center_mm,20200813-subject-02/20200813_145920,2,fp,438,2974.869017124176
initial_good,center_mm,20200813-subject-02/20200813_150228,3,residual,142,550.4205395579338
initial_good,center_mm,20200813-subject-02/20200813_150228,3,s0_l1,142,543.9980102181435
initial_good,center_mm,20200813-subject-02/20200813_150228,3,s0_l0,142,541.0615023970604
initial_good,center_mm,20200813-subject-02/20200813_150228,3,s1_l1,142,546.8978796601295
initial_good,center_mm,20200813-subject-02/20200813_150228,3,s1_l0,142,547.9310513138771
initial_good,center_mm,20200813-subject-02/20200813_150228,3,fp,142,15945.32768316567
initial_good,center_mm,20200813-subject-02/20200813_150535,4,residual,292,1264.3557446599007
initial_good,center_mm,20200813-subject-02/20200813_150535,4,s0_l1,292,1301.692968994379
initial_good,center_mm,20200813-subject-02/20200813_150535,4,s0_l0,292,1301.015597552061
initial_good,center_mm,20200813-subject-02/20200813_150535,4,s1_l1,292,1335.2321221232414
initial_good,center_mm,20200813-subject-02/20200813_150535,4,s1_l0,292,1331.0947565436363
initial_good,center_mm,20200813-subject-02/20200813_150535,4,fp,292,35742.00225687027
initial_good,center_mm,20200813-subject-02/20200813_150823,5,residual,355,2628.5466364622116
initial_good,center_mm,20200813-subject-02/20200813_150823,5,s0_l1,355,2662.619317173958
initial_good,center_mm,20200813-subject-02/20200813_150823,5,s0_l0,355,2657.1355434656143
initial_good,center_mm,20200813-subject-02/20200813_150823,5,s1_l1,355,2670.108458995819
initial_good,center_mm,20200813-subject-02/20200813_150823,5,s1_l0,355,2672.1092596650124
initial_good,center_mm,20200813-subject-02/20200813_150823,5,fp,355,6831.616154193878
initial_good,center_mm,20200813-subject-02/20200813_151117,6,residual,142,603.694621682167
initial_good,center_mm,20200813-subject-02/20200813_151117,6,s0_l1,142,566.6408516168594
initial_good,center_mm,20200813-subject-02/20200813_151117,6,s0_l0,142,566.8248657882214
initial_good,center_mm,20200813-subject-02/20200813_151117,6,s1_l1,142,581.5172836482525
initial_good,center_mm,20200813-subject-02/20200813_151117,6,s1_l0,142,580.2208830714226
initial_good,center_mm,20200813-subject-02/20200813_151117,6,fp,142,23330.126248896122
initial_good,center_mm,20200813-subject-02/20200813_151925,7,residual,426,2909.1745898127556
initial_good,center_mm,20200813-subject-02/20200813_151925,7,s0_l1,426,2903.7231138944626
initial_good,center_mm,20200813-subject-02/20200813_151925,7,s0_l0,426,2910.9816069602966
initial_good,center_mm,20200813-subject-02/20200813_151925,7,s1_l1,426,2881.594769358635
initial_good,center_mm,20200813-subject-02/20200813_151925,7,s1_l0,426,2876.381064891815
initial_good,center_mm,20200813-subject-02/20200813_151925,7,fp,426,34311.717892706394
initial_good,center_mm,20200813-subject-02/20200813_152215,8,residual,142,754.6982844173908
initial_good,center_mm,20200813-subject-02/20200813_152215,8,s0_l1,142,693.99344009161
initial_good,center_mm,20200813-subject-02/20200813_152215,8,s0_l0,142,690.6219387054443
initial_good,center_mm,20200813-subject-02/20200813_152215,8,s1_l1,142,670.848568379879
initial_good,center_mm,20200813-subject-02/20200813_152215,8,s1_l0,142,666.4693539142609
initial_good,center_mm,20200813-subject-02/20200813_152215,8,fp,142,12152.400218635798
initial_good,center_mm,20200813-subject-02/20200813_152513,9,residual,219,1279.4103840589523
initial_good,center_mm,20200813-subject-02/20200813_152513,9,s0_l1,219,1264.039877653122
initial_good,center_mm,20200813-subject-02/20200813_152513,9,s0_l0,219,1267.2978566884995
initial_good,center_mm,20200813-subject-02/20200813_152513,9,s1_l1,219,1294.9485028982162
initial_good,center_mm,20200813-subject-02/20200813_152513,9,s1_l0,219,1292.7884675264359
initial_good,center_mm,20200813-subject-02/20200813_152513,9,fp,219,2666.6633489131927
initial_good,center_mm,20200813-subject-02/20200813_152842,10,residual,276,3087.444164991379
initial_good,center_mm,20200813-subject-02/20200813_152842,10,s0_l1,276,2970.1188637018204
initial_good,center_mm,20200813-subject-02/20200813_152842,10,s0_l0,276,2980.6642582416534
initial_good,center_mm,20200813-subject-02/20200813_152842,10,s1_l1,276,2922.873776137829
initial_good,center_mm,20200813-subject-02/20200813_152842,10,s1_l0,276,2945.4701355695724
initial_good,center_mm,20200813-subject-02/20200813_152842,10,fp,276,14754.03485417366
initial_good,center_mm,20200813-subject-02/20200813_153152,11,residual,568,4208.44585776329
initial_good,center_mm,20200813-subject-02/20200813_153152,11,s0_l1,568,4247.489187717438
initial_good,center_mm,20200813-subject-02/20200813_153152,11,s0_l0,568,4246.876880407333
initial_good,center_mm,20200813-subject-02/20200813_153152,11,s1_l1,568,4219.482791289687
initial_good,center_mm,20200813-subject-02/20200813_153152,11,s1_l0,568,4210.389040276408
initial_good,center_mm,20200813-subject-02/20200813_153152,11,fp,568,6440.071740031242
initial_good,center_mm,20200813-subject-02/20200813_153453,12,residual,355,2498.7344141602516
initial_good,center_mm,20200813-subject-02/20200813_153453,12,s0_l1,355,2440.567790925503
initial_good,center_mm,20200813-subject-02/20200813_153453,12,s0_l0,355,2450.5397594869137
initial_good,center_mm,20200813-subject-02/20200813_153453,12,s1_l1,355,2445.563976019621
initial_good,center_mm,20200813-subject-02/20200813_153453,12,s1_l0,355,2450.441044986248
initial_good,center_mm,20200813-subject-02/20200813_153453,12,fp,355,3302.366611123085
initial_good,center_mm,20200813-subject-02/20200813_153802,13,residual,355,1624.4891492128372
initial_good,center_mm,20200813-subject-02/20200813_153802,13,s0_l1,355,1537.9736691713333
initial_good,center_mm,20200813-subject-02/20200813_153802,13,s0_l0,355,1531.0723211169243
initial_good,center_mm,20200813-subject-02/20200813_153802,13,s1_l1,355,1494.3795706033707
initial_good,center_mm,20200813-subject-02/20200813_153802,13,s1_l0,355,1487.2033513188362
initial_good,center_mm,20200813-subject-02/20200813_153802,13,fp,355,19284.932990074158
initial_good,center_mm,20200813-subject-02/20200813_154103,14,residual,292,2317.3602603673935
initial_good,center_mm,20200813-subject-02/20200813_154103,14,s0_l1,292,2287.698329806328
initial_good,center_mm,20200813-subject-02/20200813_154103,14,s0_l0,292,2280.119265317917
initial_good,center_mm,20200813-subject-02/20200813_154103,14,s1_l1,292,2269.3515843153
initial_good,center_mm,20200813-subject-02/20200813_154103,14,s1_l0,292,2266.556040406227
initial_good,center_mm,20200813-subject-02/20200813_154103,14,fp,292,17335.31958913803
initial_good,center_mm,20200813-subject-02/20200813_154408,15,residual,335,4237.981152296066
initial_good,center_mm,20200813-subject-02/20200813_154408,15,s0_l1,335,4279.559076189995
initial_good,center_mm,20200813-subject-02/20200813_154408,15,s0_l0,335,4272.456220626831
initial_good,center_mm,20200813-subject-02/20200813_154408,15,s1_l1,335,4360.790068268776
initial_good,center_mm,20200813-subject-02/20200813_154408,15,s1_l0,335,4350.020823121071
initial_good,center_mm,20200813-subject-02/20200813_154408,15,fp,335,5554.164769649506
initial_good,center_mm,20200813-subject-02/20200813_154729,16,residual,497,2711.770799726248
initial_good,center_mm,20200813-subject-02/20200813_154729,16,s0_l1,497,2660.213950008154
initial_good,center_mm,20200813-subject-02/20200813_154729,16,s0_l0,497,2662.1770080924034
initial_good,center_mm,20200813-subject-02/20200813_154729,16,s1_l1,497,2685.226393342018
initial_good,center_mm,20200813-subject-02/20200813_154729,16,s1_l0,497,2692.197224199772
initial_good,center_mm,20200813-subject-02/20200813_154729,16,fp,497,4672.015670001507
initial_good,center_mm,20200813-subject-02/20200813_155314,18,residual,118,1079.7022211551666
initial_good,center_mm,20200813-subject-02/20200813_155314,18,s0_l1,118,1121.5781000852585
initial_good,center_mm,20200813-subject-02/20200813_155314,18,s0_l0,118,1031.3427348136902
initial_good,center_mm,20200813-subject-02/20200813_155314,18,s1_l1,118,1079.1555279493332
initial_good,center_mm,20200813-subject-02/20200813_155314,18,s1_l0,118,1110.8962353467941
initial_good,center_mm,20200813-subject-02/20200813_155314,18,fp,118,10462.729533553123
initial_good,center_mm,20200813-subject-02/20200813_155633,20,residual,355,9857.777976512909
initial_good,center_mm,20200813-subject-02/20200813_155633,20,s0_l1,355,9949.638054847717
initial_good,center_mm,20200813-subject-02/20200813_155633,20,s0_l0,355,9971.586921691895
initial_good,center_mm,20200813-subject-02/20200813_155633,20,s1_l1,355,9986.233860492706
initial_good,center_mm,20200813-subject-02/20200813_155633,20,s1_l0,355,9957.611834049225
initial_good,center_mm,20200813-subject-02/20200813_155633,20,fp,355,19810.649044036865
initial_good,center_mm,20200813-subject-02/20200813_155953,21,residual,73,362.3809691667557
initial_good,center_mm,20200813-subject-02/20200813_155953,21,s0_l1,73,363.84597086906433
initial_good,center_mm,20200813-subject-02/20200813_155953,21,s0_l0,73,363.4680173397064
initial_good,center_mm,20200813-subject-02/20200813_155953,21,s1_l1,73,350.75197994709015
initial_good,center_mm,20200813-subject-02/20200813_155953,21,s1_l0,73,352.53055810928345
initial_good,center_mm,20200813-subject-02/20200813_155953,21,fp,73,15435.900968074799
initial_bad,add_01,20200709-subject-01/20200709_142123,1,residual,219,10500.0
initial_bad,add_01,20200709-subject-01/20200709_142123,1,s0_l1,219,10600.0
initial_bad,add_01,20200709-subject-01/20200709_142123,1,s0_l0,219,10800.0
initial_bad,add_01,20200709-subject-01/20200709_142123,1,s1_l1,219,9800.0
initial_bad,add_01,20200709-subject-01/20200709_142123,1,s1_l0,219,10900.0
initial_bad,add_01,20200709-subject-01/20200709_142123,1,fp,219,14600.0
initial_bad,add_01,20200709-subject-01/20200709_142446,2,residual,355,28400.0
initial_bad,add_01,20200709-subject-01/20200709_142446,2,s0_l1,355,28400.0
initial_bad,add_01,20200709-subject-01/20200709_142446,2,s0_l0,355,28400.0
initial_bad,add_01,20200709-subject-01/20200709_142446,2,s1_l1,355,28400.0
initial_bad,add_01,20200709-subject-01/20200709_142446,2,s1_l0,355,28400.0
initial_bad,add_01,20200709-subject-01/20200709_142446,2,fp,355,28400.0
initial_bad,add_01,20200709-subject-01/20200709_142802,3,residual,142,7100.0
initial_bad,add_01,20200709-subject-01/20200709_142802,3,s0_l1,142,7100.0
initial_bad,add_01,20200709-subject-01/20200709_142802,3,s0_l0,142,7100.0
initial_bad,add_01,20200709-subject-01/20200709_142802,3,s1_l1,142,7100.0
initial_bad,add_01,20200709-subject-01/20200709_142802,3,s1_l0,142,7100.0
initial_bad,add_01,20200709-subject-01/20200709_142802,3,fp,142,7100.0
initial_bad,add_01,20200709-subject-01/20200709_143125,4,residual,284,6300.0
initial_bad,add_01,20200709-subject-01/20200709_143125,4,s0_l1,284,6200.0
initial_bad,add_01,20200709-subject-01/20200709_143125,4,s0_l0,284,6200.0
initial_bad,add_01,20200709-subject-01/20200709_143125,4,s1_l1,284,6500.0
initial_bad,add_01,20200709-subject-01/20200709_143125,4,s1_l0,284,6700.0
initial_bad,add_01,20200709-subject-01/20200709_143125,4,fp,284,9800.0
initial_bad,add_01,20200709-subject-01/20200709_143531,5,residual,269,13700.0
initial_bad,add_01,20200709-subject-01/20200709_143531,5,s0_l1,269,13700.0
initial_bad,add_01,20200709-subject-01/20200709_143531,5,s0_l0,269,12200.0
initial_bad,add_01,20200709-subject-01/20200709_143531,5,s1_l1,269,13600.0
initial_bad,add_01,20200709-subject-01/20200709_143531,5,s1_l0,269,13600.0
initial_bad,add_01,20200709-subject-01/20200709_143531,5,fp,269,21500.0
initial_bad,add_01,20200709-subject-01/20200709_143907,6,residual,355,5900.0
initial_bad,add_01,20200709-subject-01/20200709_143907,6,s0_l1,355,5100.0
initial_bad,add_01,20200709-subject-01/20200709_143907,6,s0_l0,355,4700.0
initial_bad,add_01,20200709-subject-01/20200709_143907,6,s1_l1,355,5200.0
initial_bad,add_01,20200709-subject-01/20200709_143907,6,s1_l0,355,5200.0
initial_bad,add_01,20200709-subject-01/20200709_143907,6,fp,355,9900.0
initial_bad,add_01,20200709-subject-01/20200709_144313,7,residual,377,28400.0
initial_bad,add_01,20200709-subject-01/20200709_144313,7,s0_l1,377,28400.0
initial_bad,add_01,20200709-subject-01/20200709_144313,7,s0_l0,377,28400.0
initial_bad,add_01,20200709-subject-01/20200709_144313,7,s1_l1,377,28400.0
initial_bad,add_01,20200709-subject-01/20200709_144313,7,s1_l0,377,28400.0
initial_bad,add_01,20200709-subject-01/20200709_144313,7,fp,377,21100.0
initial_bad,add_01,20200709-subject-01/20200709_144735,8,residual,497,35200.0
initial_bad,add_01,20200709-subject-01/20200709_144735,8,s0_l1,497,41100.0
initial_bad,add_01,20200709-subject-01/20200709_144735,8,s0_l0,497,41500.0
initial_bad,add_01,20200709-subject-01/20200709_144735,8,s1_l1,497,40000.0
initial_bad,add_01,20200709-subject-01/20200709_144735,8,s1_l0,497,40300.0
initial_bad,add_01,20200709-subject-01/20200709_144735,8,fp,497,44800.0
initial_bad,add_01,20200709-subject-01/20200709_145132,9,residual,365,35000.0
initial_bad,add_01,20200709-subject-01/20200709_145132,9,s0_l1,365,34100.0
initial_bad,add_01,20200709-subject-01/20200709_145132,9,s0_l0,365,34000.0
initial_bad,add_01,20200709-subject-01/20200709_145132,9,s1_l1,365,33800.0
initial_bad,add_01,20200709-subject-01/20200709_145132,9,s1_l0,365,33900.0
initial_bad,add_01,20200709-subject-01/20200709_145132,9,fp,365,36200.0
initial_bad,add_01,20200709-subject-01/20200709_145743,10,residual,355,28700.0
initial_bad,add_01,20200709-subject-01/20200709_145743,10,s0_l1,355,29000.0
initial_bad,add_01,20200709-subject-01/20200709_145743,10,s0_l0,355,29000.0
initial_bad,add_01,20200709-subject-01/20200709_145743,10,s1_l1,355,28600.0
initial_bad,add_01,20200709-subject-01/20200709_145743,10,s1_l0,355,28600.0
initial_bad,add_01,20200709-subject-01/20200709_145743,10,fp,355,27600.0
initial_bad,add_01,20200709-subject-01/20200709_150144,11,residual,142,11400.0
initial_bad,add_01,20200709-subject-01/20200709_150144,11,s0_l1,142,11400.0
initial_bad,add_01,20200709-subject-01/20200709_150144,11,s0_l0,142,11300.0
initial_bad,add_01,20200709-subject-01/20200709_150144,11,s1_l1,142,11300.0
initial_bad,add_01,20200709-subject-01/20200709_150144,11,s1_l0,142,11300.0
initial_bad,add_01,20200709-subject-01/20200709_150144,11,fp,142,12500.0
initial_bad,add_01,20200709-subject-01/20200709_150524,12,residual,213,14200.0
initial_bad,add_01,20200709-subject-01/20200709_150524,12,s0_l1,213,14200.0
initial_bad,add_01,20200709-subject-01/20200709_150524,12,s0_l0,213,14200.0
initial_bad,add_01,20200709-subject-01/20200709_150524,12,s1_l1,213,14200.0
initial_bad,add_01,20200709-subject-01/20200709_150524,12,s1_l0,213,14200.0
initial_bad,add_01,20200709-subject-01/20200709_150524,12,fp,213,14200.0
initial_bad,add_01,20200709-subject-01/20200709_150906,13,residual,219,6700.0
initial_bad,add_01,20200709-subject-01/20200709_150906,13,s0_l1,219,7200.0
initial_bad,add_01,20200709-subject-01/20200709_150906,13,s0_l0,219,7500.0
initial_bad,add_01,20200709-subject-01/20200709_150906,13,s1_l1,219,5900.0
initial_bad,add_01,20200709-subject-01/20200709_150906,13,s1_l0,219,6000.0
initial_bad,add_01,20200709-subject-01/20200709_150906,13,fp,219,1900.0
initial_bad,add_01,20200709-subject-01/20200709_151246,14,residual,174,13300.0
initial_bad,add_01,20200709-subject-01/20200709_151246,14,s0_l1,174,13500.0
initial_bad,add_01,20200709-subject-01/20200709_151246,14,s0_l0,174,13500.0
initial_bad,add_01,20200709-subject-01/20200709_151246,14,s1_l1,174,13400.0
initial_bad,add_01,20200709-subject-01/20200709_151246,14,s1_l0,174,13400.0
initial_bad,add_01,20200709-subject-01/20200709_151246,14,fp,174,10900.0
initial_bad,add_01,20200709-subject-01/20200709_151632,15,residual,213,20700.0
initial_bad,add_01,20200709-subject-01/20200709_151632,15,s0_l1,213,20600.0
initial_bad,add_01,20200709-subject-01/20200709_151632,15,s0_l0,213,20600.0
initial_bad,add_01,20200709-subject-01/20200709_151632,15,s1_l1,213,20200.0
initial_bad,add_01,20200709-subject-01/20200709_151632,15,s1_l0,213,20300.0
initial_bad,add_01,20200709-subject-01/20200709_151632,15,fp,213,19800.0
initial_bad,add_01,20200709-subject-01/20200709_151948,16,residual,142,7000.0
initial_bad,add_01,20200709-subject-01/20200709_151948,16,s0_l1,142,7100.0
initial_bad,add_01,20200709-subject-01/20200709_151948,16,s0_l0,142,7100.0
initial_bad,add_01,20200709-subject-01/20200709_151948,16,s1_l1,142,7000.0
initial_bad,add_01,20200709-subject-01/20200709_151948,16,s1_l0,142,7000.0
initial_bad,add_01,20200709-subject-01/20200709_151948,16,fp,142,7100.0
initial_bad,add_01,20200709-subject-01/20200709_152420,17,residual,438,19000.0
initial_bad,add_01,20200709-subject-01/20200709_152420,17,s0_l1,438,19600.0
initial_bad,add_01,20200709-subject-01/20200709_152420,17,s0_l0,438,19800.0
initial_bad,add_01,20200709-subject-01/20200709_152420,17,s1_l1,438,18800.0
initial_bad,add_01,20200709-subject-01/20200709_152420,17,s1_l0,438,18900.0
initial_bad,add_01,20200709-subject-01/20200709_152420,17,fp,438,20800.0
initial_bad,add_01,20200709-subject-01/20200709_152757,18,residual,500,16600.0
initial_bad,add_01,20200709-subject-01/20200709_152757,18,s0_l1,500,24400.0
initial_bad,add_01,20200709-subject-01/20200709_152757,18,s0_l0,500,23100.0
initial_bad,add_01,20200709-subject-01/20200709_152757,18,s1_l1,500,25900.0
initial_bad,add_01,20200709-subject-01/20200709_152757,18,s1_l0,500,26000.0
initial_bad,add_01,20200709-subject-01/20200709_152757,18,fp,500,29300.0
initial_bad,add_01,20200709-subject-01/20200709_153148,20,residual,517,13800.0
initial_bad,add_01,20200709-subject-01/20200709_153148,20,s0_l1,517,14000.0
initial_bad,add_01,20200709-subject-01/20200709_153148,20,s0_l0,517,14100.0
initial_bad,add_01,20200709-subject-01/20200709_153148,20,s1_l1,517,14000.0
initial_bad,add_01,20200709-subject-01/20200709_153148,20,s1_l0,517,14100.0
initial_bad,add_01,20200709-subject-01/20200709_153148,20,fp,517,20200.0
initial_bad,add_01,20200709-subject-01/20200709_153548,21,residual,426,13400.0
initial_bad,add_01,20200709-subject-01/20200709_153548,21,s0_l1,426,13100.0
initial_bad,add_01,20200709-subject-01/20200709_153548,21,s0_l0,426,13100.0
initial_bad,add_01,20200709-subject-01/20200709_153548,21,s1_l1,426,13300.0
initial_bad,add_01,20200709-subject-01/20200709_153548,21,s1_l0,426,13200.0
initial_bad,add_01,20200709-subject-01/20200709_153548,21,fp,426,6400.0
initial_bad,add_01,20200813-subject-02/20200813_145920,2,residual,146,14600.0
initial_bad,add_01,20200813-subject-02/20200813_145920,2,s0_l1,146,14600.0
initial_bad,add_01,20200813-subject-02/20200813_145920,2,s0_l0,146,14600.0
initial_bad,add_01,20200813-subject-02/20200813_145920,2,s1_l1,146,14600.0
initial_bad,add_01,20200813-subject-02/20200813_145920,2,s1_l0,146,14600.0
initial_bad,add_01,20200813-subject-02/20200813_145920,2,fp,146,14600.0
initial_bad,add_01,20200813-subject-02/20200813_150228,3,residual,426,39600.0
initial_bad,add_01,20200813-subject-02/20200813_150228,3,s0_l1,426,39600.0
initial_bad,add_01,20200813-subject-02/20200813_150228,3,s0_l0,426,39600.0
initial_bad,add_01,20200813-subject-02/20200813_150228,3,s1_l1,426,39800.0
initial_bad,add_01,20200813-subject-02/20200813_150228,3,s1_l0,426,39700.0
initial_bad,add_01,20200813-subject-02/20200813_150228,3,fp,426,31500.0
initial_bad,add_01,20200813-subject-02/20200813_150535,4,residual,292,14600.0
initial_bad,add_01,20200813-subject-02/20200813_150535,4,s0_l1,292,15200.0
initial_bad,add_01,20200813-subject-02/20200813_150535,4,s0_l0,292,15900.0
initial_bad,add_01,20200813-subject-02/20200813_150535,4,s1_l1,292,15100.0
initial_bad,add_01,20200813-subject-02/20200813_150535,4,s1_l0,292,15500.0
initial_bad,add_01,20200813-subject-02/20200813_150535,4,fp,292,13300.0
initial_bad,add_01,20200813-subject-02/20200813_150823,5,residual,213,18100.0
initial_bad,add_01,20200813-subject-02/20200813_150823,5,s0_l1,213,18100.0
initial_bad,add_01,20200813-subject-02/20200813_150823,5,s0_l0,213,18100.0
initial_bad,add_01,20200813-subject-02/20200813_150823,5,s1_l1,213,18000.0
initial_bad,add_01,20200813-subject-02/20200813_150823,5,s1_l0,213,18000.0
initial_bad,add_01,20200813-subject-02/20200813_150823,5,fp,213,15300.0
initial_bad,add_01,20200813-subject-02/20200813_151117,6,residual,426,9500.0
initial_bad,add_01,20200813-subject-02/20200813_151117,6,s0_l1,426,12200.0
initial_bad,add_01,20200813-subject-02/20200813_151117,6,s0_l0,426,11700.0
initial_bad,add_01,20200813-subject-02/20200813_151117,6,s1_l1,426,12100.0
initial_bad,add_01,20200813-subject-02/20200813_151117,6,s1_l0,426,11400.0
initial_bad,add_01,20200813-subject-02/20200813_151117,6,fp,426,6100.0
initial_bad,add_01,20200813-subject-02/20200813_151925,7,residual,142,12200.0
initial_bad,add_01,20200813-subject-02/20200813_151925,7,s0_l1,142,11900.0
initial_bad,add_01,20200813-subject-02/20200813_151925,7,s0_l0,142,11800.0
initial_bad,add_01,20200813-subject-02/20200813_151925,7,s1_l1,142,11900.0
initial_bad,add_01,20200813-subject-02/20200813_151925,7,s1_l0,142,11800.0
initial_bad,add_01,20200813-subject-02/20200813_151925,7,fp,142,10200.0
initial_bad,add_01,20200813-subject-02/20200813_152215,8,residual,426,37400.0
initial_bad,add_01,20200813-subject-02/20200813_152215,8,s0_l1,426,38200.0
initial_bad,add_01,20200813-subject-02/20200813_152215,8,s0_l0,426,38200.0
initial_bad,add_01,20200813-subject-02/20200813_152215,8,s1_l1,426,38300.0
initial_bad,add_01,20200813-subject-02/20200813_152215,8,s1_l0,426,38200.0
initial_bad,add_01,20200813-subject-02/20200813_152215,8,fp,426,26500.0
initial_bad,add_01,20200813-subject-02/20200813_152513,9,residual,365,28500.0
initial_bad,add_01,20200813-subject-02/20200813_152513,9,s0_l1,365,27800.0
initial_bad,add_01,20200813-subject-02/20200813_152513,9,s0_l0,365,28100.0
initial_bad,add_01,20200813-subject-02/20200813_152513,9,s1_l1,365,28000.0
initial_bad,add_01,20200813-subject-02/20200813_152513,9,s1_l0,365,28100.0
initial_bad,add_01,20200813-subject-02/20200813_152513,9,fp,365,20800.0
initial_bad,add_01,20200813-subject-02/20200813_152842,10,residual,276,15900.0
initial_bad,add_01,20200813-subject-02/20200813_152842,10,s0_l1,276,16000.0
initial_bad,add_01,20200813-subject-02/20200813_152842,10,s0_l0,276,16000.0
initial_bad,add_01,20200813-subject-02/20200813_152842,10,s1_l1,276,16200.0
initial_bad,add_01,20200813-subject-02/20200813_152842,10,s1_l0,276,16000.0
initial_bad,add_01,20200813-subject-02/20200813_152842,10,fp,276,15400.0
initial_bad,add_01,20200813-subject-02/20200813_153453,12,residual,213,11800.0
initial_bad,add_01,20200813-subject-02/20200813_153453,12,s0_l1,213,12900.0
initial_bad,add_01,20200813-subject-02/20200813_153453,12,s0_l0,213,12800.0
initial_bad,add_01,20200813-subject-02/20200813_153453,12,s1_l1,213,12800.0
initial_bad,add_01,20200813-subject-02/20200813_153453,12,s1_l0,213,12700.0
initial_bad,add_01,20200813-subject-02/20200813_153453,12,fp,213,16900.0
initial_bad,add_01,20200813-subject-02/20200813_153802,13,residual,213,0.0
initial_bad,add_01,20200813-subject-02/20200813_153802,13,s0_l1,213,0.0
initial_bad,add_01,20200813-subject-02/20200813_153802,13,s0_l0,213,0.0
initial_bad,add_01,20200813-subject-02/20200813_153802,13,s1_l1,213,0.0
initial_bad,add_01,20200813-subject-02/20200813_153802,13,s1_l0,213,0.0
initial_bad,add_01,20200813-subject-02/20200813_153802,13,fp,213,0.0
initial_bad,add_01,20200813-subject-02/20200813_154103,14,residual,292,12500.0
initial_bad,add_01,20200813-subject-02/20200813_154103,14,s0_l1,292,12400.0
initial_bad,add_01,20200813-subject-02/20200813_154103,14,s0_l0,292,12100.0
initial_bad,add_01,20200813-subject-02/20200813_154103,14,s1_l1,292,12100.0
initial_bad,add_01,20200813-subject-02/20200813_154103,14,s1_l0,292,12200.0
initial_bad,add_01,20200813-subject-02/20200813_154103,14,fp,292,4600.0
initial_bad,add_01,20200813-subject-02/20200813_154408,15,residual,201,16500.0
initial_bad,add_01,20200813-subject-02/20200813_154408,15,s0_l1,201,16600.0
initial_bad,add_01,20200813-subject-02/20200813_154408,15,s0_l0,201,16500.0
initial_bad,add_01,20200813-subject-02/20200813_154408,15,s1_l1,201,16500.0
initial_bad,add_01,20200813-subject-02/20200813_154408,15,s1_l0,201,16500.0
initial_bad,add_01,20200813-subject-02/20200813_154408,15,fp,201,15900.0
initial_bad,add_01,20200813-subject-02/20200813_154729,16,residual,71,0.0
initial_bad,add_01,20200813-subject-02/20200813_154729,16,s0_l1,71,0.0
initial_bad,add_01,20200813-subject-02/20200813_154729,16,s0_l0,71,0.0
initial_bad,add_01,20200813-subject-02/20200813_154729,16,s1_l1,71,0.0
initial_bad,add_01,20200813-subject-02/20200813_154729,16,s1_l0,71,0.0
initial_bad,add_01,20200813-subject-02/20200813_154729,16,fp,71,0.0
initial_bad,add_01,20200813-subject-02/20200813_155021,17,residual,499,13300.0
initial_bad,add_01,20200813-subject-02/20200813_155021,17,s0_l1,499,10800.0
initial_bad,add_01,20200813-subject-02/20200813_155021,17,s0_l0,499,10500.0
initial_bad,add_01,20200813-subject-02/20200813_155021,17,s1_l1,499,11100.0
initial_bad,add_01,20200813-subject-02/20200813_155021,17,s1_l0,499,11300.0
initial_bad,add_01,20200813-subject-02/20200813_155021,17,fp,499,8700.0
initial_bad,add_01,20200813-subject-02/20200813_155314,18,residual,409,12600.0
initial_bad,add_01,20200813-subject-02/20200813_155314,18,s0_l1,409,12400.0
initial_bad,add_01,20200813-subject-02/20200813_155314,18,s0_l0,409,13600.0
initial_bad,add_01,20200813-subject-02/20200813_155314,18,s1_l1,409,13400.0
initial_bad,add_01,20200813-subject-02/20200813_155314,18,s1_l0,409,13300.0
initial_bad,add_01,20200813-subject-02/20200813_155314,18,fp,409,3200.0
initial_bad,add_01,20200813-subject-02/20200813_155633,20,residual,213,8400.0
initial_bad,add_01,20200813-subject-02/20200813_155633,20,s0_l1,213,8400.0
initial_bad,add_01,20200813-subject-02/20200813_155633,20,s0_l0,213,8300.0
initial_bad,add_01,20200813-subject-02/20200813_155633,20,s1_l1,213,8400.0
initial_bad,add_01,20200813-subject-02/20200813_155633,20,s1_l0,213,8500.0
initial_bad,add_01,20200813-subject-02/20200813_155633,20,fp,213,11900.0
initial_bad,add_01,20200813-subject-02/20200813_155953,21,residual,511,6200.0
initial_bad,add_01,20200813-subject-02/20200813_155953,21,s0_l1,511,6100.0
initial_bad,add_01,20200813-subject-02/20200813_155953,21,s0_l0,511,6100.0
initial_bad,add_01,20200813-subject-02/20200813_155953,21,s1_l1,511,6000.0
initial_bad,add_01,20200813-subject-02/20200813_155953,21,s1_l0,511,6000.0
initial_bad,add_01,20200813-subject-02/20200813_155953,21,fp,511,2000.0
initial_bad,adds_005,20200709-subject-01/20200709_142123,1,residual,219,21800.0
initial_bad,adds_005,20200709-subject-01/20200709_142123,1,s0_l1,219,21800.0
initial_bad,adds_005,20200709-subject-01/20200709_142123,1,s0_l0,219,21800.0
initial_bad,adds_005,20200709-subject-01/20200709_142123,1,s1_l1,219,21800.0
initial_bad,adds_005,20200709-subject-01/20200709_142123,1,s1_l0,219,21800.0
initial_bad,adds_005,20200709-subject-01/20200709_142123,1,fp,219,21900.0
initial_bad,adds_005,20200709-subject-01/20200709_142446,2,residual,355,28500.0
initial_bad,adds_005,20200709-subject-01/20200709_142446,2,s0_l1,355,28400.0
initial_bad,adds_005,20200709-subject-01/20200709_142446,2,s0_l0,355,28400.0
initial_bad,adds_005,20200709-subject-01/20200709_142446,2,s1_l1,355,28400.0
initial_bad,adds_005,20200709-subject-01/20200709_142446,2,s1_l0,355,28400.0
initial_bad,adds_005,20200709-subject-01/20200709_142446,2,fp,355,28500.0
initial_bad,adds_005,20200709-subject-01/20200709_142802,3,residual,142,11900.0
initial_bad,adds_005,20200709-subject-01/20200709_142802,3,s0_l1,142,11900.0
initial_bad,adds_005,20200709-subject-01/20200709_142802,3,s0_l0,142,12200.0
initial_bad,adds_005,20200709-subject-01/20200709_142802,3,s1_l1,142,12200.0
initial_bad,adds_005,20200709-subject-01/20200709_142802,3,s1_l0,142,12200.0
initial_bad,adds_005,20200709-subject-01/20200709_142802,3,fp,142,11600.0
initial_bad,adds_005,20200709-subject-01/20200709_143125,4,residual,284,28300.0
initial_bad,adds_005,20200709-subject-01/20200709_143125,4,s0_l1,284,28400.0
initial_bad,adds_005,20200709-subject-01/20200709_143125,4,s0_l0,284,28400.0
initial_bad,adds_005,20200709-subject-01/20200709_143125,4,s1_l1,284,28400.0
initial_bad,adds_005,20200709-subject-01/20200709_143125,4,s1_l0,284,28400.0
initial_bad,adds_005,20200709-subject-01/20200709_143125,4,fp,284,25800.0
initial_bad,adds_005,20200709-subject-01/20200709_143531,5,residual,269,18400.0
initial_bad,adds_005,20200709-subject-01/20200709_143531,5,s0_l1,269,16900.0
initial_bad,adds_005,20200709-subject-01/20200709_143531,5,s0_l0,269,15600.0
initial_bad,adds_005,20200709-subject-01/20200709_143531,5,s1_l1,269,16800.0
initial_bad,adds_005,20200709-subject-01/20200709_143531,5,s1_l0,269,16900.0
initial_bad,adds_005,20200709-subject-01/20200709_143531,5,fp,269,23300.0
initial_bad,adds_005,20200709-subject-01/20200709_143907,6,residual,355,27900.0
initial_bad,adds_005,20200709-subject-01/20200709_143907,6,s0_l1,355,27100.0
initial_bad,adds_005,20200709-subject-01/20200709_143907,6,s0_l0,355,26400.0
initial_bad,adds_005,20200709-subject-01/20200709_143907,6,s1_l1,355,26600.0
initial_bad,adds_005,20200709-subject-01/20200709_143907,6,s1_l0,355,26500.0
initial_bad,adds_005,20200709-subject-01/20200709_143907,6,fp,355,13300.0
initial_bad,adds_005,20200709-subject-01/20200709_144313,7,residual,377,33400.0
initial_bad,adds_005,20200709-subject-01/20200709_144313,7,s0_l1,377,33100.0
initial_bad,adds_005,20200709-subject-01/20200709_144313,7,s0_l0,377,33100.0
initial_bad,adds_005,20200709-subject-01/20200709_144313,7,s1_l1,377,33100.0
initial_bad,adds_005,20200709-subject-01/20200709_144313,7,s1_l0,377,33100.0
initial_bad,adds_005,20200709-subject-01/20200709_144313,7,fp,377,22700.0
initial_bad,adds_005,20200709-subject-01/20200709_144735,8,residual,497,42500.0
initial_bad,adds_005,20200709-subject-01/20200709_144735,8,s0_l1,497,44500.0
initial_bad,adds_005,20200709-subject-01/20200709_144735,8,s0_l0,497,44500.0
initial_bad,adds_005,20200709-subject-01/20200709_144735,8,s1_l1,497,44000.0
initial_bad,adds_005,20200709-subject-01/20200709_144735,8,s1_l0,497,43800.0
initial_bad,adds_005,20200709-subject-01/20200709_144735,8,fp,497,42400.0
initial_bad,adds_005,20200709-subject-01/20200709_145132,9,residual,365,36000.0
initial_bad,adds_005,20200709-subject-01/20200709_145132,9,s0_l1,365,36100.0
initial_bad,adds_005,20200709-subject-01/20200709_145132,9,s0_l0,365,36000.0
initial_bad,adds_005,20200709-subject-01/20200709_145132,9,s1_l1,365,36000.0
initial_bad,adds_005,20200709-subject-01/20200709_145132,9,s1_l0,365,36100.0
initial_bad,adds_005,20200709-subject-01/20200709_145132,9,fp,365,36200.0
initial_bad,adds_005,20200709-subject-01/20200709_145743,10,residual,355,33100.0
initial_bad,adds_005,20200709-subject-01/20200709_145743,10,s0_l1,355,33000.0
initial_bad,adds_005,20200709-subject-01/20200709_145743,10,s0_l0,355,33000.0
initial_bad,adds_005,20200709-subject-01/20200709_145743,10,s1_l1,355,32900.0
initial_bad,adds_005,20200709-subject-01/20200709_145743,10,s1_l0,355,33100.0
initial_bad,adds_005,20200709-subject-01/20200709_145743,10,fp,355,28300.0
initial_bad,adds_005,20200709-subject-01/20200709_150144,11,residual,142,12400.0
initial_bad,adds_005,20200709-subject-01/20200709_150144,11,s0_l1,142,12600.0
initial_bad,adds_005,20200709-subject-01/20200709_150144,11,s0_l0,142,12600.0
initial_bad,adds_005,20200709-subject-01/20200709_150144,11,s1_l1,142,12600.0
initial_bad,adds_005,20200709-subject-01/20200709_150144,11,s1_l0,142,12600.0
initial_bad,adds_005,20200709-subject-01/20200709_150144,11,fp,142,12700.0
initial_bad,adds_005,20200709-subject-01/20200709_150524,12,residual,213,19900.0
initial_bad,adds_005,20200709-subject-01/20200709_150524,12,s0_l1,213,19600.0
initial_bad,adds_005,20200709-subject-01/20200709_150524,12,s0_l0,213,19700.0
initial_bad,adds_005,20200709-subject-01/20200709_150524,12,s1_l1,213,19600.0
initial_bad,adds_005,20200709-subject-01/20200709_150524,12,s1_l0,213,19700.0
initial_bad,adds_005,20200709-subject-01/20200709_150524,12,fp,213,13100.0
initial_bad,adds_005,20200709-subject-01/20200709_150906,13,residual,219,20500.0
initial_bad,adds_005,20200709-subject-01/20200709_150906,13,s0_l1,219,20200.0
initial_bad,adds_005,20200709-subject-01/20200709_150906,13,s0_l0,219,20200.0
initial_bad,adds_005,20200709-subject-01/20200709_150906,13,s1_l1,219,20200.0
initial_bad,adds_005,20200709-subject-01/20200709_150906,13,s1_l0,219,20200.0
initial_bad,adds_005,20200709-subject-01/20200709_150906,13,fp,219,21700.0
initial_bad,adds_005,20200709-subject-01/20200709_151246,14,residual,174,17400.0
initial_bad,adds_005,20200709-subject-01/20200709_151246,14,s0_l1,174,17400.0
initial_bad,adds_005,20200709-subject-01/20200709_151246,14,s0_l0,174,17400.0
initial_bad,adds_005,20200709-subject-01/20200709_151246,14,s1_l1,174,17400.0
initial_bad,adds_005,20200709-subject-01/20200709_151246,14,s1_l0,174,17400.0
initial_bad,adds_005,20200709-subject-01/20200709_151246,14,fp,174,14100.0
initial_bad,adds_005,20200709-subject-01/20200709_151632,15,residual,213,21200.0
initial_bad,adds_005,20200709-subject-01/20200709_151632,15,s0_l1,213,21100.0
initial_bad,adds_005,20200709-subject-01/20200709_151632,15,s0_l0,213,21100.0
initial_bad,adds_005,20200709-subject-01/20200709_151632,15,s1_l1,213,21000.0
initial_bad,adds_005,20200709-subject-01/20200709_151632,15,s1_l0,213,21000.0
initial_bad,adds_005,20200709-subject-01/20200709_151632,15,fp,213,19700.0
initial_bad,adds_005,20200709-subject-01/20200709_151948,16,residual,142,14200.0
initial_bad,adds_005,20200709-subject-01/20200709_151948,16,s0_l1,142,14200.0
initial_bad,adds_005,20200709-subject-01/20200709_151948,16,s0_l0,142,14200.0
initial_bad,adds_005,20200709-subject-01/20200709_151948,16,s1_l1,142,14200.0
initial_bad,adds_005,20200709-subject-01/20200709_151948,16,s1_l0,142,14200.0
initial_bad,adds_005,20200709-subject-01/20200709_151948,16,fp,142,14200.0
initial_bad,adds_005,20200709-subject-01/20200709_152420,17,residual,438,23800.0
initial_bad,adds_005,20200709-subject-01/20200709_152420,17,s0_l1,438,24700.0
initial_bad,adds_005,20200709-subject-01/20200709_152420,17,s0_l0,438,25000.0
initial_bad,adds_005,20200709-subject-01/20200709_152420,17,s1_l1,438,24200.0
initial_bad,adds_005,20200709-subject-01/20200709_152420,17,s1_l0,438,24400.0
initial_bad,adds_005,20200709-subject-01/20200709_152420,17,fp,438,35400.0
initial_bad,adds_005,20200709-subject-01/20200709_152757,18,residual,500,28700.0
initial_bad,adds_005,20200709-subject-01/20200709_152757,18,s0_l1,500,36800.0
initial_bad,adds_005,20200709-subject-01/20200709_152757,18,s0_l0,500,34600.0
initial_bad,adds_005,20200709-subject-01/20200709_152757,18,s1_l1,500,37500.0
initial_bad,adds_005,20200709-subject-01/20200709_152757,18,s1_l0,500,37400.0
initial_bad,adds_005,20200709-subject-01/20200709_152757,18,fp,500,40400.0
initial_bad,adds_005,20200709-subject-01/20200709_153148,20,residual,517,38900.0
initial_bad,adds_005,20200709-subject-01/20200709_153148,20,s0_l1,517,37900.0
initial_bad,adds_005,20200709-subject-01/20200709_153148,20,s0_l0,517,38300.0
initial_bad,adds_005,20200709-subject-01/20200709_153148,20,s1_l1,517,37700.0
initial_bad,adds_005,20200709-subject-01/20200709_153148,20,s1_l0,517,38300.0
initial_bad,adds_005,20200709-subject-01/20200709_153148,20,fp,517,46200.0
initial_bad,adds_005,20200709-subject-01/20200709_153548,21,residual,426,31500.0
initial_bad,adds_005,20200709-subject-01/20200709_153548,21,s0_l1,426,31200.0
initial_bad,adds_005,20200709-subject-01/20200709_153548,21,s0_l0,426,31100.0
initial_bad,adds_005,20200709-subject-01/20200709_153548,21,s1_l1,426,31400.0
initial_bad,adds_005,20200709-subject-01/20200709_153548,21,s1_l0,426,31400.0
initial_bad,adds_005,20200709-subject-01/20200709_153548,21,fp,426,26900.0
initial_bad,adds_005,20200813-subject-02/20200813_145920,2,residual,146,14600.0
initial_bad,adds_005,20200813-subject-02/20200813_145920,2,s0_l1,146,14600.0
initial_bad,adds_005,20200813-subject-02/20200813_145920,2,s0_l0,146,14600.0
initial_bad,adds_005,20200813-subject-02/20200813_145920,2,s1_l1,146,14600.0
initial_bad,adds_005,20200813-subject-02/20200813_145920,2,s1_l0,146,14600.0
initial_bad,adds_005,20200813-subject-02/20200813_145920,2,fp,146,14600.0
initial_bad,adds_005,20200813-subject-02/20200813_150228,3,residual,426,39500.0
initial_bad,adds_005,20200813-subject-02/20200813_150228,3,s0_l1,426,39700.0
initial_bad,adds_005,20200813-subject-02/20200813_150228,3,s0_l0,426,39600.0
initial_bad,adds_005,20200813-subject-02/20200813_150228,3,s1_l1,426,39800.0
initial_bad,adds_005,20200813-subject-02/20200813_150228,3,s1_l0,426,39700.0
initial_bad,adds_005,20200813-subject-02/20200813_150228,3,fp,426,30600.0
initial_bad,adds_005,20200813-subject-02/20200813_150535,4,residual,292,22600.0
initial_bad,adds_005,20200813-subject-02/20200813_150535,4,s0_l1,292,24800.0
initial_bad,adds_005,20200813-subject-02/20200813_150535,4,s0_l0,292,24800.0
initial_bad,adds_005,20200813-subject-02/20200813_150535,4,s1_l1,292,24800.0
initial_bad,adds_005,20200813-subject-02/20200813_150535,4,s1_l0,292,24700.0
initial_bad,adds_005,20200813-subject-02/20200813_150535,4,fp,292,13700.0
initial_bad,adds_005,20200813-subject-02/20200813_150823,5,residual,213,18300.0
initial_bad,adds_005,20200813-subject-02/20200813_150823,5,s0_l1,213,18300.0
initial_bad,adds_005,20200813-subject-02/20200813_150823,5,s0_l0,213,18300.0
initial_bad,adds_005,20200813-subject-02/20200813_150823,5,s1_l1,213,18300.0
initial_bad,adds_005,20200813-subject-02/20200813_150823,5,s1_l0,213,18300.0
initial_bad,adds_005,20200813-subject-02/20200813_150823,5,fp,213,15200.0
initial_bad,adds_005,20200813-subject-02/20200813_151117,6,residual,426,24100.0
initial_bad,adds_005,20200813-subject-02/20200813_151117,6,s0_l1,426,28600.0
initial_bad,adds_005,20200813-subject-02/20200813_151117,6,s0_l0,426,28400.0
initial_bad,adds_005,20200813-subject-02/20200813_151117,6,s1_l1,426,28900.0
initial_bad,adds_005,20200813-subject-02/20200813_151117,6,s1_l0,426,28900.0
initial_bad,adds_005,20200813-subject-02/20200813_151117,6,fp,426,5600.0
initial_bad,adds_005,20200813-subject-02/20200813_151925,7,residual,142,13900.0
initial_bad,adds_005,20200813-subject-02/20200813_151925,7,s0_l1,142,13700.0
initial_bad,adds_005,20200813-subject-02/20200813_151925,7,s0_l0,142,13700.0
initial_bad,adds_005,20200813-subject-02/20200813_151925,7,s1_l1,142,13800.0
initial_bad,adds_005,20200813-subject-02/20200813_151925,7,s1_l0,142,13800.0
initial_bad,adds_005,20200813-subject-02/20200813_151925,7,fp,142,9600.0
initial_bad,adds_005,20200813-subject-02/20200813_152215,8,residual,426,37700.0
initial_bad,adds_005,20200813-subject-02/20200813_152215,8,s0_l1,426,38500.0
initial_bad,adds_005,20200813-subject-02/20200813_152215,8,s0_l0,426,38600.0
initial_bad,adds_005,20200813-subject-02/20200813_152215,8,s1_l1,426,38800.0
initial_bad,adds_005,20200813-subject-02/20200813_152215,8,s1_l0,426,38700.0
initial_bad,adds_005,20200813-subject-02/20200813_152215,8,fp,426,26000.0
initial_bad,adds_005,20200813-subject-02/20200813_152513,9,residual,365,29500.0
initial_bad,adds_005,20200813-subject-02/20200813_152513,9,s0_l1,365,29100.0
initial_bad,adds_005,20200813-subject-02/20200813_152513,9,s0_l0,365,29500.0
initial_bad,adds_005,20200813-subject-02/20200813_152513,9,s1_l1,365,29500.0
initial_bad,adds_005,20200813-subject-02/20200813_152513,9,s1_l0,365,29900.0
initial_bad,adds_005,20200813-subject-02/20200813_152513,9,fp,365,20000.0
initial_bad,adds_005,20200813-subject-02/20200813_152842,10,residual,276,19400.0
initial_bad,adds_005,20200813-subject-02/20200813_152842,10,s0_l1,276,19600.0
initial_bad,adds_005,20200813-subject-02/20200813_152842,10,s0_l0,276,19400.0
initial_bad,adds_005,20200813-subject-02/20200813_152842,10,s1_l1,276,19600.0
initial_bad,adds_005,20200813-subject-02/20200813_152842,10,s1_l0,276,19500.0
initial_bad,adds_005,20200813-subject-02/20200813_152842,10,fp,276,16500.0
initial_bad,adds_005,20200813-subject-02/20200813_153453,12,residual,213,15400.0
initial_bad,adds_005,20200813-subject-02/20200813_153453,12,s0_l1,213,16600.0
initial_bad,adds_005,20200813-subject-02/20200813_153453,12,s0_l0,213,16400.0
initial_bad,adds_005,20200813-subject-02/20200813_153453,12,s1_l1,213,16400.0
initial_bad,adds_005,20200813-subject-02/20200813_153453,12,s1_l0,213,16600.0
initial_bad,adds_005,20200813-subject-02/20200813_153453,12,fp,213,17300.0
initial_bad,adds_005,20200813-subject-02/20200813_153802,13,residual,213,17200.0
initial_bad,adds_005,20200813-subject-02/20200813_153802,13,s0_l1,213,17200.0
initial_bad,adds_005,20200813-subject-02/20200813_153802,13,s0_l0,213,17200.0
initial_bad,adds_005,20200813-subject-02/20200813_153802,13,s1_l1,213,17200.0
initial_bad,adds_005,20200813-subject-02/20200813_153802,13,s1_l0,213,17100.0
initial_bad,adds_005,20200813-subject-02/20200813_153802,13,fp,213,15600.0
initial_bad,adds_005,20200813-subject-02/20200813_154103,14,residual,292,27000.0
initial_bad,adds_005,20200813-subject-02/20200813_154103,14,s0_l1,292,26900.0
initial_bad,adds_005,20200813-subject-02/20200813_154103,14,s0_l0,292,27000.0
initial_bad,adds_005,20200813-subject-02/20200813_154103,14,s1_l1,292,27000.0
initial_bad,adds_005,20200813-subject-02/20200813_154103,14,s1_l0,292,27000.0
initial_bad,adds_005,20200813-subject-02/20200813_154103,14,fp,292,12300.0
initial_bad,adds_005,20200813-subject-02/20200813_154408,15,residual,201,17200.0
initial_bad,adds_005,20200813-subject-02/20200813_154408,15,s0_l1,201,17200.0
initial_bad,adds_005,20200813-subject-02/20200813_154408,15,s0_l0,201,17200.0
initial_bad,adds_005,20200813-subject-02/20200813_154408,15,s1_l1,201,17100.0
initial_bad,adds_005,20200813-subject-02/20200813_154408,15,s1_l0,201,17000.0
initial_bad,adds_005,20200813-subject-02/20200813_154408,15,fp,201,15600.0
initial_bad,adds_005,20200813-subject-02/20200813_154729,16,residual,71,7100.0
initial_bad,adds_005,20200813-subject-02/20200813_154729,16,s0_l1,71,7000.0
initial_bad,adds_005,20200813-subject-02/20200813_154729,16,s0_l0,71,7000.0
initial_bad,adds_005,20200813-subject-02/20200813_154729,16,s1_l1,71,7000.0
initial_bad,adds_005,20200813-subject-02/20200813_154729,16,s1_l0,71,7000.0
initial_bad,adds_005,20200813-subject-02/20200813_154729,16,fp,71,7100.0
initial_bad,adds_005,20200813-subject-02/20200813_155021,17,residual,499,16500.0
initial_bad,adds_005,20200813-subject-02/20200813_155021,17,s0_l1,499,19700.0
initial_bad,adds_005,20200813-subject-02/20200813_155021,17,s0_l0,499,19200.0
initial_bad,adds_005,20200813-subject-02/20200813_155021,17,s1_l1,499,20300.0
initial_bad,adds_005,20200813-subject-02/20200813_155021,17,s1_l0,499,20400.0
initial_bad,adds_005,20200813-subject-02/20200813_155021,17,fp,499,8400.0
initial_bad,adds_005,20200813-subject-02/20200813_155314,18,residual,409,24300.0
initial_bad,adds_005,20200813-subject-02/20200813_155314,18,s0_l1,409,25400.0
initial_bad,adds_005,20200813-subject-02/20200813_155314,18,s0_l0,409,25900.0
initial_bad,adds_005,20200813-subject-02/20200813_155314,18,s1_l1,409,25000.0
initial_bad,adds_005,20200813-subject-02/20200813_155314,18,s1_l0,409,25600.0
initial_bad,adds_005,20200813-subject-02/20200813_155314,18,fp,409,9900.0
initial_bad,adds_005,20200813-subject-02/20200813_155633,20,residual,213,19200.0
initial_bad,adds_005,20200813-subject-02/20200813_155633,20,s0_l1,213,19200.0
initial_bad,adds_005,20200813-subject-02/20200813_155633,20,s0_l0,213,19000.0
initial_bad,adds_005,20200813-subject-02/20200813_155633,20,s1_l1,213,19100.0
initial_bad,adds_005,20200813-subject-02/20200813_155633,20,s1_l0,213,19000.0
initial_bad,adds_005,20200813-subject-02/20200813_155633,20,fp,213,16000.0
initial_bad,adds_005,20200813-subject-02/20200813_155953,21,residual,511,25900.0
initial_bad,adds_005,20200813-subject-02/20200813_155953,21,s0_l1,511,23300.0
initial_bad,adds_005,20200813-subject-02/20200813_155953,21,s0_l0,511,23400.0
initial_bad,adds_005,20200813-subject-02/20200813_155953,21,s1_l1,511,22100.0
initial_bad,adds_005,20200813-subject-02/20200813_155953,21,s1_l0,511,24900.0
initial_bad,adds_005,20200813-subject-02/20200813_155953,21,fp,511,10400.0
initial_bad,adds_01,20200709-subject-01/20200709_142123,1,residual,219,21900.0
initial_bad,adds_01,20200709-subject-01/20200709_142123,1,s0_l1,219,21900.0
initial_bad,adds_01,20200709-subject-01/20200709_142123,1,s0_l0,219,21900.0
initial_bad,adds_01,20200709-subject-01/20200709_142123,1,s1_l1,219,21900.0
initial_bad,adds_01,20200709-subject-01/20200709_142123,1,s1_l0,219,21900.0
initial_bad,adds_01,20200709-subject-01/20200709_142123,1,fp,219,21900.0
initial_bad,adds_01,20200709-subject-01/20200709_142446,2,residual,355,35500.0
initial_bad,adds_01,20200709-subject-01/20200709_142446,2,s0_l1,355,35500.0
initial_bad,adds_01,20200709-subject-01/20200709_142446,2,s0_l0,355,35500.0
initial_bad,adds_01,20200709-subject-01/20200709_142446,2,s1_l1,355,35500.0
initial_bad,adds_01,20200709-subject-01/20200709_142446,2,s1_l0,355,35500.0
initial_bad,adds_01,20200709-subject-01/20200709_142446,2,fp,355,35500.0
initial_bad,adds_01,20200709-subject-01/20200709_142802,3,residual,142,13900.0
initial_bad,adds_01,20200709-subject-01/20200709_142802,3,s0_l1,142,13800.0
initial_bad,adds_01,20200709-subject-01/20200709_142802,3,s0_l0,142,13800.0
initial_bad,adds_01,20200709-subject-01/20200709_142802,3,s1_l1,142,13900.0
initial_bad,adds_01,20200709-subject-01/20200709_142802,3,s1_l0,142,13900.0
initial_bad,adds_01,20200709-subject-01/20200709_142802,3,fp,142,11700.0
initial_bad,adds_01,20200709-subject-01/20200709_143125,4,residual,284,28400.0
initial_bad,adds_01,20200709-subject-01/20200709_143125,4,s0_l1,284,28400.0
initial_bad,adds_01,20200709-subject-01/20200709_143125,4,s0_l0,284,28400.0
initial_bad,adds_01,20200709-subject-01/20200709_143125,4,s1_l1,284,28400.0
initial_bad,adds_01,20200709-subject-01/20200709_143125,4,s1_l0,284,28400.0
initial_bad,adds_01,20200709-subject-01/20200709_143125,4,fp,284,28400.0
initial_bad,adds_01,20200709-subject-01/20200709_143531,5,residual,269,25000.0
initial_bad,adds_01,20200709-subject-01/20200709_143531,5,s0_l1,269,24700.0
initial_bad,adds_01,20200709-subject-01/20200709_143531,5,s0_l0,269,24700.0
initial_bad,adds_01,20200709-subject-01/20200709_143531,5,s1_l1,269,24700.0
initial_bad,adds_01,20200709-subject-01/20200709_143531,5,s1_l0,269,24700.0
initial_bad,adds_01,20200709-subject-01/20200709_143531,5,fp,269,24500.0
initial_bad,adds_01,20200709-subject-01/20200709_143907,6,residual,355,33500.0
initial_bad,adds_01,20200709-subject-01/20200709_143907,6,s0_l1,355,32700.0
initial_bad,adds_01,20200709-subject-01/20200709_143907,6,s0_l0,355,32100.0
initial_bad,adds_01,20200709-subject-01/20200709_143907,6,s1_l1,355,32000.0
initial_bad,adds_01,20200709-subject-01/20200709_143907,6,s1_l0,355,31900.0
initial_bad,adds_01,20200709-subject-01/20200709_143907,6,fp,355,26300.0
initial_bad,adds_01,20200709-subject-01/20200709_144313,7,residual,377,37700.0
initial_bad,adds_01,20200709-subject-01/20200709_144313,7,s0_l1,377,37700.0
initial_bad,adds_01,20200709-subject-01/20200709_144313,7,s0_l0,377,37700.0
initial_bad,adds_01,20200709-subject-01/20200709_144313,7,s1_l1,377,37700.0
initial_bad,adds_01,20200709-subject-01/20200709_144313,7,s1_l0,377,37700.0
initial_bad,adds_01,20200709-subject-01/20200709_144313,7,fp,377,33500.0
initial_bad,adds_01,20200709-subject-01/20200709_144735,8,residual,497,46700.0
initial_bad,adds_01,20200709-subject-01/20200709_144735,8,s0_l1,497,48000.0
initial_bad,adds_01,20200709-subject-01/20200709_144735,8,s0_l0,497,48000.0
initial_bad,adds_01,20200709-subject-01/20200709_144735,8,s1_l1,497,47700.0
initial_bad,adds_01,20200709-subject-01/20200709_144735,8,s1_l0,497,47700.0
initial_bad,adds_01,20200709-subject-01/20200709_144735,8,fp,497,49700.0
initial_bad,adds_01,20200709-subject-01/20200709_145132,9,residual,365,36500.0
initial_bad,adds_01,20200709-subject-01/20200709_145132,9,s0_l1,365,36500.0
initial_bad,adds_01,20200709-subject-01/20200709_145132,9,s0_l0,365,36500.0
initial_bad,adds_01,20200709-subject-01/20200709_145132,9,s1_l1,365,36500.0
initial_bad,adds_01,20200709-subject-01/20200709_145132,9,s1_l0,365,36500.0
initial_bad,adds_01,20200709-subject-01/20200709_145132,9,fp,365,36500.0
initial_bad,adds_01,20200709-subject-01/20200709_145743,10,residual,355,34900.0
initial_bad,adds_01,20200709-subject-01/20200709_145743,10,s0_l1,355,34900.0
initial_bad,adds_01,20200709-subject-01/20200709_145743,10,s0_l0,355,34900.0
initial_bad,adds_01,20200709-subject-01/20200709_145743,10,s1_l1,355,34800.0
initial_bad,adds_01,20200709-subject-01/20200709_145743,10,s1_l0,355,34800.0
initial_bad,adds_01,20200709-subject-01/20200709_145743,10,fp,355,28400.0
initial_bad,adds_01,20200709-subject-01/20200709_150144,11,residual,142,13900.0
initial_bad,adds_01,20200709-subject-01/20200709_150144,11,s0_l1,142,13900.0
initial_bad,adds_01,20200709-subject-01/20200709_150144,11,s0_l0,142,13900.0
initial_bad,adds_01,20200709-subject-01/20200709_150144,11,s1_l1,142,13900.0
initial_bad,adds_01,20200709-subject-01/20200709_150144,11,s1_l0,142,13900.0
initial_bad,adds_01,20200709-subject-01/20200709_150144,11,fp,142,13600.0
initial_bad,adds_01,20200709-subject-01/20200709_150524,12,residual,213,21100.0
initial_bad,adds_01,20200709-subject-01/20200709_150524,12,s0_l1,213,21000.0
initial_bad,adds_01,20200709-subject-01/20200709_150524,12,s0_l0,213,21000.0
initial_bad,adds_01,20200709-subject-01/20200709_150524,12,s1_l1,213,21000.0
initial_bad,adds_01,20200709-subject-01/20200709_150524,12,s1_l0,213,21000.0
initial_bad,adds_01,20200709-subject-01/20200709_150524,12,fp,213,14200.0
initial_bad,adds_01,20200709-subject-01/20200709_150906,13,residual,219,21900.0
initial_bad,adds_01,20200709-subject-01/20200709_150906,13,s0_l1,219,21900.0
initial_bad,adds_01,20200709-subject-01/20200709_150906,13,s0_l0,219,21900.0
initial_bad,adds_01,20200709-subject-01/20200709_150906,13,s1_l1,219,21900.0
initial_bad,adds_01,20200709-subject-01/20200709_150906,13,s1_l0,219,21900.0
initial_bad,adds_01,20200709-subject-01/20200709_150906,13,fp,219,21900.0
initial_bad,adds_01,20200709-subject-01/20200709_151246,14,residual,174,17400.0
initial_bad,adds_01,20200709-subject-01/20200709_151246,14,s0_l1,174,17400.0
initial_bad,adds_01,20200709-subject-01/20200709_151246,14,s0_l0,174,17400.0
initial_bad,adds_01,20200709-subject-01/20200709_151246,14,s1_l1,174,17400.0
initial_bad,adds_01,20200709-subject-01/20200709_151246,14,s1_l0,174,17400.0
initial_bad,adds_01,20200709-subject-01/20200709_151246,14,fp,174,17400.0
initial_bad,adds_01,20200709-subject-01/20200709_151632,15,residual,213,21300.0
initial_bad,adds_01,20200709-subject-01/20200709_151632,15,s0_l1,213,21300.0
initial_bad,adds_01,20200709-subject-01/20200709_151632,15,s0_l0,213,21300.0
initial_bad,adds_01,20200709-subject-01/20200709_151632,15,s1_l1,213,21300.0
initial_bad,adds_01,20200709-subject-01/20200709_151632,15,s1_l0,213,21300.0
initial_bad,adds_01,20200709-subject-01/20200709_151632,15,fp,213,21300.0
initial_bad,adds_01,20200709-subject-01/20200709_151948,16,residual,142,14200.0
initial_bad,adds_01,20200709-subject-01/20200709_151948,16,s0_l1,142,14200.0
initial_bad,adds_01,20200709-subject-01/20200709_151948,16,s0_l0,142,14200.0
initial_bad,adds_01,20200709-subject-01/20200709_151948,16,s1_l1,142,14200.0
initial_bad,adds_01,20200709-subject-01/20200709_151948,16,s1_l0,142,14200.0
initial_bad,adds_01,20200709-subject-01/20200709_151948,16,fp,142,14200.0
initial_bad,adds_01,20200709-subject-01/20200709_152420,17,residual,438,38900.0
initial_bad,adds_01,20200709-subject-01/20200709_152420,17,s0_l1,438,40100.0
initial_bad,adds_01,20200709-subject-01/20200709_152420,17,s0_l0,438,40200.0
initial_bad,adds_01,20200709-subject-01/20200709_152420,17,s1_l1,438,40100.0
initial_bad,adds_01,20200709-subject-01/20200709_152420,17,s1_l0,438,40100.0
initial_bad,adds_01,20200709-subject-01/20200709_152420,17,fp,438,42700.0
initial_bad,adds_01,20200709-subject-01/20200709_152757,18,residual,500,40200.0
initial_bad,adds_01,20200709-subject-01/20200709_152757,18,s0_l1,500,47100.0
initial_bad,adds_01,20200709-subject-01/20200709_152757,18,s0_l0,500,44900.0
initial_bad,adds_01,20200709-subject-01/20200709_152757,18,s1_l1,500,47300.0
initial_bad,adds_01,20200709-subject-01/20200709_152757,18,s1_l0,500,47400.0
initial_bad,adds_01,20200709-subject-01/20200709_152757,18,fp,500,46900.0
initial_bad,adds_01,20200709-subject-01/20200709_153148,20,residual,517,50900.0
initial_bad,adds_01,20200709-subject-01/20200709_153148,20,s0_l1,517,50400.0
initial_bad,adds_01,20200709-subject-01/20200709_153148,20,s0_l0,517,50200.0
initial_bad,adds_01,20200709-subject-01/20200709_153148,20,s1_l1,517,49800.0
initial_bad,adds_01,20200709-subject-01/20200709_153148,20,s1_l0,517,49600.0
initial_bad,adds_01,20200709-subject-01/20200709_153148,20,fp,517,49700.0
initial_bad,adds_01,20200709-subject-01/20200709_153548,21,residual,426,42400.0
initial_bad,adds_01,20200709-subject-01/20200709_153548,21,s0_l1,426,42400.0
initial_bad,adds_01,20200709-subject-01/20200709_153548,21,s0_l0,426,42400.0
initial_bad,adds_01,20200709-subject-01/20200709_153548,21,s1_l1,426,42500.0
initial_bad,adds_01,20200709-subject-01/20200709_153548,21,s1_l0,426,42500.0
initial_bad,adds_01,20200709-subject-01/20200709_153548,21,fp,426,39900.0
initial_bad,adds_01,20200813-subject-02/20200813_145920,2,residual,146,14600.0
initial_bad,adds_01,20200813-subject-02/20200813_145920,2,s0_l1,146,14600.0
initial_bad,adds_01,20200813-subject-02/20200813_145920,2,s0_l0,146,14600.0
initial_bad,adds_01,20200813-subject-02/20200813_145920,2,s1_l1,146,14600.0
initial_bad,adds_01,20200813-subject-02/20200813_145920,2,s1_l0,146,14600.0
initial_bad,adds_01,20200813-subject-02/20200813_145920,2,fp,146,14600.0
initial_bad,adds_01,20200813-subject-02/20200813_150228,3,residual,426,41000.0
initial_bad,adds_01,20200813-subject-02/20200813_150228,3,s0_l1,426,42600.0
initial_bad,adds_01,20200813-subject-02/20200813_150228,3,s0_l0,426,42600.0
initial_bad,adds_01,20200813-subject-02/20200813_150228,3,s1_l1,426,42600.0
initial_bad,adds_01,20200813-subject-02/20200813_150228,3,s1_l0,426,42600.0
initial_bad,adds_01,20200813-subject-02/20200813_150228,3,fp,426,37000.0
initial_bad,adds_01,20200813-subject-02/20200813_150535,4,residual,292,27500.0
initial_bad,adds_01,20200813-subject-02/20200813_150535,4,s0_l1,292,27800.0
initial_bad,adds_01,20200813-subject-02/20200813_150535,4,s0_l0,292,27700.0
initial_bad,adds_01,20200813-subject-02/20200813_150535,4,s1_l1,292,27800.0
initial_bad,adds_01,20200813-subject-02/20200813_150535,4,s1_l0,292,27700.0
initial_bad,adds_01,20200813-subject-02/20200813_150535,4,fp,292,17500.0
initial_bad,adds_01,20200813-subject-02/20200813_150823,5,residual,213,18800.0
initial_bad,adds_01,20200813-subject-02/20200813_150823,5,s0_l1,213,18800.0
initial_bad,adds_01,20200813-subject-02/20200813_150823,5,s0_l0,213,18800.0
initial_bad,adds_01,20200813-subject-02/20200813_150823,5,s1_l1,213,18800.0
initial_bad,adds_01,20200813-subject-02/20200813_150823,5,s1_l0,213,18800.0
initial_bad,adds_01,20200813-subject-02/20200813_150823,5,fp,213,15500.0
initial_bad,adds_01,20200813-subject-02/20200813_151117,6,residual,426,33600.0
initial_bad,adds_01,20200813-subject-02/20200813_151117,6,s0_l1,426,39200.0
initial_bad,adds_01,20200813-subject-02/20200813_151117,6,s0_l0,426,39300.0
initial_bad,adds_01,20200813-subject-02/20200813_151117,6,s1_l1,426,39200.0
initial_bad,adds_01,20200813-subject-02/20200813_151117,6,s1_l0,426,39200.0
initial_bad,adds_01,20200813-subject-02/20200813_151117,6,fp,426,17900.0
initial_bad,adds_01,20200813-subject-02/20200813_151925,7,residual,142,14200.0
initial_bad,adds_01,20200813-subject-02/20200813_151925,7,s0_l1,142,14200.0
initial_bad,adds_01,20200813-subject-02/20200813_151925,7,s0_l0,142,14200.0
initial_bad,adds_01,20200813-subject-02/20200813_151925,7,s1_l1,142,14200.0
initial_bad,adds_01,20200813-subject-02/20200813_151925,7,s1_l0,142,14200.0
initial_bad,adds_01,20200813-subject-02/20200813_151925,7,fp,142,10800.0
initial_bad,adds_01,20200813-subject-02/20200813_152215,8,residual,426,42300.0
initial_bad,adds_01,20200813-subject-02/20200813_152215,8,s0_l1,426,42500.0
initial_bad,adds_01,20200813-subject-02/20200813_152215,8,s0_l0,426,42400.0
initial_bad,adds_01,20200813-subject-02/20200813_152215,8,s1_l1,426,42500.0
initial_bad,adds_01,20200813-subject-02/20200813_152215,8,s1_l0,426,42500.0
initial_bad,adds_01,20200813-subject-02/20200813_152215,8,fp,426,32800.0
initial_bad,adds_01,20200813-subject-02/20200813_152513,9,residual,365,34800.0
initial_bad,adds_01,20200813-subject-02/20200813_152513,9,s0_l1,365,34400.0
initial_bad,adds_01,20200813-subject-02/20200813_152513,9,s0_l0,365,34400.0
initial_bad,adds_01,20200813-subject-02/20200813_152513,9,s1_l1,365,34500.0
initial_bad,adds_01,20200813-subject-02/20200813_152513,9,s1_l0,365,34500.0
initial_bad,adds_01,20200813-subject-02/20200813_152513,9,fp,365,25500.0
initial_bad,adds_01,20200813-subject-02/20200813_152842,10,residual,276,25800.0
initial_bad,adds_01,20200813-subject-02/20200813_152842,10,s0_l1,276,26000.0
initial_bad,adds_01,20200813-subject-02/20200813_152842,10,s0_l0,276,25700.0
initial_bad,adds_01,20200813-subject-02/20200813_152842,10,s1_l1,276,25800.0
initial_bad,adds_01,20200813-subject-02/20200813_152842,10,s1_l0,276,25700.0
initial_bad,adds_01,20200813-subject-02/20200813_152842,10,fp,276,21100.0
initial_bad,adds_01,20200813-subject-02/20200813_153453,12,residual,213,20000.0
initial_bad,adds_01,20200813-subject-02/20200813_153453,12,s0_l1,213,21200.0
initial_bad,adds_01,20200813-subject-02/20200813_153453,12,s0_l0,213,21200.0
initial_bad,adds_01,20200813-subject-02/20200813_153453,12,s1_l1,213,21200.0
initial_bad,adds_01,20200813-subject-02/20200813_153453,12,s1_l0,213,21200.0
initial_bad,adds_01,20200813-subject-02/20200813_153453,12,fp,213,21200.0
initial_bad,adds_01,20200813-subject-02/20200813_153802,13,residual,213,17200.0
initial_bad,adds_01,20200813-subject-02/20200813_153802,13,s0_l1,213,17200.0
initial_bad,adds_01,20200813-subject-02/20200813_153802,13,s0_l0,213,17200.0
initial_bad,adds_01,20200813-subject-02/20200813_153802,13,s1_l1,213,17200.0
initial_bad,adds_01,20200813-subject-02/20200813_153802,13,s1_l0,213,17200.0
initial_bad,adds_01,20200813-subject-02/20200813_153802,13,fp,213,16000.0
initial_bad,adds_01,20200813-subject-02/20200813_154103,14,residual,292,29200.0
initial_bad,adds_01,20200813-subject-02/20200813_154103,14,s0_l1,292,29200.0
initial_bad,adds_01,20200813-subject-02/20200813_154103,14,s0_l0,292,29200.0
initial_bad,adds_01,20200813-subject-02/20200813_154103,14,s1_l1,292,29200.0
initial_bad,adds_01,20200813-subject-02/20200813_154103,14,s1_l0,292,29200.0
initial_bad,adds_01,20200813-subject-02/20200813_154103,14,fp,292,16900.0
initial_bad,adds_01,20200813-subject-02/20200813_154408,15,residual,201,20000.0
initial_bad,adds_01,20200813-subject-02/20200813_154408,15,s0_l1,201,19900.0
initial_bad,adds_01,20200813-subject-02/20200813_154408,15,s0_l0,201,19900.0
initial_bad,adds_01,20200813-subject-02/20200813_154408,15,s1_l1,201,19900.0
initial_bad,adds_01,20200813-subject-02/20200813_154408,15,s1_l0,201,19800.0
initial_bad,adds_01,20200813-subject-02/20200813_154408,15,fp,201,19100.0
initial_bad,adds_01,20200813-subject-02/20200813_154729,16,residual,71,7100.0
initial_bad,adds_01,20200813-subject-02/20200813_154729,16,s0_l1,71,7100.0
initial_bad,adds_01,20200813-subject-02/20200813_154729,16,s0_l0,71,7100.0
initial_bad,adds_01,20200813-subject-02/20200813_154729,16,s1_l1,71,7100.0
initial_bad,adds_01,20200813-subject-02/20200813_154729,16,s1_l0,71,7100.0
initial_bad,adds_01,20200813-subject-02/20200813_154729,16,fp,71,7100.0
initial_bad,adds_01,20200813-subject-02/20200813_155021,17,residual,499,38300.0
initial_bad,adds_01,20200813-subject-02/20200813_155021,17,s0_l1,499,34200.0
initial_bad,adds_01,20200813-subject-02/20200813_155021,17,s0_l0,499,34600.0
initial_bad,adds_01,20200813-subject-02/20200813_155021,17,s1_l1,499,34900.0
initial_bad,adds_01,20200813-subject-02/20200813_155021,17,s1_l0,499,34100.0
initial_bad,adds_01,20200813-subject-02/20200813_155021,17,fp,499,13000.0
initial_bad,adds_01,20200813-subject-02/20200813_155314,18,residual,409,35600.0
initial_bad,adds_01,20200813-subject-02/20200813_155314,18,s0_l1,409,35700.0
initial_bad,adds_01,20200813-subject-02/20200813_155314,18,s0_l0,409,35500.0
initial_bad,adds_01,20200813-subject-02/20200813_155314,18,s1_l1,409,34100.0
initial_bad,adds_01,20200813-subject-02/20200813_155314,18,s1_l0,409,34900.0
initial_bad,adds_01,20200813-subject-02/20200813_155314,18,fp,409,14300.0
initial_bad,adds_01,20200813-subject-02/20200813_155633,20,residual,213,20700.0
initial_bad,adds_01,20200813-subject-02/20200813_155633,20,s0_l1,213,20800.0
initial_bad,adds_01,20200813-subject-02/20200813_155633,20,s0_l0,213,20800.0
initial_bad,adds_01,20200813-subject-02/20200813_155633,20,s1_l1,213,20700.0
initial_bad,adds_01,20200813-subject-02/20200813_155633,20,s1_l0,213,20700.0
initial_bad,adds_01,20200813-subject-02/20200813_155633,20,fp,213,17200.0
initial_bad,adds_01,20200813-subject-02/20200813_155953,21,residual,511,49700.0
initial_bad,adds_01,20200813-subject-02/20200813_155953,21,s0_l1,511,50500.0
initial_bad,adds_01,20200813-subject-02/20200813_155953,21,s0_l0,511,50200.0
initial_bad,adds_01,20200813-subject-02/20200813_155953,21,s1_l1,511,50400.0
initial_bad,adds_01,20200813-subject-02/20200813_155953,21,s1_l0,511,50500.0
initial_bad,adds_01,20200813-subject-02/20200813_155953,21,fp,511,21400.0
initial_bad,rotation_deg,20200709-subject-01/20200709_142123,1,residual,219,15882.708885192871
initial_bad,rotation_deg,20200709-subject-01/20200709_142123,1,s0_l1,219,15968.298446178436
initial_bad,rotation_deg,20200709-subject-01/20200709_142123,1,s0_l0,219,15846.932721138
initial_bad,rotation_deg,20200709-subject-01/20200709_142123,1,s1_l1,219,15850.341264247894
initial_bad,rotation_deg,20200709-subject-01/20200709_142123,1,s1_l0,219,15745.850120544434
initial_bad,rotation_deg,20200709-subject-01/20200709_142123,1,fp,219,14135.574128627777
initial_bad,rotation_deg,20200709-subject-01/20200709_142446,2,residual,355,7226.986520200968
initial_bad,rotation_deg,20200709-subject-01/20200709_142446,2,s0_l1,355,7217.328912675381
initial_bad,rotation_deg,20200709-subject-01/20200709_142446,2,s0_l0,355,7225.705274224281
initial_bad,rotation_deg,20200709-subject-01/20200709_142446,2,s1_l1,355,7210.324911415577
initial_bad,rotation_deg,20200709-subject-01/20200709_142446,2,s1_l0,355,7211.823986202478
initial_bad,rotation_deg,20200709-subject-01/20200709_142446,2,fp,355,7236.880570232868
initial_bad,rotation_deg,20200709-subject-01/20200709_142802,3,residual,142,11569.400074124336
initial_bad,rotation_deg,20200709-subject-01/20200709_142802,3,s0_l1,142,11609.191323935986
initial_bad,rotation_deg,20200709-subject-01/20200709_142802,3,s0_l0,142,11659.726786255836
initial_bad,rotation_deg,20200709-subject-01/20200709_142802,3,s1_l1,142,11678.492168366909
initial_bad,rotation_deg,20200709-subject-01/20200709_142802,3,s1_l0,142,11665.813475966454
initial_bad,rotation_deg,20200709-subject-01/20200709_142802,3,fp,142,11173.206310033798
initial_bad,rotation_deg,20200709-subject-01/20200709_143125,4,residual,284,19471.405779838562
initial_bad,rotation_deg,20200709-subject-01/20200709_143125,4,s0_l1,284,20282.05277633667
initial_bad,rotation_deg,20200709-subject-01/20200709_143125,4,s0_l0,284,20184.91820526123
initial_bad,rotation_deg,20200709-subject-01/20200709_143125,4,s1_l1,284,19852.592999458313
initial_bad,rotation_deg,20200709-subject-01/20200709_143125,4,s1_l0,284,19747.72727203369
initial_bad,rotation_deg,20200709-subject-01/20200709_143125,4,fp,284,12872.53414440155
initial_bad,rotation_deg,20200709-subject-01/20200709_143531,5,residual,269,10084.443985760212
initial_bad,rotation_deg,20200709-subject-01/20200709_143531,5,s0_l1,269,11337.66343230009
initial_bad,rotation_deg,20200709-subject-01/20200709_143531,5,s0_l0,269,12469.219600081444
initial_bad,rotation_deg,20200709-subject-01/20200709_143531,5,s1_l1,269,11355.586374998093
initial_bad,rotation_deg,20200709-subject-01/20200709_143531,5,s1_l0,269,11355.111118972301
initial_bad,rotation_deg,20200709-subject-01/20200709_143531,5,fp,269,10250.701278477907
initial_bad,rotation_deg,20200709-subject-01/20200709_143907,6,residual,355,17957.324994564056
initial_bad,rotation_deg,20200709-subject-01/20200709_143907,6,s0_l1,355,17984.665165424347
initial_bad,rotation_deg,20200709-subject-01/20200709_143907,6,s0_l0,355,17948.25257372856
initial_bad,rotation_deg,20200709-subject-01/20200709_143907,6,s1_l1,355,17942.005868196487
initial_bad,rotation_deg,20200709-subject-01/20200709_143907,6,s1_l0,355,17718.702387094498
initial_bad,rotation_deg,20200709-subject-01/20200709_143907,6,fp,355,18467.962337970734
initial_bad,rotation_deg,20200709-subject-01/20200709_144313,7,residual,377,11477.960792899132
initial_bad,rotation_deg,20200709-subject-01/20200709_144313,7,s0_l1,377,11497.157619535923
initial_bad,rotation_deg,20200709-subject-01/20200709_144313,7,s0_l0,377,11486.434777975082
initial_bad,rotation_deg,20200709-subject-01/20200709_144313,7,s1_l1,377,11509.10387289524
initial_bad,rotation_deg,20200709-subject-01/20200709_144313,7,s1_l0,377,11477.931262731552
initial_bad,rotation_deg,20200709-subject-01/20200709_144313,7,fp,377,11787.388469099998
initial_bad,rotation_deg,20200709-subject-01/20200709_144735,8,residual,497,8815.61471915245
initial_bad,rotation_deg,20200709-subject-01/20200709_144735,8,s0_l1,497,4003.213713645935
initial_bad,rotation_deg,20200709-subject-01/20200709_144735,8,s0_l0,497,3966.547822356224
initial_bad,rotation_deg,20200709-subject-01/20200709_144735,8,s1_l1,497,3994.090893983841
initial_bad,rotation_deg,20200709-subject-01/20200709_144735,8,s1_l0,497,3964.6711931228638
initial_bad,rotation_deg,20200709-subject-01/20200709_144735,8,fp,497,2813.3109187483788
initial_bad,rotation_deg,20200709-subject-01/20200709_145132,9,residual,365,2830.5677854418755
initial_bad,rotation_deg,20200709-subject-01/20200709_145132,9,s0_l1,365,2929.825729906559
initial_bad,rotation_deg,20200709-subject-01/20200709_145132,9,s0_l0,365,2905.8422429561615
initial_bad,rotation_deg,20200709-subject-01/20200709_145132,9,s1_l1,365,2974.1747663021088
initial_bad,rotation_deg,20200709-subject-01/20200709_145132,9,s1_l0,365,2942.0114991664886
initial_bad,rotation_deg,20200709-subject-01/20200709_145132,9,fp,365,2384.9005059301853
initial_bad,rotation_deg,20200709-subject-01/20200709_145743,10,residual,355,4648.8962153196335
initial_bad,rotation_deg,20200709-subject-01/20200709_145743,10,s0_l1,355,5106.6040424108505
initial_bad,rotation_deg,20200709-subject-01/20200709_145743,10,s0_l0,355,5133.275514006615
initial_bad,rotation_deg,20200709-subject-01/20200709_145743,10,s1_l1,355,5248.039717912674
initial_bad,rotation_deg,20200709-subject-01/20200709_145743,10,s1_l0,355,5134.303173542023
initial_bad,rotation_deg,20200709-subject-01/20200709_145743,10,fp,355,13822.681331276894
initial_bad,rotation_deg,20200709-subject-01/20200709_150144,11,residual,142,1525.3706795573235
initial_bad,rotation_deg,20200709-subject-01/20200709_150144,11,s0_l1,142,1474.4873697459698
initial_bad,rotation_deg,20200709-subject-01/20200709_150144,11,s0_l0,142,1469.4544221758842
initial_bad,rotation_deg,20200709-subject-01/20200709_150144,11,s1_l1,142,1457.7978233397007
initial_bad,rotation_deg,20200709-subject-01/20200709_150144,11,s1_l0,142,1426.9165017008781
initial_bad,rotation_deg,20200709-subject-01/20200709_150144,11,fp,142,870.5482449531555
initial_bad,rotation_deg,20200709-subject-01/20200709_150524,12,residual,213,12393.544713318348
initial_bad,rotation_deg,20200709-subject-01/20200709_150524,12,s0_l1,213,12366.700894892216
initial_bad,rotation_deg,20200709-subject-01/20200709_150524,12,s0_l0,213,12379.662512719631
initial_bad,rotation_deg,20200709-subject-01/20200709_150524,12,s1_l1,213,12369.100426197052
initial_bad,rotation_deg,20200709-subject-01/20200709_150524,12,s1_l0,213,12371.051443517208
initial_bad,rotation_deg,20200709-subject-01/20200709_150524,12,fp,213,8802.511883974075
initial_bad,rotation_deg,20200709-subject-01/20200709_150906,13,residual,219,4602.128613471985
initial_bad,rotation_deg,20200709-subject-01/20200709_150906,13,s0_l1,219,4569.69912481308
initial_bad,rotation_deg,20200709-subject-01/20200709_150906,13,s0_l0,219,4508.327959775925
initial_bad,rotation_deg,20200709-subject-01/20200709_150906,13,s1_l1,219,4799.494153618813
initial_bad,rotation_deg,20200709-subject-01/20200709_150906,13,s1_l0,219,4765.05010676384
initial_bad,rotation_deg,20200709-subject-01/20200709_150906,13,fp,219,12645.750838279724
initial_bad,rotation_deg,20200709-subject-01/20200709_151246,14,residual,174,4108.623329311609
initial_bad,rotation_deg,20200709-subject-01/20200709_151246,14,s0_l1,174,3707.8352580964565
initial_bad,rotation_deg,20200709-subject-01/20200709_151246,14,s0_l0,174,3724.7153896689415
initial_bad,rotation_deg,20200709-subject-01/20200709_151246,14,s1_l1,174,3804.8623324632645
initial_bad,rotation_deg,20200709-subject-01/20200709_151246,14,s1_l0,174,3866.977756857872
initial_bad,rotation_deg,20200709-subject-01/20200709_151246,14,fp,174,1514.1439414024353
initial_bad,rotation_deg,20200709-subject-01/20200709_151632,15,residual,213,980.8140196800232
initial_bad,rotation_deg,20200709-subject-01/20200709_151632,15,s0_l1,213,1008.3821165561676
initial_bad,rotation_deg,20200709-subject-01/20200709_151632,15,s0_l0,213,999.6964723467827
initial_bad,rotation_deg,20200709-subject-01/20200709_151632,15,s1_l1,213,1039.6122044324875
initial_bad,rotation_deg,20200709-subject-01/20200709_151632,15,s1_l0,213,1031.282852590084
initial_bad,rotation_deg,20200709-subject-01/20200709_151632,15,fp,213,640.2552495598793
initial_bad,rotation_deg,20200709-subject-01/20200709_151948,16,residual,142,13029.889869213104
initial_bad,rotation_deg,20200709-subject-01/20200709_151948,16,s0_l1,142,13010.908279418945
initial_bad,rotation_deg,20200709-subject-01/20200709_151948,16,s0_l0,142,13014.565059185028
initial_bad,rotation_deg,20200709-subject-01/20200709_151948,16,s1_l1,142,13007.837748527527
initial_bad,rotation_deg,20200709-subject-01/20200709_151948,16,s1_l0,142,13001.628270149231
initial_bad,rotation_deg,20200709-subject-01/20200709_151948,16,fp,142,12923.588862419128
initial_bad,rotation_deg,20200709-subject-01/20200709_152420,17,residual,438,31720.27773463726
initial_bad,rotation_deg,20200709-subject-01/20200709_152420,17,s0_l1,438,31881.167849302292
initial_bad,rotation_deg,20200709-subject-01/20200709_152420,17,s0_l0,438,31872.31344985962
initial_bad,rotation_deg,20200709-subject-01/20200709_152420,17,s1_l1,438,31958.0829488039
initial_bad,rotation_deg,20200709-subject-01/20200709_152420,17,s1_l0,438,32111.443116664886
initial_bad,rotation_deg,20200709-subject-01/20200709_152420,17,fp,438,30881.827924489975
initial_bad,rotation_deg,20200709-subject-01/20200709_152757,18,residual,500,28091.61042881012
initial_bad,rotation_deg,20200709-subject-01/20200709_152757,18,s0_l1,500,26132.60385811329
initial_bad,rotation_deg,20200709-subject-01/20200709_152757,18,s0_l0,500,25369.01423895359
initial_bad,rotation_deg,20200709-subject-01/20200709_152757,18,s1_l1,500,25343.369014263153
initial_bad,rotation_deg,20200709-subject-01/20200709_152757,18,s1_l0,500,25371.60205769539
initial_bad,rotation_deg,20200709-subject-01/20200709_152757,18,fp,500,22532.626861333847
initial_bad,rotation_deg,20200709-subject-01/20200709_153148,20,residual,517,57582.06283688545
initial_bad,rotation_deg,20200709-subject-01/20200709_153148,20,s0_l1,517,57284.63977575302
initial_bad,rotation_deg,20200709-subject-01/20200709_153148,20,s0_l0,517,57272.81426239014
initial_bad,rotation_deg,20200709-subject-01/20200709_153148,20,s1_l1,517,57325.50432062149
initial_bad,rotation_deg,20200709-subject-01/20200709_153148,20,s1_l0,517,57407.531539440155
initial_bad,rotation_deg,20200709-subject-01/20200709_153148,20,fp,517,54359.607186198235
initial_bad,rotation_deg,20200709-subject-01/20200709_153548,21,residual,426,43534.310854673386
initial_bad,rotation_deg,20200709-subject-01/20200709_153548,21,s0_l1,426,44423.838238716125
initial_bad,rotation_deg,20200709-subject-01/20200709_153548,21,s0_l0,426,44416.17585337162
initial_bad,rotation_deg,20200709-subject-01/20200709_153548,21,s1_l1,426,44450.95271110535
initial_bad,rotation_deg,20200709-subject-01/20200709_153548,21,s1_l0,426,44489.376945495605
initial_bad,rotation_deg,20200709-subject-01/20200709_153548,21,fp,426,51297.90020906925
initial_bad,rotation_deg,20200813-subject-02/20200813_145920,2,residual,146,302.3519918322563
initial_bad,rotation_deg,20200813-subject-02/20200813_145920,2,s0_l1,146,310.0026854425669
initial_bad,rotation_deg,20200813-subject-02/20200813_145920,2,s0_l0,146,308.75928062200546
initial_bad,rotation_deg,20200813-subject-02/20200813_145920,2,s1_l1,146,306.2173697054386
initial_bad,rotation_deg,20200813-subject-02/20200813_145920,2,s1_l0,146,308.1418370306492
initial_bad,rotation_deg,20200813-subject-02/20200813_145920,2,fp,146,259.69202372431755
initial_bad,rotation_deg,20200813-subject-02/20200813_150228,3,residual,426,2961.6318856477737
initial_bad,rotation_deg,20200813-subject-02/20200813_150228,3,s0_l1,426,2765.611048310995
initial_bad,rotation_deg,20200813-subject-02/20200813_150228,3,s0_l0,426,2776.9126618504524
initial_bad,rotation_deg,20200813-subject-02/20200813_150228,3,s1_l1,426,2836.797415614128
initial_bad,rotation_deg,20200813-subject-02/20200813_150228,3,s1_l0,426,2825.5568805634975
initial_bad,rotation_deg,20200813-subject-02/20200813_150228,3,fp,426,4791.993298500776
initial_bad,rotation_deg,20200813-subject-02/20200813_150535,4,residual,292,5055.249232769012
initial_bad,rotation_deg,20200813-subject-02/20200813_150535,4,s0_l1,292,5188.767778873444
initial_bad,rotation_deg,20200813-subject-02/20200813_150535,4,s0_l0,292,5212.349817276001
initial_bad,rotation_deg,20200813-subject-02/20200813_150535,4,s1_l1,292,5116.013466358185
initial_bad,rotation_deg,20200813-subject-02/20200813_150535,4,s1_l0,292,5064.560712814331
initial_bad,rotation_deg,20200813-subject-02/20200813_150535,4,fp,292,3903.2563452124596
initial_bad,rotation_deg,20200813-subject-02/20200813_150823,5,residual,213,1977.806439101696
initial_bad,rotation_deg,20200813-subject-02/20200813_150823,5,s0_l1,213,1823.1507131457329
initial_bad,rotation_deg,20200813-subject-02/20200813_150823,5,s0_l0,213,1879.1351704001427
initial_bad,rotation_deg,20200813-subject-02/20200813_150823,5,s1_l1,213,1828.7134414613247
initial_bad,rotation_deg,20200813-subject-02/20200813_150823,5,s1_l0,213,1877.1103796064854
initial_bad,rotation_deg,20200813-subject-02/20200813_150823,5,fp,213,4270.56805741787
initial_bad,rotation_deg,20200813-subject-02/20200813_151117,6,residual,426,16989.658945560455
initial_bad,rotation_deg,20200813-subject-02/20200813_151117,6,s0_l1,426,9738.233882904053
initial_bad,rotation_deg,20200813-subject-02/20200813_151117,6,s0_l0,426,9806.040162801743
initial_bad,rotation_deg,20200813-subject-02/20200813_151117,6,s1_l1,426,9797.388616085052
initial_bad,rotation_deg,20200813-subject-02/20200813_151117,6,s1_l0,426,9962.994253635406
initial_bad,rotation_deg,20200813-subject-02/20200813_151117,6,fp,426,29306.62946945429
initial_bad,rotation_deg,20200813-subject-02/20200813_151925,7,residual,142,1176.6688121557236
initial_bad,rotation_deg,20200813-subject-02/20200813_151925,7,s0_l1,142,1170.7969760894775
initial_bad,rotation_deg,20200813-subject-02/20200813_151925,7,s0_l0,142,1182.6059277057648
initial_bad,rotation_deg,20200813-subject-02/20200813_151925,7,s1_l1,142,1157.5187007188797
initial_bad,rotation_deg,20200813-subject-02/20200813_151925,7,s1_l0,142,1168.7353539466858
initial_bad,rotation_deg,20200813-subject-02/20200813_151925,7,fp,142,3338.782478094101
initial_bad,rotation_deg,20200813-subject-02/20200813_152215,8,residual,426,3623.741176068783
initial_bad,rotation_deg,20200813-subject-02/20200813_152215,8,s0_l1,426,3520.1259437799454
initial_bad,rotation_deg,20200813-subject-02/20200813_152215,8,s0_l0,426,3536.3060607910156
initial_bad,rotation_deg,20200813-subject-02/20200813_152215,8,s1_l1,426,3520.1359109282494
initial_bad,rotation_deg,20200813-subject-02/20200813_152215,8,s1_l0,426,3530.346716940403
initial_bad,rotation_deg,20200813-subject-02/20200813_152215,8,fp,426,10605.601075947285
initial_bad,rotation_deg,20200813-subject-02/20200813_152513,9,residual,365,2654.4210599660873
initial_bad,rotation_deg,20200813-subject-02/20200813_152513,9,s0_l1,365,2632.460998892784
initial_bad,rotation_deg,20200813-subject-02/20200813_152513,9,s0_l0,365,2646.1962683200836
initial_bad,rotation_deg,20200813-subject-02/20200813_152513,9,s1_l1,365,2667.663794517517
initial_bad,rotation_deg,20200813-subject-02/20200813_152513,9,s1_l0,365,2669.6203845739365
initial_bad,rotation_deg,20200813-subject-02/20200813_152513,9,fp,365,9195.98878967762
initial_bad,rotation_deg,20200813-subject-02/20200813_152842,10,residual,276,3677.187595129013
initial_bad,rotation_deg,20200813-subject-02/20200813_152842,10,s0_l1,276,4041.2136791348457
initial_bad,rotation_deg,20200813-subject-02/20200813_152842,10,s0_l0,276,4021.5454993844032
initial_bad,rotation_deg,20200813-subject-02/20200813_152842,10,s1_l1,276,3999.7150287628174
initial_bad,rotation_deg,20200813-subject-02/20200813_152842,10,s1_l0,276,4005.152685880661
initial_bad,rotation_deg,20200813-subject-02/20200813_152842,10,fp,276,5613.856309473515
initial_bad,rotation_deg,20200813-subject-02/20200813_153453,12,residual,213,6186.983741760254
initial_bad,rotation_deg,20200813-subject-02/20200813_153453,12,s0_l1,213,5602.893161416054
initial_bad,rotation_deg,20200813-subject-02/20200813_153453,12,s0_l0,213,5535.253930151463
initial_bad,rotation_deg,20200813-subject-02/20200813_153453,12,s1_l1,213,5489.982437551022
initial_bad,rotation_deg,20200813-subject-02/20200813_153453,12,s1_l0,213,5554.4207444787025
initial_bad,rotation_deg,20200813-subject-02/20200813_153453,12,fp,213,2026.0490564107895
initial_bad,rotation_deg,20200813-subject-02/20200813_153802,13,residual,213,21244.06195831299
initial_bad,rotation_deg,20200813-subject-02/20200813_153802,13,s0_l1,213,23936.238639831543
initial_bad,rotation_deg,20200813-subject-02/20200813_153802,13,s0_l0,213,24134.556213378906
initial_bad,rotation_deg,20200813-subject-02/20200813_153802,13,s1_l1,213,23937.94034576416
initial_bad,rotation_deg,20200813-subject-02/20200813_153802,13,s1_l0,213,23725.302536010742
initial_bad,rotation_deg,20200813-subject-02/20200813_153802,13,fp,213,20404.380771636963
initial_bad,rotation_deg,20200813-subject-02/20200813_154103,14,residual,292,7205.50208234787
initial_bad,rotation_deg,20200813-subject-02/20200813_154103,14,s0_l1,292,6952.631724119186
initial_bad,rotation_deg,20200813-subject-02/20200813_154103,14,s0_l0,292,6924.664582252502
initial_bad,rotation_deg,20200813-subject-02/20200813_154103,14,s1_l1,292,6883.401599407196
initial_bad,rotation_deg,20200813-subject-02/20200813_154103,14,s1_l0,292,6861.645954966545
initial_bad,rotation_deg,20200813-subject-02/20200813_154103,14,fp,292,12106.729555606842
initial_bad,rotation_deg,20200813-subject-02/20200813_154408,15,residual,201,1954.6511199474335
initial_bad,rotation_deg,20200813-subject-02/20200813_154408,15,s0_l1,201,1901.1005246639252
initial_bad,rotation_deg,20200813-subject-02/20200813_154408,15,s0_l0,201,1903.7391474246979
initial_bad,rotation_deg,20200813-subject-02/20200813_154408,15,s1_l1,201,1935.6240820884705
initial_bad,rotation_deg,20200813-subject-02/20200813_154408,15,s1_l0,201,1918.6451079845428
initial_bad,rotation_deg,20200813-subject-02/20200813_154408,15,fp,201,1397.873633801937
initial_bad,rotation_deg,20200813-subject-02/20200813_154729,16,residual,71,12666.40087890625
initial_bad,rotation_deg,20200813-subject-02/20200813_154729,16,s0_l1,71,12660.969955444336
initial_bad,rotation_deg,20200813-subject-02/20200813_154729,16,s0_l0,71,12661.064315795898
initial_bad,rotation_deg,20200813-subject-02/20200813_154729,16,s1_l1,71,12669.188613891602
initial_bad,rotation_deg,20200813-subject-02/20200813_154729,16,s1_l0,71,12666.684341430664
initial_bad,rotation_deg,20200813-subject-02/20200813_154729,16,fp,71,12611.864852905273
initial_bad,rotation_deg,20200813-subject-02/20200813_155021,17,residual,499,46928.305805683136
initial_bad,rotation_deg,20200813-subject-02/20200813_155021,17,s0_l1,499,53362.72000217438
initial_bad,rotation_deg,20200813-subject-02/20200813_155021,17,s0_l0,499,53646.564898490906
initial_bad,rotation_deg,20200813-subject-02/20200813_155021,17,s1_l1,499,53649.56919646263
initial_bad,rotation_deg,20200813-subject-02/20200813_155021,17,s1_l0,499,53435.73742175102
initial_bad,rotation_deg,20200813-subject-02/20200813_155021,17,fp,499,50145.47417354584
initial_bad,rotation_deg,20200813-subject-02/20200813_155314,18,residual,409,29933.98536491394
initial_bad,rotation_deg,20200813-subject-02/20200813_155314,18,s0_l1,409,29539.134470939636
initial_bad,rotation_deg,20200813-subject-02/20200813_155314,18,s0_l0,409,29101.521458625793
initial_bad,rotation_deg,20200813-subject-02/20200813_155314,18,s1_l1,409,28730.418428182602
initial_bad,rotation_deg,20200813-subject-02/20200813_155314,18,s1_l0,409,31418.31941795349
initial_bad,rotation_deg,20200813-subject-02/20200813_155314,18,fp,409,36951.786657333374
initial_bad,rotation_deg,20200813-subject-02/20200813_155633,20,residual,213,13878.64566540718
initial_bad,rotation_deg,20200813-subject-02/20200813_155633,20,s0_l1,213,13892.055366516113
initial_bad,rotation_deg,20200813-subject-02/20200813_155633,20,s0_l0,213,13910.411713838577
initial_bad,rotation_deg,20200813-subject-02/20200813_155633,20,s1_l1,213,13901.668482124805
initial_bad,rotation_deg,20200813-subject-02/20200813_155633,20,s1_l0,213,13887.7463580966
initial_bad,rotation_deg,20200813-subject-02/20200813_155633,20,fp,213,11065.482201337814
initial_bad,rotation_deg,20200813-subject-02/20200813_155953,21,residual,511,55768.955729961395
initial_bad,rotation_deg,20200813-subject-02/20200813_155953,21,s0_l1,511,53299.83339190483
initial_bad,rotation_deg,20200813-subject-02/20200813_155953,21,s0_l0,511,53367.6711769104
initial_bad,rotation_deg,20200813-subject-02/20200813_155953,21,s1_l1,511,53341.20344853401
initial_bad,rotation_deg,20200813-subject-02/20200813_155953,21,s1_l0,511,55706.26535272598
initial_bad,rotation_deg,20200813-subject-02/20200813_155953,21,fp,511,56975.66132616997
initial_bad,center_mm,20200709-subject-01/20200709_142123,1,residual,219,1450.3817290067673
initial_bad,center_mm,20200709-subject-01/20200709_142123,1,s0_l1,219,1451.9483697414398
initial_bad,center_mm,20200709-subject-01/20200709_142123,1,s0_l0,219,1442.8387682437897
initial_bad,center_mm,20200709-subject-01/20200709_142123,1,s1_l1,219,1476.660636663437
initial_bad,center_mm,20200709-subject-01/20200709_142123,1,s1_l0,219,1462.9861950874329
initial_bad,center_mm,20200709-subject-01/20200709_142123,1,fp,219,1323.2228363752365
initial_bad,center_mm,20200709-subject-01/20200709_142446,2,residual,355,3575.769472807646
initial_bad,center_mm,20200709-subject-01/20200709_142446,2,s0_l1,355,3738.593664109707
initial_bad,center_mm,20200709-subject-01/20200709_142446,2,s0_l0,355,3776.9985608160496
initial_bad,center_mm,20200709-subject-01/20200709_142446,2,s1_l1,355,3767.4108816683292
initial_bad,center_mm,20200709-subject-01/20200709_142446,2,s1_l0,355,3776.9008950293064
initial_bad,center_mm,20200709-subject-01/20200709_142446,2,fp,355,4299.8384110331535
initial_bad,center_mm,20200709-subject-01/20200709_142802,3,residual,142,1117.989253282547
initial_bad,center_mm,20200709-subject-01/20200709_142802,3,s0_l1,142,1103.3812537193298
initial_bad,center_mm,20200709-subject-01/20200709_142802,3,s0_l0,142,1086.4423871040344
initial_bad,center_mm,20200709-subject-01/20200709_142802,3,s1_l1,142,1110.2660932540894
initial_bad,center_mm,20200709-subject-01/20200709_142802,3,s1_l0,142,1108.6195681095123
initial_bad,center_mm,20200709-subject-01/20200709_142802,3,fp,142,2973.987813949585
initial_bad,center_mm,20200709-subject-01/20200709_143125,4,residual,284,1094.594931781292
initial_bad,center_mm,20200709-subject-01/20200709_143125,4,s0_l1,284,1052.4388331770897
initial_bad,center_mm,20200709-subject-01/20200709_143125,4,s0_l0,284,1049.5449533462524
initial_bad,center_mm,20200709-subject-01/20200709_143125,4,s1_l1,284,1040.1976431012154
initial_bad,center_mm,20200709-subject-01/20200709_143125,4,s1_l0,284,1042.0900829136372
initial_bad,center_mm,20200709-subject-01/20200709_143125,4,fp,284,1666.003530204296
initial_bad,center_mm,20200709-subject-01/20200709_143531,5,residual,269,4213.0491998791695
initial_bad,center_mm,20200709-subject-01/20200709_143531,5,s0_l1,269,4533.0245814323425
initial_bad,center_mm,20200709-subject-01/20200709_143531,5,s0_l0,269,4420.284121632576
initial_bad,center_mm,20200709-subject-01/20200709_143531,5,s1_l1,269,4427.540894091129
initial_bad,center_mm,20200709-subject-01/20200709_143531,5,s1_l0,269,4523.405262768269
initial_bad,center_mm,20200709-subject-01/20200709_143531,5,fp,269,2724.5444643497467
initial_bad,center_mm,20200709-subject-01/20200709_143907,6,residual,355,2759.219935655594
initial_bad,center_mm,20200709-subject-01/20200709_143907,6,s0_l1,355,2936.6522394418716
initial_bad,center_mm,20200709-subject-01/20200709_143907,6,s0_l0,355,3074.8822660446167
initial_bad,center_mm,20200709-subject-01/20200709_143907,6,s1_l1,355,3181.6960377693176
initial_bad,center_mm,20200709-subject-01/20200709_143907,6,s1_l0,355,3211.234990119934
initial_bad,center_mm,20200709-subject-01/20200709_143907,6,fp,355,16241.993019282818
initial_bad,center_mm,20200709-subject-01/20200709_144313,7,residual,377,2713.3377858400345
initial_bad,center_mm,20200709-subject-01/20200709_144313,7,s0_l1,377,2719.956292927265
initial_bad,center_mm,20200709-subject-01/20200709_144313,7,s0_l0,377,2712.4327704310417
initial_bad,center_mm,20200709-subject-01/20200709_144313,7,s1_l1,377,2731.080343425274
initial_bad,center_mm,20200709-subject-01/20200709_144313,7,s1_l0,377,2720.1211631298065
initial_bad,center_mm,20200709-subject-01/20200709_144313,7,fp,377,8460.986189126968
initial_bad,center_mm,20200709-subject-01/20200709_144735,8,residual,497,4714.395387351513
initial_bad,center_mm,20200709-subject-01/20200709_144735,8,s0_l1,497,4113.248879671097
initial_bad,center_mm,20200709-subject-01/20200709_144735,8,s0_l0,497,4129.257300674915
initial_bad,center_mm,20200709-subject-01/20200709_144735,8,s1_l1,497,4292.925505638123
initial_bad,center_mm,20200709-subject-01/20200709_144735,8,s1_l0,497,4338.607927441597
initial_bad,center_mm,20200709-subject-01/20200709_144735,8,fp,497,3436.921164751053
initial_bad,center_mm,20200709-subject-01/20200709_145132,9,residual,365,2138.5684910416603
initial_bad,center_mm,20200709-subject-01/20200709_145132,9,s0_l1,365,2119.3604899048805
initial_bad,center_mm,20200709-subject-01/20200709_145132,9,s0_l0,365,2123.4684607982635
initial_bad,center_mm,20200709-subject-01/20200709_145132,9,s1_l1,365,2109.4649143218994
initial_bad,center_mm,20200709-subject-01/20200709_145132,9,s1_l0,365,2103.770160794258
initial_bad,center_mm,20200709-subject-01/20200709_145132,9,fp,365,1775.0456648468971
initial_bad,center_mm,20200709-subject-01/20200709_145743,10,residual,355,3929.336063861847
initial_bad,center_mm,20200709-subject-01/20200709_145743,10,s0_l1,355,4022.567196369171
initial_bad,center_mm,20200709-subject-01/20200709_145743,10,s0_l0,355,4084.6462666988373
initial_bad,center_mm,20200709-subject-01/20200709_145743,10,s1_l1,355,4094.314777493477
initial_bad,center_mm,20200709-subject-01/20200709_145743,10,s1_l0,355,4065.9244590997696
initial_bad,center_mm,20200709-subject-01/20200709_145743,10,fp,355,20870.14964580536
initial_bad,center_mm,20200709-subject-01/20200709_150144,11,residual,142,1082.4132478237152
initial_bad,center_mm,20200709-subject-01/20200709_150144,11,s0_l1,142,1086.2441095113754
initial_bad,center_mm,20200709-subject-01/20200709_150144,11,s0_l0,142,1085.7653012275696
initial_bad,center_mm,20200709-subject-01/20200709_150144,11,s1_l1,142,1085.16274112463
initial_bad,center_mm,20200709-subject-01/20200709_150144,11,s1_l0,142,1092.8738677501678
initial_bad,center_mm,20200709-subject-01/20200709_150144,11,fp,142,1176.9967222213745
initial_bad,center_mm,20200709-subject-01/20200709_150524,12,residual,213,2372.452684402466
initial_bad,center_mm,20200709-subject-01/20200709_150524,12,s0_l1,213,2345.0466495752335
initial_bad,center_mm,20200709-subject-01/20200709_150524,12,s0_l0,213,2352.19038772583
initial_bad,center_mm,20200709-subject-01/20200709_150524,12,s1_l1,213,2376.1585257053375
initial_bad,center_mm,20200709-subject-01/20200709_150524,12,s1_l0,213,2367.9088299274445
initial_bad,center_mm,20200709-subject-01/20200709_150524,12,fp,213,24086.321636795998
initial_bad,center_mm,20200709-subject-01/20200709_150906,13,residual,219,1403.38599473238
initial_bad,center_mm,20200709-subject-01/20200709_150906,13,s0_l1,219,1397.1869658827782
initial_bad,center_mm,20200709-subject-01/20200709_150906,13,s0_l0,219,1396.8630831837654
initial_bad,center_mm,20200709-subject-01/20200709_150906,13,s1_l1,219,1406.7278680801392
initial_bad,center_mm,20200709-subject-01/20200709_150906,13,s1_l0,219,1399.8322541713715
initial_bad,center_mm,20200709-subject-01/20200709_150906,13,fp,219,1045.610024034977
initial_bad,center_mm,20200709-subject-01/20200709_151246,14,residual,174,1420.026183128357
initial_bad,center_mm,20200709-subject-01/20200709_151246,14,s0_l1,174,1417.099002957344
initial_bad,center_mm,20200709-subject-01/20200709_151246,14,s0_l0,174,1416.6826698184013
initial_bad,center_mm,20200709-subject-01/20200709_151246,14,s1_l1,174,1427.7042449116707
initial_bad,center_mm,20200709-subject-01/20200709_151246,14,s1_l0,174,1438.1599788665771
initial_bad,center_mm,20200709-subject-01/20200709_151246,14,fp,174,1526.0371779203415
initial_bad,center_mm,20200709-subject-01/20200709_151632,15,residual,213,1609.625721693039
initial_bad,center_mm,20200709-subject-01/20200709_151632,15,s0_l1,213,1608.1168337464333
initial_bad,center_mm,20200709-subject-01/20200709_151632,15,s0_l0,213,1601.5509648025036
initial_bad,center_mm,20200709-subject-01/20200709_151632,15,s1_l1,213,1653.464675784111
initial_bad,center_mm,20200709-subject-01/20200709_151632,15,s1_l0,213,1647.1336427927017
initial_bad,center_mm,20200709-subject-01/20200709_151632,15,fp,213,2253.6473712921143
initial_bad,center_mm,20200709-subject-01/20200709_151948,16,residual,142,684.1993851065636
initial_bad,center_mm,20200709-subject-01/20200709_151948,16,s0_l1,142,689.7468295693398
initial_bad,center_mm,20200709-subject-01/20200709_151948,16,s0_l0,142,687.6284221410751
initial_bad,center_mm,20200709-subject-01/20200709_151948,16,s1_l1,142,690.477029979229
initial_bad,center_mm,20200709-subject-01/20200709_151948,16,s1_l0,142,691.0850660204887
initial_bad,center_mm,20200709-subject-01/20200709_151948,16,fp,142,963.002444088459
initial_bad,center_mm,20200709-subject-01/20200709_152420,17,residual,438,11625.69609451294
initial_bad,center_mm,20200709-subject-01/20200709_152420,17,s0_l1,438,10611.413406312466
initial_bad,center_mm,20200709-subject-01/20200709_152420,17,s0_l0,438,10550.47035843134
initial_bad,center_mm,20200709-subject-01/20200709_152420,17,s1_l1,438,10849.349551022053
initial_bad,center_mm,20200709-subject-01/20200709_152420,17,s1_l0,438,10847.853522121906
initial_bad,center_mm,20200709-subject-01/20200709_152420,17,fp,438,12414.914429664612
initial_bad,center_mm,20200709-subject-01/20200709_152757,18,residual,500,12524.19862139225
initial_bad,center_mm,20200709-subject-01/20200709_152757,18,s0_l1,500,5323.904481291771
initial_bad,center_mm,20200709-subject-01/20200709_152757,18,s0_l0,500,6012.938894152641
initial_bad,center_mm,20200709-subject-01/20200709_152757,18,s1_l1,500,5233.692237734795
initial_bad,center_mm,20200709-subject-01/20200709_152757,18,s1_l0,500,5269.236977815628
initial_bad,center_mm,20200709-subject-01/20200709_152757,18,fp,500,8154.045161485672
initial_bad,center_mm,20200709-subject-01/20200709_153148,20,residual,517,12802.56386423111
initial_bad,center_mm,20200709-subject-01/20200709_153148,20,s0_l1,517,13030.248213291168
initial_bad,center_mm,20200709-subject-01/20200709_153148,20,s0_l0,517,12978.32441163063
initial_bad,center_mm,20200709-subject-01/20200709_153148,20,s1_l1,517,13055.648573637009
initial_bad,center_mm,20200709-subject-01/20200709_153148,20,s1_l0,517,13022.100958108902
initial_bad,center_mm,20200709-subject-01/20200709_153148,20,fp,517,11973.51221203804
initial_bad,center_mm,20200709-subject-01/20200709_153548,21,residual,426,2672.395439505577
initial_bad,center_mm,20200709-subject-01/20200709_153548,21,s0_l1,426,2556.6500259041786
initial_bad,center_mm,20200709-subject-01/20200709_153548,21,s0_l0,426,2579.187665939331
initial_bad,center_mm,20200709-subject-01/20200709_153548,21,s1_l1,426,2527.6305605769157
initial_bad,center_mm,20200709-subject-01/20200709_153548,21,s1_l0,426,2526.2315245866776
initial_bad,center_mm,20200709-subject-01/20200709_153548,21,fp,426,8306.442165672779
initial_bad,center_mm,20200813-subject-02/20200813_145920,2,residual,146,686.3093424141407
initial_bad,center_mm,20200813-subject-02/20200813_145920,2,s0_l1,146,685.0867304205894
initial_bad,center_mm,20200813-subject-02/20200813_145920,2,s0_l0,146,682.9877508282661
initial_bad,center_mm,20200813-subject-02/20200813_145920,2,s1_l1,146,706.5762717723846
initial_bad,center_mm,20200813-subject-02/20200813_145920,2,s1_l0,146,708.5703393220901
initial_bad,center_mm,20200813-subject-02/20200813_145920,2,fp,146,811.1518306732178
initial_bad,center_mm,20200813-subject-02/20200813_150228,3,residual,426,2859.255655169487
initial_bad,center_mm,20200813-subject-02/20200813_150228,3,s0_l1,426,2632.5844238996506
initial_bad,center_mm,20200813-subject-02/20200813_150228,3,s0_l0,426,2640.6736449301243
initial_bad,center_mm,20200813-subject-02/20200813_150228,3,s1_l1,426,2628.4811882972717
initial_bad,center_mm,20200813-subject-02/20200813_150228,3,s1_l0,426,2650.57611900568
initial_bad,center_mm,20200813-subject-02/20200813_150228,3,fp,426,14015.367048740387
initial_bad,center_mm,20200813-subject-02/20200813_150535,4,residual,292,2470.4961692094803
initial_bad,center_mm,20200813-subject-02/20200813_150535,4,s0_l1,292,2244.8641999959946
initial_bad,center_mm,20200813-subject-02/20200813_150535,4,s0_l0,292,2288.0321845412254
initial_bad,center_mm,20200813-subject-02/20200813_150535,4,s1_l1,292,2251.7652066349983
initial_bad,center_mm,20200813-subject-02/20200813_150535,4,s1_l0,292,2274.972251057625
initial_bad,center_mm,20200813-subject-02/20200813_150535,4,fp,292,30722.765043973923
initial_bad,center_mm,20200813-subject-02/20200813_150823,5,residual,213,3019.704430580139
initial_bad,center_mm,20200813-subject-02/20200813_150823,5,s0_l1,213,3007.4905384778976
initial_bad,center_mm,20200813-subject-02/20200813_150823,5,s0_l0,213,2938.9785834550858
initial_bad,center_mm,20200813-subject-02/20200813_150823,5,s1_l1,213,2964.6823177337646
initial_bad,center_mm,20200813-subject-02/20200813_150823,5,s1_l0,213,2976.4796999692917
initial_bad,center_mm,20200813-subject-02/20200813_150823,5,fp,213,12663.150596141815
initial_bad,center_mm,20200813-subject-02/20200813_151117,6,residual,426,16979.73511993885
initial_bad,center_mm,20200813-subject-02/20200813_151117,6,s0_l1,426,2821.884312450886
initial_bad,center_mm,20200813-subject-02/20200813_151117,6,s0_l0,426,2819.549435287714
initial_bad,center_mm,20200813-subject-02/20200813_151117,6,s1_l1,426,2808.90311896801
initial_bad,center_mm,20200813-subject-02/20200813_151117,6,s1_l0,426,2814.116735637188
initial_bad,center_mm,20200813-subject-02/20200813_151117,6,fp,426,62485.558868288994
initial_bad,center_mm,20200813-subject-02/20200813_151925,7,residual,142,934.2952839434147
initial_bad,center_mm,20200813-subject-02/20200813_151925,7,s0_l1,142,834.7335715889931
initial_bad,center_mm,20200813-subject-02/20200813_151925,7,s0_l0,142,843.3845550715923
initial_bad,center_mm,20200813-subject-02/20200813_151925,7,s1_l1,142,842.7214615046978
initial_bad,center_mm,20200813-subject-02/20200813_151925,7,s1_l0,142,850.5900695621967
initial_bad,center_mm,20200813-subject-02/20200813_151925,7,fp,142,10433.446777582169
initial_bad,center_mm,20200813-subject-02/20200813_152215,8,residual,426,2170.4167337417603
initial_bad,center_mm,20200813-subject-02/20200813_152215,8,s0_l1,426,2050.242527484894
initial_bad,center_mm,20200813-subject-02/20200813_152215,8,s0_l0,426,2058.184320986271
initial_bad,center_mm,20200813-subject-02/20200813_152215,8,s1_l1,426,2069.2315680980682
initial_bad,center_mm,20200813-subject-02/20200813_152215,8,s1_l0,426,2081.798392057419
initial_bad,center_mm,20200813-subject-02/20200813_152215,8,fp,426,24733.077372550964
initial_bad,center_mm,20200813-subject-02/20200813_152513,9,residual,365,3364.7431148290634
initial_bad,center_mm,20200813-subject-02/20200813_152513,9,s0_l1,365,3385.3338829874992
initial_bad,center_mm,20200813-subject-02/20200813_152513,9,s0_l0,365,3355.9800386428833
initial_bad,center_mm,20200813-subject-02/20200813_152513,9,s1_l1,365,3376.9007190465927
initial_bad,center_mm,20200813-subject-02/20200813_152513,9,s1_l0,365,3354.1189883947372
initial_bad,center_mm,20200813-subject-02/20200813_152513,9,fp,365,35334.70376068354
initial_bad,center_mm,20200813-subject-02/20200813_152842,10,residual,276,4330.007599592209
initial_bad,center_mm,20200813-subject-02/20200813_152842,10,s0_l1,276,4285.322768181562
initial_bad,center_mm,20200813-subject-02/20200813_152842,10,s0_l0,276,4371.5849147439
initial_bad,center_mm,20200813-subject-02/20200813_152842,10,s1_l1,276,4375.948033839464
initial_bad,center_mm,20200813-subject-02/20200813_152842,10,s1_l0,276,4409.881172031164
initial_bad,center_mm,20200813-subject-02/20200813_152842,10,fp,276,12088.332042455673
initial_bad,center_mm,20200813-subject-02/20200813_153453,12,residual,213,3407.881707906723
initial_bad,center_mm,20200813-subject-02/20200813_153453,12,s0_l1,213,2733.355644583702
initial_bad,center_mm,20200813-subject-02/20200813_153453,12,s0_l0,213,2783.3761090636253
initial_bad,center_mm,20200813-subject-02/20200813_153453,12,s1_l1,213,2799.8164016008377
initial_bad,center_mm,20200813-subject-02/20200813_153453,12,s1_l0,213,2788.908714681864
initial_bad,center_mm,20200813-subject-02/20200813_153453,12,fp,213,3199.151154279709
initial_bad,center_mm,20200813-subject-02/20200813_153802,13,residual,213,5698.26460647583
initial_bad,center_mm,20200813-subject-02/20200813_153802,13,s0_l1,213,5672.935842335224
initial_bad,center_mm,20200813-subject-02/20200813_153802,13,s0_l0,213,5773.25608330965
initial_bad,center_mm,20200813-subject-02/20200813_153802,13,s1_l1,213,5663.788947492838
initial_bad,center_mm,20200813-subject-02/20200813_153802,13,s1_l0,213,5727.1722675561905
initial_bad,center_mm,20200813-subject-02/20200813_153802,13,fp,213,11636.76274394989
initial_bad,center_mm,20200813-subject-02/20200813_154103,14,residual,292,2382.343862235546
initial_bad,center_mm,20200813-subject-02/20200813_154103,14,s0_l1,292,2373.093971788883
initial_bad,center_mm,20200813-subject-02/20200813_154103,14,s0_l0,292,2370.307341694832
initial_bad,center_mm,20200813-subject-02/20200813_154103,14,s1_l1,292,2419.7164055109024
initial_bad,center_mm,20200813-subject-02/20200813_154103,14,s1_l0,292,2408.651950776577
initial_bad,center_mm,20200813-subject-02/20200813_154103,14,fp,292,28388.272849440575
initial_bad,center_mm,20200813-subject-02/20200813_154408,15,residual,201,2821.758262872696
initial_bad,center_mm,20200813-subject-02/20200813_154408,15,s0_l1,201,2908.8895540237427
initial_bad,center_mm,20200813-subject-02/20200813_154408,15,s0_l0,201,2919.785768508911
initial_bad,center_mm,20200813-subject-02/20200813_154408,15,s1_l1,201,2951.7615094184875
initial_bad,center_mm,20200813-subject-02/20200813_154408,15,s1_l0,201,2970.1027764081955
initial_bad,center_mm,20200813-subject-02/20200813_154408,15,fp,201,3190.019724369049
initial_bad,center_mm,20200813-subject-02/20200813_154729,16,residual,71,457.79766750335693
initial_bad,center_mm,20200813-subject-02/20200813_154729,16,s0_l1,71,466.8974688053131
initial_bad,center_mm,20200813-subject-02/20200813_154729,16,s0_l0,71,463.04029989242554
initial_bad,center_mm,20200813-subject-02/20200813_154729,16,s1_l1,71,473.16397285461426
initial_bad,center_mm,20200813-subject-02/20200813_154729,16,s1_l0,71,475.3717864751816
initial_bad,center_mm,20200813-subject-02/20200813_154729,16,fp,71,377.50591492652893
initial_bad,center_mm,20200813-subject-02/20200813_155021,17,residual,499,17465.478612303734
initial_bad,center_mm,20200813-subject-02/20200813_155021,17,s0_l1,499,38661.90360856056
initial_bad,center_mm,20200813-subject-02/20200813_155021,17,s0_l0,499,38438.299397706985
initial_bad,center_mm,20200813-subject-02/20200813_155021,17,s1_l1,499,38655.72176146507
initial_bad,center_mm,20200813-subject-02/20200813_155021,17,s1_l0,499,39347.23435640335
initial_bad,center_mm,20200813-subject-02/20200813_155021,17,fp,499,96374.17726993561
initial_bad,center_mm,20200813-subject-02/20200813_155314,18,residual,409,5245.085244655609
initial_bad,center_mm,20200813-subject-02/20200813_155314,18,s0_l1,409,4807.63666677475
initial_bad,center_mm,20200813-subject-02/20200813_155314,18,s0_l0,409,4806.537482023239
initial_bad,center_mm,20200813-subject-02/20200813_155314,18,s1_l1,409,4931.394413471222
initial_bad,center_mm,20200813-subject-02/20200813_155314,18,s1_l0,409,4638.637010931969
initial_bad,center_mm,20200813-subject-02/20200813_155314,18,fp,409,86299.35384607315
initial_bad,center_mm,20200813-subject-02/20200813_155633,20,residual,213,4700.868403911591
initial_bad,center_mm,20200813-subject-02/20200813_155633,20,s0_l1,213,4675.07660651207
initial_bad,center_mm,20200813-subject-02/20200813_155633,20,s0_l0,213,4701.240275382996
initial_bad,center_mm,20200813-subject-02/20200813_155633,20,s1_l1,213,4636.551107406616
initial_bad,center_mm,20200813-subject-02/20200813_155633,20,s1_l0,213,4645.578835964203
initial_bad,center_mm,20200813-subject-02/20200813_155633,20,fp,213,4949.867645025253
initial_bad,center_mm,20200813-subject-02/20200813_155953,21,residual,511,4124.459523528814
initial_bad,center_mm,20200813-subject-02/20200813_155953,21,s0_l1,511,4353.045583665371
initial_bad,center_mm,20200813-subject-02/20200813_155953,21,s0_l0,511,4395.224086582661
initial_bad,center_mm,20200813-subject-02/20200813_155953,21,s1_l1,511,4405.145869672298
initial_bad,center_mm,20200813-subject-02/20200813_155953,21,s1_l0,511,4198.779225707054
initial_bad,center_mm,20200813-subject-02/20200813_155953,21,fp,511,88398.42133390903
asymmetric,add_01,20200709-subject-01/20200709_142446,2,residual,576,50000.0
asymmetric,add_01,20200709-subject-01/20200709_142446,2,s0_l1,576,50000.0
asymmetric,add_01,20200709-subject-01/20200709_142446,2,s0_l0,576,50000.0
asymmetric,add_01,20200709-subject-01/20200709_142446,2,s1_l1,576,50000.0
asymmetric,add_01,20200709-subject-01/20200709_142446,2,s1_l0,576,50000.0
asymmetric,add_01,20200709-subject-01/20200709_142446,2,fp,576,50000.0
asymmetric,add_01,20200709-subject-01/20200709_142802,3,residual,576,42900.0
asymmetric,add_01,20200709-subject-01/20200709_142802,3,s0_l1,576,42900.0
asymmetric,add_01,20200709-subject-01/20200709_142802,3,s0_l0,576,42900.0
asymmetric,add_01,20200709-subject-01/20200709_142802,3,s1_l1,576,42900.0
asymmetric,add_01,20200709-subject-01/20200709_142802,3,s1_l0,576,42900.0
asymmetric,add_01,20200709-subject-01/20200709_142802,3,fp,576,42900.0
asymmetric,add_01,20200709-subject-01/20200709_143125,4,residual,576,13200.0
asymmetric,add_01,20200709-subject-01/20200709_143125,4,s0_l1,576,12900.0
asymmetric,add_01,20200709-subject-01/20200709_143125,4,s0_l0,576,13000.0
asymmetric,add_01,20200709-subject-01/20200709_143125,4,s1_l1,576,13400.0
asymmetric,add_01,20200709-subject-01/20200709_143125,4,s1_l0,576,13400.0
asymmetric,add_01,20200709-subject-01/20200709_143125,4,fp,576,29400.0
asymmetric,add_01,20200709-subject-01/20200709_143531,5,residual,592,43300.0
asymmetric,add_01,20200709-subject-01/20200709_143531,5,s0_l1,592,43300.0
asymmetric,add_01,20200709-subject-01/20200709_143531,5,s0_l0,592,41800.0
asymmetric,add_01,20200709-subject-01/20200709_143531,5,s1_l1,592,43200.0
asymmetric,add_01,20200709-subject-01/20200709_143531,5,s1_l0,592,43200.0
asymmetric,add_01,20200709-subject-01/20200709_143531,5,fp,592,51100.0
asymmetric,add_01,20200709-subject-01/20200709_143907,6,residual,576,12000.0
asymmetric,add_01,20200709-subject-01/20200709_143907,6,s0_l1,576,10600.0
asymmetric,add_01,20200709-subject-01/20200709_143907,6,s0_l0,576,10000.0
asymmetric,add_01,20200709-subject-01/20200709_143907,6,s1_l1,576,10800.0
asymmetric,add_01,20200709-subject-01/20200709_143907,6,s1_l0,576,10900.0
asymmetric,add_01,20200709-subject-01/20200709_143907,6,fp,576,12100.0
asymmetric,add_01,20200709-subject-01/20200709_144313,7,residual,576,35200.0
asymmetric,add_01,20200709-subject-01/20200709_144313,7,s0_l1,576,35500.0
asymmetric,add_01,20200709-subject-01/20200709_144313,7,s0_l0,576,35500.0
asymmetric,add_01,20200709-subject-01/20200709_144313,7,s1_l1,576,35500.0
asymmetric,add_01,20200709-subject-01/20200709_144313,7,s1_l0,576,35500.0
asymmetric,add_01,20200709-subject-01/20200709_144313,7,fp,576,25900.0
asymmetric,add_01,20200709-subject-01/20200709_144735,8,residual,576,38700.0
asymmetric,add_01,20200709-subject-01/20200709_144735,8,s0_l1,576,44800.0
asymmetric,add_01,20200709-subject-01/20200709_144735,8,s0_l0,576,45200.0
asymmetric,add_01,20200709-subject-01/20200709_144735,8,s1_l1,576,43900.0
asymmetric,add_01,20200709-subject-01/20200709_144735,8,s1_l0,576,44200.0
asymmetric,add_01,20200709-subject-01/20200709_144735,8,fp,576,49900.0
asymmetric,add_01,20200709-subject-01/20200709_145132,9,residual,592,57000.0
asymmetric,add_01,20200709-subject-01/20200709_145132,9,s0_l1,592,56200.0
asymmetric,add_01,20200709-subject-01/20200709_145132,9,s0_l0,592,56100.0
asymmetric,add_01,20200709-subject-01/20200709_145132,9,s1_l1,592,55900.0
asymmetric,add_01,20200709-subject-01/20200709_145132,9,s1_l0,592,56000.0
asymmetric,add_01,20200709-subject-01/20200709_145132,9,fp,592,56600.0
asymmetric,add_01,20200709-subject-01/20200709_145743,10,residual,576,47900.0
asymmetric,add_01,20200709-subject-01/20200709_145743,10,s0_l1,576,47800.0
asymmetric,add_01,20200709-subject-01/20200709_145743,10,s0_l0,576,47800.0
asymmetric,add_01,20200709-subject-01/20200709_145743,10,s1_l1,576,47200.0
asymmetric,add_01,20200709-subject-01/20200709_145743,10,s1_l0,576,47400.0
asymmetric,add_01,20200709-subject-01/20200709_145743,10,fp,576,42600.0
asymmetric,add_01,20200709-subject-01/20200709_150144,11,residual,576,47400.0
asymmetric,add_01,20200709-subject-01/20200709_150144,11,s0_l1,576,47200.0
asymmetric,add_01,20200709-subject-01/20200709_150144,11,s0_l0,576,47200.0
asymmetric,add_01,20200709-subject-01/20200709_150144,11,s1_l1,576,47000.0
asymmetric,add_01,20200709-subject-01/20200709_150144,11,s1_l0,576,46900.0
asymmetric,add_01,20200709-subject-01/20200709_150144,11,fp,576,45400.0
asymmetric,add_01,20200709-subject-01/20200709_150524,12,residual,576,46500.0
asymmetric,add_01,20200709-subject-01/20200709_150524,12,s0_l1,576,46600.0
asymmetric,add_01,20200709-subject-01/20200709_150524,12,s0_l0,576,46600.0
asymmetric,add_01,20200709-subject-01/20200709_150524,12,s1_l1,576,46600.0
asymmetric,add_01,20200709-subject-01/20200709_150524,12,s1_l0,576,46600.0
asymmetric,add_01,20200709-subject-01/20200709_150524,12,fp,576,46100.0
asymmetric,add_01,20200709-subject-01/20200709_151246,14,residual,592,32400.0
asymmetric,add_01,20200709-subject-01/20200709_151246,14,s0_l1,592,30600.0
asymmetric,add_01,20200709-subject-01/20200709_151246,14,s0_l0,592,30800.0
asymmetric,add_01,20200709-subject-01/20200709_151246,14,s1_l1,592,31100.0
asymmetric,add_01,20200709-subject-01/20200709_151246,14,s1_l0,592,31200.0
asymmetric,add_01,20200709-subject-01/20200709_151246,14,fp,592,21100.0
asymmetric,add_01,20200709-subject-01/20200709_151632,15,residual,576,56600.0
asymmetric,add_01,20200709-subject-01/20200709_151632,15,s0_l1,576,56500.0
asymmetric,add_01,20200709-subject-01/20200709_151632,15,s0_l0,576,56500.0
asymmetric,add_01,20200709-subject-01/20200709_151632,15,s1_l1,576,56100.0
asymmetric,add_01,20200709-subject-01/20200709_151632,15,s1_l0,576,56200.0
asymmetric,add_01,20200709-subject-01/20200709_151632,15,fp,576,55200.0
asymmetric,add_01,20200709-subject-01/20200709_152420,17,residual,592,29200.0
asymmetric,add_01,20200709-subject-01/20200709_152420,17,s0_l1,592,29700.0
asymmetric,add_01,20200709-subject-01/20200709_152420,17,s0_l0,592,29600.0
asymmetric,add_01,20200709-subject-01/20200709_152420,17,s1_l1,592,28700.0
asymmetric,add_01,20200709-subject-01/20200709_152420,17,s1_l0,592,28800.0
asymmetric,add_01,20200709-subject-01/20200709_152420,17,fp,592,33900.0
asymmetric,add_01,20200813-subject-02/20200813_145920,2,residual,592,59000.0
asymmetric,add_01,20200813-subject-02/20200813_145920,2,s0_l1,592,59000.0
asymmetric,add_01,20200813-subject-02/20200813_145920,2,s0_l0,592,59000.0
asymmetric,add_01,20200813-subject-02/20200813_145920,2,s1_l1,592,59000.0
asymmetric,add_01,20200813-subject-02/20200813_145920,2,s1_l0,592,59000.0
asymmetric,add_01,20200813-subject-02/20200813_145920,2,fp,592,58800.0
asymmetric,add_01,20200813-subject-02/20200813_150228,3,residual,576,54000.0
asymmetric,add_01,20200813-subject-02/20200813_150228,3,s0_l1,576,54000.0
asymmetric,add_01,20200813-subject-02/20200813_150228,3,s0_l0,576,54000.0
asymmetric,add_01,20200813-subject-02/20200813_150228,3,s1_l1,576,54200.0
asymmetric,add_01,20200813-subject-02/20200813_150228,3,s1_l0,576,54100.0
asymmetric,add_01,20200813-subject-02/20200813_150228,3,fp,576,40700.0
asymmetric,add_01,20200813-subject-02/20200813_150535,4,residual,592,36300.0
asymmetric,add_01,20200813-subject-02/20200813_150535,4,s0_l1,592,36800.0
asymmetric,add_01,20200813-subject-02/20200813_150535,4,s0_l0,592,37500.0
asymmetric,add_01,20200813-subject-02/20200813_150535,4,s1_l1,592,36800.0
asymmetric,add_01,20200813-subject-02/20200813_150535,4,s1_l0,592,37200.0
asymmetric,add_01,20200813-subject-02/20200813_150535,4,fp,592,24300.0
asymmetric,add_01,20200813-subject-02/20200813_150823,5,residual,576,51600.0
asymmetric,add_01,20200813-subject-02/20200813_150823,5,s0_l1,576,50000.0
asymmetric,add_01,20200813-subject-02/20200813_150823,5,s0_l0,576,49800.0
asymmetric,add_01,20200813-subject-02/20200813_150823,5,s1_l1,576,50300.0
asymmetric,add_01,20200813-subject-02/20200813_150823,5,s1_l0,576,50300.0
asymmetric,add_01,20200813-subject-02/20200813_150823,5,fp,576,47400.0
asymmetric,add_01,20200813-subject-02/20200813_151117,6,residual,576,13100.0
asymmetric,add_01,20200813-subject-02/20200813_151117,6,s0_l1,576,16100.0
asymmetric,add_01,20200813-subject-02/20200813_151117,6,s0_l0,576,15500.0
asymmetric,add_01,20200813-subject-02/20200813_151117,6,s1_l1,576,15800.0
asymmetric,add_01,20200813-subject-02/20200813_151117,6,s1_l0,576,15000.0
asymmetric,add_01,20200813-subject-02/20200813_151117,6,fp,576,6100.0
asymmetric,add_01,20200813-subject-02/20200813_151925,7,residual,576,51400.0
asymmetric,add_01,20200813-subject-02/20200813_151925,7,s0_l1,576,51300.0
asymmetric,add_01,20200813-subject-02/20200813_151925,7,s0_l0,576,51100.0
asymmetric,add_01,20200813-subject-02/20200813_151925,7,s1_l1,576,51100.0
asymmetric,add_01,20200813-subject-02/20200813_151925,7,s1_l0,576,51000.0
asymmetric,add_01,20200813-subject-02/20200813_151925,7,fp,576,35100.0
asymmetric,add_01,20200813-subject-02/20200813_152215,8,residual,576,49700.0
asymmetric,add_01,20200813-subject-02/20200813_152215,8,s0_l1,576,50500.0
asymmetric,add_01,20200813-subject-02/20200813_152215,8,s0_l0,576,50500.0
asymmetric,add_01,20200813-subject-02/20200813_152215,8,s1_l1,576,50600.0
asymmetric,add_01,20200813-subject-02/20200813_152215,8,s1_l0,576,50500.0
asymmetric,add_01,20200813-subject-02/20200813_152215,8,fp,576,36700.0
asymmetric,add_01,20200813-subject-02/20200813_152513,9,residual,592,49100.0
asymmetric,add_01,20200813-subject-02/20200813_152513,9,s0_l1,592,48500.0
asymmetric,add_01,20200813-subject-02/20200813_152513,9,s0_l0,592,48700.0
asymmetric,add_01,20200813-subject-02/20200813_152513,9,s1_l1,592,48700.0
asymmetric,add_01,20200813-subject-02/20200813_152513,9,s1_l0,592,48700.0
asymmetric,add_01,20200813-subject-02/20200813_152513,9,fp,592,33200.0
asymmetric,add_01,20200813-subject-02/20200813_152842,10,residual,560,39800.0
asymmetric,add_01,20200813-subject-02/20200813_152842,10,s0_l1,560,40000.0
asymmetric,add_01,20200813-subject-02/20200813_152842,10,s0_l0,560,39900.0
asymmetric,add_01,20200813-subject-02/20200813_152842,10,s1_l1,560,40300.0
asymmetric,add_01,20200813-subject-02/20200813_152842,10,s1_l0,560,39800.0
asymmetric,add_01,20200813-subject-02/20200813_152842,10,fp,560,36100.0
asymmetric,add_01,20200813-subject-02/20200813_153152,11,residual,576,46500.0
asymmetric,add_01,20200813-subject-02/20200813_153152,11,s0_l1,576,46400.0
asymmetric,add_01,20200813-subject-02/20200813_153152,11,s0_l0,576,46400.0
asymmetric,add_01,20200813-subject-02/20200813_153152,11,s1_l1,576,46500.0
asymmetric,add_01,20200813-subject-02/20200813_153152,11,s1_l0,576,47000.0
asymmetric,add_01,20200813-subject-02/20200813_153152,11,fp,576,52200.0
asymmetric,add_01,20200813-subject-02/20200813_153453,12,residual,576,46300.0
asymmetric,add_01,20200813-subject-02/20200813_153453,12,s0_l1,576,47500.0
asymmetric,add_01,20200813-subject-02/20200813_153453,12,s0_l0,576,47400.0
asymmetric,add_01,20200813-subject-02/20200813_153453,12,s1_l1,576,47400.0
asymmetric,add_01,20200813-subject-02/20200813_153453,12,s1_l0,576,47300.0
asymmetric,add_01,20200813-subject-02/20200813_153453,12,fp,576,52700.0
asymmetric,add_01,20200813-subject-02/20200813_154103,14,residual,592,28200.0
asymmetric,add_01,20200813-subject-02/20200813_154103,14,s0_l1,592,28000.0
asymmetric,add_01,20200813-subject-02/20200813_154103,14,s0_l0,592,27700.0
asymmetric,add_01,20200813-subject-02/20200813_154103,14,s1_l1,592,27500.0
asymmetric,add_01,20200813-subject-02/20200813_154103,14,s1_l0,592,27700.0
asymmetric,add_01,20200813-subject-02/20200813_154103,14,fp,592,15100.0
asymmetric,add_01,20200813-subject-02/20200813_154408,15,residual,544,47500.0
asymmetric,add_01,20200813-subject-02/20200813_154408,15,s0_l1,544,47600.0
asymmetric,add_01,20200813-subject-02/20200813_154408,15,s0_l0,544,47500.0
asymmetric,add_01,20200813-subject-02/20200813_154408,15,s1_l1,544,47300.0
asymmetric,add_01,20200813-subject-02/20200813_154408,15,s1_l0,544,47300.0
asymmetric,add_01,20200813-subject-02/20200813_154408,15,fp,544,39500.0
asymmetric,add_01,20200813-subject-02/20200813_155021,17,residual,576,13300.0
asymmetric,add_01,20200813-subject-02/20200813_155021,17,s0_l1,576,10800.0
asymmetric,add_01,20200813-subject-02/20200813_155021,17,s0_l0,576,10500.0
asymmetric,add_01,20200813-subject-02/20200813_155021,17,s1_l1,576,11100.0
asymmetric,add_01,20200813-subject-02/20200813_155021,17,s1_l0,576,11300.0
asymmetric,add_01,20200813-subject-02/20200813_155021,17,fp,576,8700.0
asymmetric,adds_005,20200709-subject-01/20200709_142446,2,residual,576,50100.0
asymmetric,adds_005,20200709-subject-01/20200709_142446,2,s0_l1,576,50000.0
asymmetric,adds_005,20200709-subject-01/20200709_142446,2,s0_l0,576,50000.0
asymmetric,adds_005,20200709-subject-01/20200709_142446,2,s1_l1,576,50000.0
asymmetric,adds_005,20200709-subject-01/20200709_142446,2,s1_l0,576,50000.0
asymmetric,adds_005,20200709-subject-01/20200709_142446,2,fp,576,50100.0
asymmetric,adds_005,20200709-subject-01/20200709_142802,3,residual,576,47900.0
asymmetric,adds_005,20200709-subject-01/20200709_142802,3,s0_l1,576,47900.0
asymmetric,adds_005,20200709-subject-01/20200709_142802,3,s0_l0,576,48200.0
asymmetric,adds_005,20200709-subject-01/20200709_142802,3,s1_l1,576,48200.0
asymmetric,adds_005,20200709-subject-01/20200709_142802,3,s1_l0,576,48200.0
asymmetric,adds_005,20200709-subject-01/20200709_142802,3,fp,576,47600.0
asymmetric,adds_005,20200709-subject-01/20200709_143125,4,residual,576,57100.0
asymmetric,adds_005,20200709-subject-01/20200709_143125,4,s0_l1,576,57200.0
asymmetric,adds_005,20200709-subject-01/20200709_143125,4,s0_l0,576,57200.0
asymmetric,adds_005,20200709-subject-01/20200709_143125,4,s1_l1,576,57200.0
asymmetric,adds_005,20200709-subject-01/20200709_143125,4,s1_l0,576,57200.0
asymmetric,adds_005,20200709-subject-01/20200709_143125,4,fp,576,51400.0
asymmetric,adds_005,20200709-subject-01/20200709_143531,5,residual,592,48000.0
asymmetric,adds_005,20200709-subject-01/20200709_143531,5,s0_l1,592,46500.0
asymmetric,adds_005,20200709-subject-01/20200709_143531,5,s0_l0,592,45200.0
asymmetric,adds_005,20200709-subject-01/20200709_143531,5,s1_l1,592,46400.0
asymmetric,adds_005,20200709-subject-01/20200709_143531,5,s1_l0,592,46500.0
asymmetric,adds_005,20200709-subject-01/20200709_143531,5,fp,592,52800.0
asymmetric,adds_005,20200709-subject-01/20200709_143907,6,residual,576,47200.0
asymmetric,adds_005,20200709-subject-01/20200709_143907,6,s0_l1,576,46700.0
asymmetric,adds_005,20200709-subject-01/20200709_143907,6,s0_l0,576,46000.0
asymmetric,adds_005,20200709-subject-01/20200709_143907,6,s1_l1,576,46100.0
asymmetric,adds_005,20200709-subject-01/20200709_143907,6,s1_l0,576,45800.0
asymmetric,adds_005,20200709-subject-01/20200709_143907,6,fp,576,25600.0
asymmetric,adds_005,20200709-subject-01/20200709_144313,7,residual,576,40300.0
asymmetric,adds_005,20200709-subject-01/20200709_144313,7,s0_l1,576,40300.0
asymmetric,adds_005,20200709-subject-01/20200709_144313,7,s0_l0,576,40300.0
asymmetric,adds_005,20200709-subject-01/20200709_144313,7,s1_l1,576,40300.0
asymmetric,adds_005,20200709-subject-01/20200709_144313,7,s1_l0,576,40300.0
asymmetric,adds_005,20200709-subject-01/20200709_144313,7,fp,576,27200.0
asymmetric,adds_005,20200709-subject-01/20200709_144735,8,residual,576,46800.0
asymmetric,adds_005,20200709-subject-01/20200709_144735,8,s0_l1,576,49700.0
asymmetric,adds_005,20200709-subject-01/20200709_144735,8,s0_l0,576,49800.0
asymmetric,adds_005,20200709-subject-01/20200709_144735,8,s1_l1,576,49500.0
asymmetric,adds_005,20200709-subject-01/20200709_144735,8,s1_l0,576,49200.0
asymmetric,adds_005,20200709-subject-01/20200709_144735,8,fp,576,47500.0
asymmetric,adds_005,20200709-subject-01/20200709_145132,9,residual,592,58200.0
asymmetric,adds_005,20200709-subject-01/20200709_145132,9,s0_l1,592,58300.0
asymmetric,adds_005,20200709-subject-01/20200709_145132,9,s0_l0,592,58200.0
asymmetric,adds_005,20200709-subject-01/20200709_145132,9,s1_l1,592,58200.0
asymmetric,adds_005,20200709-subject-01/20200709_145132,9,s1_l0,592,58300.0
asymmetric,adds_005,20200709-subject-01/20200709_145132,9,fp,592,56200.0
asymmetric,adds_005,20200709-subject-01/20200709_145743,10,residual,576,54100.0
asymmetric,adds_005,20200709-subject-01/20200709_145743,10,s0_l1,576,53300.0
asymmetric,adds_005,20200709-subject-01/20200709_145743,10,s0_l0,576,53300.0
asymmetric,adds_005,20200709-subject-01/20200709_145743,10,s1_l1,576,53200.0
asymmetric,adds_005,20200709-subject-01/20200709_145743,10,s1_l0,576,53400.0
asymmetric,adds_005,20200709-subject-01/20200709_145743,10,fp,576,46000.0
asymmetric,adds_005,20200709-subject-01/20200709_150144,11,residual,576,51600.0
asymmetric,adds_005,20200709-subject-01/20200709_150144,11,s0_l1,576,51700.0
asymmetric,adds_005,20200709-subject-01/20200709_150144,11,s0_l0,576,51700.0
asymmetric,adds_005,20200709-subject-01/20200709_150144,11,s1_l1,576,51700.0
asymmetric,adds_005,20200709-subject-01/20200709_150144,11,s1_l0,576,51700.0
asymmetric,adds_005,20200709-subject-01/20200709_150144,11,fp,576,51600.0
asymmetric,adds_005,20200709-subject-01/20200709_150524,12,residual,576,52000.0
asymmetric,adds_005,20200709-subject-01/20200709_150524,12,s0_l1,576,51800.0
asymmetric,adds_005,20200709-subject-01/20200709_150524,12,s0_l0,576,52900.0
asymmetric,adds_005,20200709-subject-01/20200709_150524,12,s1_l1,576,52600.0
asymmetric,adds_005,20200709-subject-01/20200709_150524,12,s1_l0,576,52800.0
asymmetric,adds_005,20200709-subject-01/20200709_150524,12,fp,576,43800.0
asymmetric,adds_005,20200709-subject-01/20200709_151246,14,residual,592,46800.0
asymmetric,adds_005,20200709-subject-01/20200709_151246,14,s0_l1,592,46900.0
asymmetric,adds_005,20200709-subject-01/20200709_151246,14,s0_l0,592,46900.0
asymmetric,adds_005,20200709-subject-01/20200709_151246,14,s1_l1,592,47000.0
asymmetric,adds_005,20200709-subject-01/20200709_151246,14,s1_l0,592,47000.0
asymmetric,adds_005,20200709-subject-01/20200709_151246,14,fp,592,35300.0
asymmetric,adds_005,20200709-subject-01/20200709_151632,15,residual,576,57200.0
asymmetric,adds_005,20200709-subject-01/20200709_151632,15,s0_l1,576,57100.0
asymmetric,adds_005,20200709-subject-01/20200709_151632,15,s0_l0,576,57100.0
asymmetric,adds_005,20200709-subject-01/20200709_151632,15,s1_l1,576,57000.0
asymmetric,adds_005,20200709-subject-01/20200709_151632,15,s1_l0,576,57000.0
asymmetric,adds_005,20200709-subject-01/20200709_151632,15,fp,576,54500.0
asymmetric,adds_005,20200709-subject-01/20200709_152420,17,residual,592,35400.0
asymmetric,adds_005,20200709-subject-01/20200709_152420,17,s0_l1,592,35900.0
asymmetric,adds_005,20200709-subject-01/20200709_152420,17,s0_l0,592,36500.0
asymmetric,adds_005,20200709-subject-01/20200709_152420,17,s1_l1,592,34900.0
asymmetric,adds_005,20200709-subject-01/20200709_152420,17,s1_l0,592,35700.0
asymmetric,adds_005,20200709-subject-01/20200709_152420,17,fp,592,48800.0
asymmetric,adds_005,20200813-subject-02/20200813_145920,2,residual,592,59000.0
asymmetric,adds_005,20200813-subject-02/20200813_145920,2,s0_l1,592,59000.0
asymmetric,adds_005,20200813-subject-02/20200813_145920,2,s0_l0,592,59000.0
asymmetric,adds_005,20200813-subject-02/20200813_145920,2,s1_l1,592,59000.0
asymmetric,adds_005,20200813-subject-02/20200813_145920,2,s1_l0,592,59000.0
asymmetric,adds_005,20200813-subject-02/20200813_145920,2,fp,592,58900.0
asymmetric,adds_005,20200813-subject-02/20200813_150228,3,residual,576,53900.0
asymmetric,adds_005,20200813-subject-02/20200813_150228,3,s0_l1,576,54100.0
asymmetric,adds_005,20200813-subject-02/20200813_150228,3,s0_l0,576,54000.0
asymmetric,adds_005,20200813-subject-02/20200813_150228,3,s1_l1,576,54200.0
asymmetric,adds_005,20200813-subject-02/20200813_150228,3,s1_l0,576,54100.0
asymmetric,adds_005,20200813-subject-02/20200813_150228,3,fp,576,39900.0
asymmetric,adds_005,20200813-subject-02/20200813_150535,4,residual,592,51900.0
asymmetric,adds_005,20200813-subject-02/20200813_150535,4,s0_l1,592,54100.0
asymmetric,adds_005,20200813-subject-02/20200813_150535,4,s0_l0,592,54100.0
asymmetric,adds_005,20200813-subject-02/20200813_150535,4,s1_l1,592,54100.0
asymmetric,adds_005,20200813-subject-02/20200813_150535,4,s1_l0,592,53900.0
asymmetric,adds_005,20200813-subject-02/20200813_150535,4,fp,592,31500.0
asymmetric,adds_005,20200813-subject-02/20200813_150823,5,residual,576,52000.0
asymmetric,adds_005,20200813-subject-02/20200813_150823,5,s0_l1,576,52000.0
asymmetric,adds_005,20200813-subject-02/20200813_150823,5,s0_l0,576,52000.0
asymmetric,adds_005,20200813-subject-02/20200813_150823,5,s1_l1,576,52000.0
asymmetric,adds_005,20200813-subject-02/20200813_150823,5,s1_l0,576,52000.0
asymmetric,adds_005,20200813-subject-02/20200813_150823,5,fp,576,48600.0
asymmetric,adds_005,20200813-subject-02/20200813_151117,6,residual,576,36600.0
asymmetric,adds_005,20200813-subject-02/20200813_151117,6,s0_l1,576,41300.0
asymmetric,adds_005,20200813-subject-02/20200813_151117,6,s0_l0,576,41100.0
asymmetric,adds_005,20200813-subject-02/20200813_151117,6,s1_l1,576,41500.0
asymmetric,adds_005,20200813-subject-02/20200813_151117,6,s1_l0,576,41600.0
asymmetric,adds_005,20200813-subject-02/20200813_151117,6,fp,576,9300.0
asymmetric,adds_005,20200813-subject-02/20200813_151925,7,residual,576,53700.0
asymmetric,adds_005,20200813-subject-02/20200813_151925,7,s0_l1,576,53400.0
asymmetric,adds_005,20200813-subject-02/20200813_151925,7,s0_l0,576,53400.0
asymmetric,adds_005,20200813-subject-02/20200813_151925,7,s1_l1,576,53400.0
asymmetric,adds_005,20200813-subject-02/20200813_151925,7,s1_l0,576,53500.0
asymmetric,adds_005,20200813-subject-02/20200813_151925,7,fp,576,35500.0
asymmetric,adds_005,20200813-subject-02/20200813_152215,8,residual,576,50200.0
asymmetric,adds_005,20200813-subject-02/20200813_152215,8,s0_l1,576,51100.0
asymmetric,adds_005,20200813-subject-02/20200813_152215,8,s0_l0,576,51100.0
asymmetric,adds_005,20200813-subject-02/20200813_152215,8,s1_l1,576,51400.0
asymmetric,adds_005,20200813-subject-02/20200813_152215,8,s1_l0,576,51300.0
asymmetric,adds_005,20200813-subject-02/20200813_152215,8,fp,576,36600.0
asymmetric,adds_005,20200813-subject-02/20200813_152513,9,residual,592,51300.0
asymmetric,adds_005,20200813-subject-02/20200813_152513,9,s0_l1,592,50900.0
asymmetric,adds_005,20200813-subject-02/20200813_152513,9,s0_l0,592,51300.0
asymmetric,adds_005,20200813-subject-02/20200813_152513,9,s1_l1,592,51100.0
asymmetric,adds_005,20200813-subject-02/20200813_152513,9,s1_l0,592,51500.0
asymmetric,adds_005,20200813-subject-02/20200813_152513,9,fp,592,33100.0
asymmetric,adds_005,20200813-subject-02/20200813_152842,10,residual,560,44900.0
asymmetric,adds_005,20200813-subject-02/20200813_152842,10,s0_l1,560,44800.0
asymmetric,adds_005,20200813-subject-02/20200813_152842,10,s0_l0,560,44500.0
asymmetric,adds_005,20200813-subject-02/20200813_152842,10,s1_l1,560,45100.0
asymmetric,adds_005,20200813-subject-02/20200813_152842,10,s1_l0,560,45000.0
asymmetric,adds_005,20200813-subject-02/20200813_152842,10,fp,560,37200.0
asymmetric,adds_005,20200813-subject-02/20200813_153152,11,residual,576,56300.0
asymmetric,adds_005,20200813-subject-02/20200813_153152,11,s0_l1,576,56800.0
asymmetric,adds_005,20200813-subject-02/20200813_153152,11,s0_l0,576,56700.0
asymmetric,adds_005,20200813-subject-02/20200813_153152,11,s1_l1,576,56800.0
asymmetric,adds_005,20200813-subject-02/20200813_153152,11,s1_l0,576,56800.0
asymmetric,adds_005,20200813-subject-02/20200813_153152,11,fp,576,55100.0
asymmetric,adds_005,20200813-subject-02/20200813_153453,12,residual,576,50200.0
asymmetric,adds_005,20200813-subject-02/20200813_153453,12,s0_l1,576,51400.0
asymmetric,adds_005,20200813-subject-02/20200813_153453,12,s0_l0,576,51200.0
asymmetric,adds_005,20200813-subject-02/20200813_153453,12,s1_l1,576,51200.0
asymmetric,adds_005,20200813-subject-02/20200813_153453,12,s1_l0,576,51400.0
asymmetric,adds_005,20200813-subject-02/20200813_153453,12,fp,576,53300.0
asymmetric,adds_005,20200813-subject-02/20200813_154103,14,residual,592,51800.0
asymmetric,adds_005,20200813-subject-02/20200813_154103,14,s0_l1,592,52800.0
asymmetric,adds_005,20200813-subject-02/20200813_154103,14,s0_l0,592,52900.0
asymmetric,adds_005,20200813-subject-02/20200813_154103,14,s1_l1,592,53900.0
asymmetric,adds_005,20200813-subject-02/20200813_154103,14,s1_l0,592,53900.0
asymmetric,adds_005,20200813-subject-02/20200813_154103,14,fp,592,32400.0
asymmetric,adds_005,20200813-subject-02/20200813_154408,15,residual,544,49100.0
asymmetric,adds_005,20200813-subject-02/20200813_154408,15,s0_l1,544,49100.0
asymmetric,adds_005,20200813-subject-02/20200813_154408,15,s0_l0,544,49100.0
asymmetric,adds_005,20200813-subject-02/20200813_154408,15,s1_l1,544,49000.0
asymmetric,adds_005,20200813-subject-02/20200813_154408,15,s1_l0,544,49000.0
asymmetric,adds_005,20200813-subject-02/20200813_154408,15,fp,544,38700.0
asymmetric,adds_005,20200813-subject-02/20200813_155021,17,residual,576,16500.0
asymmetric,adds_005,20200813-subject-02/20200813_155021,17,s0_l1,576,19700.0
asymmetric,adds_005,20200813-subject-02/20200813_155021,17,s0_l0,576,19200.0
asymmetric,adds_005,20200813-subject-02/20200813_155021,17,s1_l1,576,20300.0
asymmetric,adds_005,20200813-subject-02/20200813_155021,17,s1_l0,576,20400.0
asymmetric,adds_005,20200813-subject-02/20200813_155021,17,fp,576,8400.0
asymmetric,adds_01,20200709-subject-01/20200709_142446,2,residual,576,57600.0
asymmetric,adds_01,20200709-subject-01/20200709_142446,2,s0_l1,576,57600.0
asymmetric,adds_01,20200709-subject-01/20200709_142446,2,s0_l0,576,57600.0
asymmetric,adds_01,20200709-subject-01/20200709_142446,2,s1_l1,576,57600.0
asymmetric,adds_01,20200709-subject-01/20200709_142446,2,s1_l0,576,57600.0
asymmetric,adds_01,20200709-subject-01/20200709_142446,2,fp,576,57600.0
asymmetric,adds_01,20200709-subject-01/20200709_142802,3,residual,576,50000.0
asymmetric,adds_01,20200709-subject-01/20200709_142802,3,s0_l1,576,49900.0
asymmetric,adds_01,20200709-subject-01/20200709_142802,3,s0_l0,576,49900.0
asymmetric,adds_01,20200709-subject-01/20200709_142802,3,s1_l1,576,50000.0
asymmetric,adds_01,20200709-subject-01/20200709_142802,3,s1_l0,576,50000.0
asymmetric,adds_01,20200709-subject-01/20200709_142802,3,fp,576,47800.0
asymmetric,adds_01,20200709-subject-01/20200709_143125,4,residual,576,57400.0
asymmetric,adds_01,20200709-subject-01/20200709_143125,4,s0_l1,576,57400.0
asymmetric,adds_01,20200709-subject-01/20200709_143125,4,s0_l0,576,57400.0
asymmetric,adds_01,20200709-subject-01/20200709_143125,4,s1_l1,576,57400.0
asymmetric,adds_01,20200709-subject-01/20200709_143125,4,s1_l0,576,57400.0
asymmetric,adds_01,20200709-subject-01/20200709_143125,4,fp,576,57400.0
asymmetric,adds_01,20200709-subject-01/20200709_143531,5,residual,592,54800.0
asymmetric,adds_01,20200709-subject-01/20200709_143531,5,s0_l1,592,54500.0
asymmetric,adds_01,20200709-subject-01/20200709_143531,5,s0_l0,592,54500.0
asymmetric,adds_01,20200709-subject-01/20200709_143531,5,s1_l1,592,54500.0
asymmetric,adds_01,20200709-subject-01/20200709_143531,5,s1_l0,592,54500.0
asymmetric,adds_01,20200709-subject-01/20200709_143531,5,fp,592,54300.0
asymmetric,adds_01,20200709-subject-01/20200709_143907,6,residual,576,55200.0
asymmetric,adds_01,20200709-subject-01/20200709_143907,6,s0_l1,576,54400.0
asymmetric,adds_01,20200709-subject-01/20200709_143907,6,s0_l0,576,53800.0
asymmetric,adds_01,20200709-subject-01/20200709_143907,6,s1_l1,576,53700.0
asymmetric,adds_01,20200709-subject-01/20200709_143907,6,s1_l0,576,53600.0
asymmetric,adds_01,20200709-subject-01/20200709_143907,6,fp,576,45400.0
asymmetric,adds_01,20200709-subject-01/20200709_144313,7,residual,576,45300.0
asymmetric,adds_01,20200709-subject-01/20200709_144313,7,s0_l1,576,45300.0
asymmetric,adds_01,20200709-subject-01/20200709_144313,7,s0_l0,576,45300.0
asymmetric,adds_01,20200709-subject-01/20200709_144313,7,s1_l1,576,45300.0
asymmetric,adds_01,20200709-subject-01/20200709_144313,7,s1_l0,576,45300.0
asymmetric,adds_01,20200709-subject-01/20200709_144313,7,fp,576,41100.0
asymmetric,adds_01,20200709-subject-01/20200709_144735,8,residual,576,54200.0
asymmetric,adds_01,20200709-subject-01/20200709_144735,8,s0_l1,576,55500.0
asymmetric,adds_01,20200709-subject-01/20200709_144735,8,s0_l0,576,55500.0
asymmetric,adds_01,20200709-subject-01/20200709_144735,8,s1_l1,576,55200.0
asymmetric,adds_01,20200709-subject-01/20200709_144735,8,s1_l0,576,55200.0
asymmetric,adds_01,20200709-subject-01/20200709_144735,8,fp,576,55600.0
asymmetric,adds_01,20200709-subject-01/20200709_145132,9,residual,592,59000.0
asymmetric,adds_01,20200709-subject-01/20200709_145132,9,s0_l1,592,59000.0
asymmetric,adds_01,20200709-subject-01/20200709_145132,9,s0_l0,592,59000.0
asymmetric,adds_01,20200709-subject-01/20200709_145132,9,s1_l1,592,59000.0
asymmetric,adds_01,20200709-subject-01/20200709_145132,9,s1_l0,592,59000.0
asymmetric,adds_01,20200709-subject-01/20200709_145132,9,fp,592,59000.0
asymmetric,adds_01,20200709-subject-01/20200709_145743,10,residual,576,56800.0
asymmetric,adds_01,20200709-subject-01/20200709_145743,10,s0_l1,576,56800.0
asymmetric,adds_01,20200709-subject-01/20200709_145743,10,s0_l0,576,56800.0
asymmetric,adds_01,20200709-subject-01/20200709_145743,10,s1_l1,576,56700.0
asymmetric,adds_01,20200709-subject-01/20200709_145743,10,s1_l0,576,56700.0
asymmetric,adds_01,20200709-subject-01/20200709_145743,10,fp,576,50000.0
asymmetric,adds_01,20200709-subject-01/20200709_150144,11,residual,576,56100.0
asymmetric,adds_01,20200709-subject-01/20200709_150144,11,s0_l1,576,56100.0
asymmetric,adds_01,20200709-subject-01/20200709_150144,11,s0_l0,576,56100.0
asymmetric,adds_01,20200709-subject-01/20200709_150144,11,s1_l1,576,56100.0
asymmetric,adds_01,20200709-subject-01/20200709_150144,11,s1_l0,576,56100.0
asymmetric,adds_01,20200709-subject-01/20200709_150144,11,fp,576,55700.0
asymmetric,adds_01,20200709-subject-01/20200709_150524,12,residual,576,53600.0
asymmetric,adds_01,20200709-subject-01/20200709_150524,12,s0_l1,576,53600.0
asymmetric,adds_01,20200709-subject-01/20200709_150524,12,s0_l0,576,54700.0
asymmetric,adds_01,20200709-subject-01/20200709_150524,12,s1_l1,576,54600.0
asymmetric,adds_01,20200709-subject-01/20200709_150524,12,s1_l0,576,54700.0
asymmetric,adds_01,20200709-subject-01/20200709_150524,12,fp,576,46700.0
asymmetric,adds_01,20200709-subject-01/20200709_151246,14,residual,592,47300.0
asymmetric,adds_01,20200709-subject-01/20200709_151246,14,s0_l1,592,47300.0
asymmetric,adds_01,20200709-subject-01/20200709_151246,14,s0_l0,592,47300.0
asymmetric,adds_01,20200709-subject-01/20200709_151246,14,s1_l1,592,47300.0
asymmetric,adds_01,20200709-subject-01/20200709_151246,14,s1_l0,592,47300.0
asymmetric,adds_01,20200709-subject-01/20200709_151246,14,fp,592,45700.0
asymmetric,adds_01,20200709-subject-01/20200709_151632,15,residual,576,57600.0
asymmetric,adds_01,20200709-subject-01/20200709_151632,15,s0_l1,576,57600.0
asymmetric,adds_01,20200709-subject-01/20200709_151632,15,s0_l0,576,57600.0
asymmetric,adds_01,20200709-subject-01/20200709_151632,15,s1_l1,576,57600.0
asymmetric,adds_01,20200709-subject-01/20200709_151632,15,s1_l0,576,57600.0
asymmetric,adds_01,20200709-subject-01/20200709_151632,15,fp,576,57600.0
asymmetric,adds_01,20200709-subject-01/20200709_152420,17,residual,592,54000.0
asymmetric,adds_01,20200709-subject-01/20200709_152420,17,s0_l1,592,55200.0
asymmetric,adds_01,20200709-subject-01/20200709_152420,17,s0_l0,592,55300.0
asymmetric,adds_01,20200709-subject-01/20200709_152420,17,s1_l1,592,55200.0
asymmetric,adds_01,20200709-subject-01/20200709_152420,17,s1_l0,592,55200.0
asymmetric,adds_01,20200709-subject-01/20200709_152420,17,fp,592,57700.0
asymmetric,adds_01,20200813-subject-02/20200813_145920,2,residual,592,59200.0
asymmetric,adds_01,20200813-subject-02/20200813_145920,2,s0_l1,592,59200.0
asymmetric,adds_01,20200813-subject-02/20200813_145920,2,s0_l0,592,59200.0
asymmetric,adds_01,20200813-subject-02/20200813_145920,2,s1_l1,592,59200.0
asymmetric,adds_01,20200813-subject-02/20200813_145920,2,s1_l0,592,59200.0
asymmetric,adds_01,20200813-subject-02/20200813_145920,2,fp,592,59200.0
asymmetric,adds_01,20200813-subject-02/20200813_150228,3,residual,576,55700.0
asymmetric,adds_01,20200813-subject-02/20200813_150228,3,s0_l1,576,57300.0
asymmetric,adds_01,20200813-subject-02/20200813_150228,3,s0_l0,576,57300.0
asymmetric,adds_01,20200813-subject-02/20200813_150228,3,s1_l1,576,57300.0
asymmetric,adds_01,20200813-subject-02/20200813_150228,3,s1_l0,576,57300.0
asymmetric,adds_01,20200813-subject-02/20200813_150228,3,fp,576,47600.0
asymmetric,adds_01,20200813-subject-02/20200813_150535,4,residual,592,57300.0
asymmetric,adds_01,20200813-subject-02/20200813_150535,4,s0_l1,592,57600.0
asymmetric,adds_01,20200813-subject-02/20200813_150535,4,s0_l0,592,57500.0
asymmetric,adds_01,20200813-subject-02/20200813_150535,4,s1_l1,592,57600.0
asymmetric,adds_01,20200813-subject-02/20200813_150535,4,s1_l0,592,57500.0
asymmetric,adds_01,20200813-subject-02/20200813_150535,4,fp,592,37100.0
asymmetric,adds_01,20200813-subject-02/20200813_150823,5,residual,576,54000.0
asymmetric,adds_01,20200813-subject-02/20200813_150823,5,s0_l1,576,53800.0
asymmetric,adds_01,20200813-subject-02/20200813_150823,5,s0_l0,576,53800.0
asymmetric,adds_01,20200813-subject-02/20200813_150823,5,s1_l1,576,53800.0
asymmetric,adds_01,20200813-subject-02/20200813_150823,5,s1_l0,576,53800.0
asymmetric,adds_01,20200813-subject-02/20200813_150823,5,fp,576,49700.0
asymmetric,adds_01,20200813-subject-02/20200813_151117,6,residual,576,48200.0
asymmetric,adds_01,20200813-subject-02/20200813_151117,6,s0_l1,576,53800.0
asymmetric,adds_01,20200813-subject-02/20200813_151117,6,s0_l0,576,53900.0
asymmetric,adds_01,20200813-subject-02/20200813_151117,6,s1_l1,576,53800.0
asymmetric,adds_01,20200813-subject-02/20200813_151117,6,s1_l0,576,53800.0
asymmetric,adds_01,20200813-subject-02/20200813_151117,6,fp,576,24500.0
asymmetric,adds_01,20200813-subject-02/20200813_151925,7,residual,576,57400.0
asymmetric,adds_01,20200813-subject-02/20200813_151925,7,s0_l1,576,57400.0
asymmetric,adds_01,20200813-subject-02/20200813_151925,7,s0_l0,576,57400.0
asymmetric,adds_01,20200813-subject-02/20200813_151925,7,s1_l1,576,57400.0
asymmetric,adds_01,20200813-subject-02/20200813_151925,7,s1_l0,576,57400.0
asymmetric,adds_01,20200813-subject-02/20200813_151925,7,fp,576,40800.0
asymmetric,adds_01,20200813-subject-02/20200813_152215,8,residual,576,56900.0
asymmetric,adds_01,20200813-subject-02/20200813_152215,8,s0_l1,576,57100.0
asymmetric,adds_01,20200813-subject-02/20200813_152215,8,s0_l0,576,57000.0
asymmetric,adds_01,20200813-subject-02/20200813_152215,8,s1_l1,576,57100.0
asymmetric,adds_01,20200813-subject-02/20200813_152215,8,s1_l0,576,57100.0
asymmetric,adds_01,20200813-subject-02/20200813_152215,8,fp,576,44000.0
asymmetric,adds_01,20200813-subject-02/20200813_152513,9,residual,592,57400.0
asymmetric,adds_01,20200813-subject-02/20200813_152513,9,s0_l1,592,57000.0
asymmetric,adds_01,20200813-subject-02/20200813_152513,9,s0_l0,592,57000.0
asymmetric,adds_01,20200813-subject-02/20200813_152513,9,s1_l1,592,57100.0
asymmetric,adds_01,20200813-subject-02/20200813_152513,9,s1_l0,592,57100.0
asymmetric,adds_01,20200813-subject-02/20200813_152513,9,fp,592,46000.0
asymmetric,adds_01,20200813-subject-02/20200813_152842,10,residual,560,54000.0
asymmetric,adds_01,20200813-subject-02/20200813_152842,10,s0_l1,560,54200.0
asymmetric,adds_01,20200813-subject-02/20200813_152842,10,s0_l0,560,53900.0
asymmetric,adds_01,20200813-subject-02/20200813_152842,10,s1_l1,560,54000.0
asymmetric,adds_01,20200813-subject-02/20200813_152842,10,s1_l0,560,53900.0
asymmetric,adds_01,20200813-subject-02/20200813_152842,10,fp,560,46400.0
asymmetric,adds_01,20200813-subject-02/20200813_153152,11,residual,576,57600.0
asymmetric,adds_01,20200813-subject-02/20200813_153152,11,s0_l1,576,57600.0
asymmetric,adds_01,20200813-subject-02/20200813_153152,11,s0_l0,576,57600.0
asymmetric,adds_01,20200813-subject-02/20200813_153152,11,s1_l1,576,57600.0
asymmetric,adds_01,20200813-subject-02/20200813_153152,11,s1_l0,576,57600.0
asymmetric,adds_01,20200813-subject-02/20200813_153152,11,fp,576,56600.0
asymmetric,adds_01,20200813-subject-02/20200813_153453,12,residual,576,56200.0
asymmetric,adds_01,20200813-subject-02/20200813_153453,12,s0_l1,576,57400.0
asymmetric,adds_01,20200813-subject-02/20200813_153453,12,s0_l0,576,57400.0
asymmetric,adds_01,20200813-subject-02/20200813_153453,12,s1_l1,576,57400.0
asymmetric,adds_01,20200813-subject-02/20200813_153453,12,s1_l0,576,57400.0
asymmetric,adds_01,20200813-subject-02/20200813_153453,12,fp,576,57400.0
asymmetric,adds_01,20200813-subject-02/20200813_154103,14,residual,592,59200.0
asymmetric,adds_01,20200813-subject-02/20200813_154103,14,s0_l1,592,59200.0
asymmetric,adds_01,20200813-subject-02/20200813_154103,14,s0_l0,592,59200.0
asymmetric,adds_01,20200813-subject-02/20200813_154103,14,s1_l1,592,59200.0
asymmetric,adds_01,20200813-subject-02/20200813_154103,14,s1_l0,592,59200.0
asymmetric,adds_01,20200813-subject-02/20200813_154103,14,fp,592,42500.0
asymmetric,adds_01,20200813-subject-02/20200813_154408,15,residual,544,52900.0
asymmetric,adds_01,20200813-subject-02/20200813_154408,15,s0_l1,544,52700.0
asymmetric,adds_01,20200813-subject-02/20200813_154408,15,s0_l0,544,52700.0
asymmetric,adds_01,20200813-subject-02/20200813_154408,15,s1_l1,544,52600.0
asymmetric,adds_01,20200813-subject-02/20200813_154408,15,s1_l0,544,52500.0
asymmetric,adds_01,20200813-subject-02/20200813_154408,15,fp,544,53200.0
asymmetric,adds_01,20200813-subject-02/20200813_155021,17,residual,576,38300.0
asymmetric,adds_01,20200813-subject-02/20200813_155021,17,s0_l1,576,34200.0
asymmetric,adds_01,20200813-subject-02/20200813_155021,17,s0_l0,576,34600.0
asymmetric,adds_01,20200813-subject-02/20200813_155021,17,s1_l1,576,34900.0
asymmetric,adds_01,20200813-subject-02/20200813_155021,17,s1_l0,576,34100.0
asymmetric,adds_01,20200813-subject-02/20200813_155021,17,fp,576,13000.0
asymmetric,rotation_deg,20200709-subject-01/20200709_142446,2,residual,576,8114.947067260742
asymmetric,rotation_deg,20200709-subject-01/20200709_142446,2,s0_l1,576,8090.006076037884
asymmetric,rotation_deg,20200709-subject-01/20200709_142446,2,s0_l0,576,8101.313271090388
asymmetric,rotation_deg,20200709-subject-01/20200709_142446,2,s1_l1,576,8101.810867905617
asymmetric,rotation_deg,20200709-subject-01/20200709_142446,2,s1_l0,576,8108.500733450055
asymmetric,rotation_deg,20200709-subject-01/20200709_142446,2,fp,576,8101.20012742281
asymmetric,rotation_deg,20200709-subject-01/20200709_142802,3,residual,505,12956.95548915863
asymmetric,rotation_deg,20200709-subject-01/20200709_142802,3,s0_l1,505,12961.17050331831
asymmetric,rotation_deg,20200709-subject-01/20200709_142802,3,s0_l0,505,13017.324501127005
asymmetric,rotation_deg,20200709-subject-01/20200709_142802,3,s1_l1,505,13017.59293961525
asymmetric,rotation_deg,20200709-subject-01/20200709_142802,3,s1_l0,505,13011.809680312872
asymmetric,rotation_deg,20200709-subject-01/20200709_142802,3,fp,505,12861.791154265404
asymmetric,rotation_deg,20200709-subject-01/20200709_143125,4,residual,576,30012.19989323616
asymmetric,rotation_deg,20200709-subject-01/20200709_143125,4,s0_l1,576,30817.25785446167
asymmetric,rotation_deg,20200709-subject-01/20200709_143125,4,s0_l0,576,30710.481778621674
asymmetric,rotation_deg,20200709-subject-01/20200709_143125,4,s1_l1,576,30515.28917169571
asymmetric,rotation_deg,20200709-subject-01/20200709_143125,4,s1_l0,576,30462.980011463165
asymmetric,rotation_deg,20200709-subject-01/20200709_143125,4,fp,576,18616.57845544815
asymmetric,rotation_deg,20200709-subject-01/20200709_143531,5,residual,569,12865.04532596469
asymmetric,rotation_deg,20200709-subject-01/20200709_143531,5,s0_l1,569,14102.859185993671
asymmetric,rotation_deg,20200709-subject-01/20200709_143531,5,s0_l0,569,15245.416812479496
asymmetric,rotation_deg,20200709-subject-01/20200709_143531,5,s1_l1,569,14116.004003703594
asymmetric,rotation_deg,20200709-subject-01/20200709_143531,5,s1_l0,569,14108.444958895445
asymmetric,rotation_deg,20200709-subject-01/20200709_143531,5,fp,569,12415.089463248849
asymmetric,rotation_deg,20200709-subject-01/20200709_143907,6,residual,576,24008.076112747192
asymmetric,rotation_deg,20200709-subject-01/20200709_143907,6,s0_l1,576,24524.402390003204
asymmetric,rotation_deg,20200709-subject-01/20200709_143907,6,s0_l0,576,24491.22780442238
asymmetric,rotation_deg,20200709-subject-01/20200709_143907,6,s1_l1,576,24448.930725812912
asymmetric,rotation_deg,20200709-subject-01/20200709_143907,6,s1_l0,576,24144.275394678116
asymmetric,rotation_deg,20200709-subject-01/20200709_143907,6,fp,576,28428.60307455063
asymmetric,rotation_deg,20200709-subject-01/20200709_144313,7,residual,456,12335.13120853901
asymmetric,rotation_deg,20200709-subject-01/20200709_144313,7,s0_l1,456,12358.218241989613
asymmetric,rotation_deg,20200709-subject-01/20200709_144313,7,s0_l0,456,12342.832596302032
asymmetric,rotation_deg,20200709-subject-01/20200709_144313,7,s1_l1,456,12367.84599506855
asymmetric,rotation_deg,20200709-subject-01/20200709_144313,7,s1_l0,456,12330.85386800766
asymmetric,rotation_deg,20200709-subject-01/20200709_144313,7,fp,456,12596.502560734749
asymmetric,rotation_deg,20200709-subject-01/20200709_144735,8,residual,576,10038.95958161354
asymmetric,rotation_deg,20200709-subject-01/20200709_144735,8,s0_l1,576,5017.148275852203
asymmetric,rotation_deg,20200709-subject-01/20200709_144735,8,s0_l0,576,4971.119884610176
asymmetric,rotation_deg,20200709-subject-01/20200709_144735,8,s1_l1,576,4979.480104327202
asymmetric,rotation_deg,20200709-subject-01/20200709_144735,8,s1_l0,576,4955.424175739288
asymmetric,rotation_deg,20200709-subject-01/20200709_144735,8,fp,576,3651.610844671726
asymmetric,rotation_deg,20200709-subject-01/20200709_145132,9,residual,592,4136.732297003269
asymmetric,rotation_deg,20200709-subject-01/20200709_145132,9,s0_l1,592,4222.701231539249
asymmetric,rotation_deg,20200709-subject-01/20200709_145132,9,s0_l0,592,4178.101173877716
asymmetric,rotation_deg,20200709-subject-01/20200709_145132,9,s1_l1,592,4287.099258542061
asymmetric,rotation_deg,20200709-subject-01/20200709_145132,9,s1_l0,592,4224.5639271736145
asymmetric,rotation_deg,20200709-subject-01/20200709_145132,9,fp,592,3937.754018217325
asymmetric,rotation_deg,20200709-subject-01/20200709_145743,10,residual,576,7412.642407536507
asymmetric,rotation_deg,20200709-subject-01/20200709_145743,10,s0_l1,576,8066.735189914703
asymmetric,rotation_deg,20200709-subject-01/20200709_145743,10,s0_l0,576,8051.430329084396
asymmetric,rotation_deg,20200709-subject-01/20200709_145743,10,s1_l1,576,8237.72291457653
asymmetric,rotation_deg,20200709-subject-01/20200709_145743,10,s1_l0,576,8107.068848341703
asymmetric,rotation_deg,20200709-subject-01/20200709_145743,10,fp,576,17808.045735120773
asymmetric,rotation_deg,20200709-subject-01/20200709_150144,11,residual,576,5629.945092976093
asymmetric,rotation_deg,20200709-subject-01/20200709_150144,11,s0_l1,576,5619.127845913172
asymmetric,rotation_deg,20200709-subject-01/20200709_150144,11,s0_l0,576,5629.908994376659
asymmetric,rotation_deg,20200709-subject-01/20200709_150144,11,s1_l1,576,5636.020373731852
asymmetric,rotation_deg,20200709-subject-01/20200709_150144,11,s1_l0,576,5611.841625183821
asymmetric,rotation_deg,20200709-subject-01/20200709_150144,11,fp,576,13469.552601993084
asymmetric,rotation_deg,20200709-subject-01/20200709_150524,12,residual,576,19406.86701375246
asymmetric,rotation_deg,20200709-subject-01/20200709_150524,12,s0_l1,576,18760.26132696867
asymmetric,rotation_deg,20200709-subject-01/20200709_150524,12,s0_l0,576,18594.716881990433
asymmetric,rotation_deg,20200709-subject-01/20200709_150524,12,s1_l1,576,18595.274202108383
asymmetric,rotation_deg,20200709-subject-01/20200709_150524,12,s1_l0,576,18529.59704965353
asymmetric,rotation_deg,20200709-subject-01/20200709_150524,12,fp,576,13079.249361723661
asymmetric,rotation_deg,20200709-subject-01/20200709_151246,14,residual,473,8805.718526631594
asymmetric,rotation_deg,20200709-subject-01/20200709_151246,14,s0_l1,473,9451.686074346304
asymmetric,rotation_deg,20200709-subject-01/20200709_151246,14,s0_l0,473,9351.663920342922
asymmetric,rotation_deg,20200709-subject-01/20200709_151246,14,s1_l1,473,9154.929325938225
asymmetric,rotation_deg,20200709-subject-01/20200709_151246,14,s1_l0,473,8557.21644437313
asymmetric,rotation_deg,20200709-subject-01/20200709_151246,14,fp,473,8058.122169971466
asymmetric,rotation_deg,20200709-subject-01/20200709_151632,15,residual,576,2324.090840756893
asymmetric,rotation_deg,20200709-subject-01/20200709_151632,15,s0_l1,576,2331.942061662674
asymmetric,rotation_deg,20200709-subject-01/20200709_151632,15,s0_l0,576,2328.731742799282
asymmetric,rotation_deg,20200709-subject-01/20200709_151632,15,s1_l1,576,2368.1495896577835
asymmetric,rotation_deg,20200709-subject-01/20200709_151632,15,s1_l0,576,2367.7889298200607
asymmetric,rotation_deg,20200709-subject-01/20200709_151632,15,fp,576,1937.2737312316895
asymmetric,rotation_deg,20200709-subject-01/20200709_152420,17,residual,592,37193.70111334324
asymmetric,rotation_deg,20200709-subject-01/20200709_152420,17,s0_l1,592,37259.27821135521
asymmetric,rotation_deg,20200709-subject-01/20200709_152420,17,s0_l0,592,37631.577894210815
asymmetric,rotation_deg,20200709-subject-01/20200709_152420,17,s1_l1,592,37113.90544068813
asymmetric,rotation_deg,20200709-subject-01/20200709_152420,17,s1_l0,592,37467.45866382122
asymmetric,rotation_deg,20200709-subject-01/20200709_152420,17,fp,592,32436.634144067764
asymmetric,rotation_deg,20200813-subject-02/20200813_145920,2,residual,592,1662.7921015769243
asymmetric,rotation_deg,20200813-subject-02/20200813_145920,2,s0_l1,592,1664.1894379109144
asymmetric,rotation_deg,20200813-subject-02/20200813_145920,2,s0_l0,592,1649.7004688084126
asymmetric,rotation_deg,20200813-subject-02/20200813_145920,2,s1_l1,592,1667.147548481822
asymmetric,rotation_deg,20200813-subject-02/20200813_145920,2,s1_l0,592,1660.569257184863
asymmetric,rotation_deg,20200813-subject-02/20200813_145920,2,fp,592,1421.1940824091434
asymmetric,rotation_deg,20200813-subject-02/20200813_150228,3,residual,576,3590.2254651784897
asymmetric,rotation_deg,20200813-subject-02/20200813_150228,3,s0_l1,576,3379.6315499171615
asymmetric,rotation_deg,20200813-subject-02/20200813_150228,3,s0_l0,576,3388.0098167918622
asymmetric,rotation_deg,20200813-subject-02/20200813_150228,3,s1_l1,576,3446.36036413908
asymmetric,rotation_deg,20200813-subject-02/20200813_150228,3,s1_l0,576,3438.2427231520414
asymmetric,rotation_deg,20200813-subject-02/20200813_150228,3,fp,576,8225.223561137915
asymmetric,rotation_deg,20200813-subject-02/20200813_150535,4,residual,592,12491.885192871094
asymmetric,rotation_deg,20200813-subject-02/20200813_150535,4,s0_l1,592,12438.418516993523
asymmetric,rotation_deg,20200813-subject-02/20200813_150535,4,s0_l0,592,12531.36811542511
asymmetric,rotation_deg,20200813-subject-02/20200813_150535,4,s1_l1,592,12230.724868059158
asymmetric,rotation_deg,20200813-subject-02/20200813_150535,4,s1_l0,592,12232.21006333828
asymmetric,rotation_deg,20200813-subject-02/20200813_150535,4,fp,592,16978.38887220621
asymmetric,rotation_deg,20200813-subject-02/20200813_150823,5,residual,576,5481.157071083784
asymmetric,rotation_deg,20200813-subject-02/20200813_150823,5,s0_l1,576,5392.307540237904
asymmetric,rotation_deg,20200813-subject-02/20200813_150823,5,s0_l0,576,5448.721336781979
asymmetric,rotation_deg,20200813-subject-02/20200813_150823,5,s1_l1,576,5338.036798596382
asymmetric,rotation_deg,20200813-subject-02/20200813_150823,5,s1_l0,576,5373.9130250662565
asymmetric,rotation_deg,20200813-subject-02/20200813_150823,5,fp,576,6257.581688344479
asymmetric,rotation_deg,20200813-subject-02/20200813_151117,6,residual,576,20183.038512706757
asymmetric,rotation_deg,20200813-subject-02/20200813_151117,6,s0_l1,576,13149.603593826294
asymmetric,rotation_deg,20200813-subject-02/20200813_151117,6,s0_l0,576,13130.05615735054
asymmetric,rotation_deg,20200813-subject-02/20200813_151117,6,s1_l1,576,13382.094632148743
asymmetric,rotation_deg,20200813-subject-02/20200813_151117,6,s1_l0,576,13453.59911441803
asymmetric,rotation_deg,20200813-subject-02/20200813_151117,6,fp,576,38858.87453275919
asymmetric,rotation_deg,20200813-subject-02/20200813_151925,7,residual,576,3695.224985420704
asymmetric,rotation_deg,20200813-subject-02/20200813_151925,7,s0_l1,576,3651.835577249527
asymmetric,rotation_deg,20200813-subject-02/20200813_151925,7,s0_l0,576,3667.8965970873833
asymmetric,rotation_deg,20200813-subject-02/20200813_151925,7,s1_l1,576,3633.4902933835983
asymmetric,rotation_deg,20200813-subject-02/20200813_151925,7,s1_l0,576,3656.0809342861176
asymmetric,rotation_deg,20200813-subject-02/20200813_151925,7,fp,576,13566.550770521164
asymmetric,rotation_deg,20200813-subject-02/20200813_152215,8,residual,576,4796.446892619133
asymmetric,rotation_deg,20200813-subject-02/20200813_152215,8,s0_l1,576,4681.643807411194
asymmetric,rotation_deg,20200813-subject-02/20200813_152215,8,s0_l0,576,4706.875015079975
asymmetric,rotation_deg,20200813-subject-02/20200813_152215,8,s1_l1,576,4671.38635969162
asymmetric,rotation_deg,20200813-subject-02/20200813_152215,8,s1_l0,576,4685.151202976704
asymmetric,rotation_deg,20200813-subject-02/20200813_152215,8,fp,576,15281.814195096493
asymmetric,rotation_deg,20200813-subject-02/20200813_152513,9,residual,592,3948.3605670928955
asymmetric,rotation_deg,20200813-subject-02/20200813_152513,9,s0_l1,592,3959.255034983158
asymmetric,rotation_deg,20200813-subject-02/20200813_152513,9,s0_l0,592,3962.3836629390717
asymmetric,rotation_deg,20200813-subject-02/20200813_152513,9,s1_l1,592,4038.9091461896896
asymmetric,rotation_deg,20200813-subject-02/20200813_152513,9,s1_l0,592,4028.6711378097534
asymmetric,rotation_deg,20200813-subject-02/20200813_152513,9,fp,592,10178.153089880943
asymmetric,rotation_deg,20200813-subject-02/20200813_152842,10,residual,560,6054.302812457085
asymmetric,rotation_deg,20200813-subject-02/20200813_152842,10,s0_l1,560,6515.399414330721
asymmetric,rotation_deg,20200813-subject-02/20200813_152842,10,s0_l0,560,6473.867218613625
asymmetric,rotation_deg,20200813-subject-02/20200813_152842,10,s1_l1,560,6433.689345210791
asymmetric,rotation_deg,20200813-subject-02/20200813_152842,10,s1_l0,560,6428.92016851902
asymmetric,rotation_deg,20200813-subject-02/20200813_152842,10,fp,560,8882.56757903099
asymmetric,rotation_deg,20200813-subject-02/20200813_153152,11,residual,576,6912.539347171783
asymmetric,rotation_deg,20200813-subject-02/20200813_153152,11,s0_l1,576,7998.4248059391975
asymmetric,rotation_deg,20200813-subject-02/20200813_153152,11,s0_l0,576,7856.635826051235
asymmetric,rotation_deg,20200813-subject-02/20200813_153152,11,s1_l1,576,8044.423103183508
asymmetric,rotation_deg,20200813-subject-02/20200813_153152,11,s1_l0,576,7962.251200437546
asymmetric,rotation_deg,20200813-subject-02/20200813_153152,11,fp,576,4450.46514827013
asymmetric,rotation_deg,20200813-subject-02/20200813_153453,12,residual,576,9410.948760986328
asymmetric,rotation_deg,20200813-subject-02/20200813_153453,12,s0_l1,576,8764.237800776958
asymmetric,rotation_deg,20200813-subject-02/20200813_153453,12,s0_l0,576,8649.807182729244
asymmetric,rotation_deg,20200813-subject-02/20200813_153453,12,s1_l1,576,8738.133096754551
asymmetric,rotation_deg,20200813-subject-02/20200813_153453,12,s1_l0,576,8756.298052668571
asymmetric,rotation_deg,20200813-subject-02/20200813_153453,12,fp,576,4187.387884676456
asymmetric,rotation_deg,20200813-subject-02/20200813_154103,14,residual,592,10995.441947460175
asymmetric,rotation_deg,20200813-subject-02/20200813_154103,14,s0_l1,592,10749.523309469223
asymmetric,rotation_deg,20200813-subject-02/20200813_154103,14,s0_l0,592,10756.416411161423
asymmetric,rotation_deg,20200813-subject-02/20200813_154103,14,s1_l1,592,10761.25508093834
asymmetric,rotation_deg,20200813-subject-02/20200813_154103,14,s1_l0,592,10729.983212351799
asymmetric,rotation_deg,20200813-subject-02/20200813_154103,14,fp,592,19464.93985271454
asymmetric,rotation_deg,20200813-subject-02/20200813_154408,15,residual,544,5457.2777807712555
asymmetric,rotation_deg,20200813-subject-02/20200813_154408,15,s0_l1,544,5397.154980778694
asymmetric,rotation_deg,20200813-subject-02/20200813_154408,15,s0_l0,544,5388.630787014961
asymmetric,rotation_deg,20200813-subject-02/20200813_154408,15,s1_l1,544,5396.4321311712265
asymmetric,rotation_deg,20200813-subject-02/20200813_154408,15,s1_l0,544,5361.587198138237
asymmetric,rotation_deg,20200813-subject-02/20200813_154408,15,fp,544,3613.7426626086235
asymmetric,rotation_deg,20200813-subject-02/20200813_155021,17,residual,507,47641.155918598175
asymmetric,rotation_deg,20200813-subject-02/20200813_155021,17,s0_l1,507,54075.57011508942
asymmetric,rotation_deg,20200813-subject-02/20200813_155021,17,s0_l0,507,54359.415011405945
asymmetric,rotation_deg,20200813-subject-02/20200813_155021,17,s1_l1,507,54362.41930937767
asymmetric,rotation_deg,20200813-subject-02/20200813_155021,17,s1_l0,507,54148.58753466606
asymmetric,rotation_deg,20200813-subject-02/20200813_155021,17,fp,507,50858.32428646088
asymmetric,center_mm,20200709-subject-01/20200709_142446,2,residual,576,4892.488881081343
asymmetric,center_mm,20200709-subject-01/20200709_142446,2,s0_l1,576,5020.380233407021
asymmetric,center_mm,20200709-subject-01/20200709_142446,2,s0_l0,576,5057.0055313408375
asymmetric,center_mm,20200709-subject-01/20200709_142446,2,s1_l1,576,5049.524329334497
asymmetric,center_mm,20200709-subject-01/20200709_142446,2,s1_l0,576,5059.008094936609
asymmetric,center_mm,20200709-subject-01/20200709_142446,2,fp,576,5823.995846688747
asymmetric,center_mm,20200709-subject-01/20200709_142802,3,residual,505,2917.5428915023804
asymmetric,center_mm,20200709-subject-01/20200709_142802,3,s0_l1,505,2876.955131292343
asymmetric,center_mm,20200709-subject-01/20200709_142802,3,s0_l0,505,2862.434833884239
asymmetric,center_mm,20200709-subject-01/20200709_142802,3,s1_l1,505,2904.0220066308975
asymmetric,center_mm,20200709-subject-01/20200709_142802,3,s1_l0,505,2906.38148021698
asymmetric,center_mm,20200709-subject-01/20200709_142802,3,fp,505,5816.112704515457
asymmetric,center_mm,20200709-subject-01/20200709_143125,4,residual,576,2238.0020874738693
asymmetric,center_mm,20200709-subject-01/20200709_143125,4,s0_l1,576,2183.8125827014446
asymmetric,center_mm,20200709-subject-01/20200709_143125,4,s0_l0,576,2183.5083600580692
asymmetric,center_mm,20200709-subject-01/20200709_143125,4,s1_l1,576,2181.195467889309
asymmetric,center_mm,20200709-subject-01/20200709_143125,4,s1_l0,576,2183.4527202546597
asymmetric,center_mm,20200709-subject-01/20200709_143125,4,fp,576,3920.711239874363
asymmetric,center_mm,20200709-subject-01/20200709_143531,5,residual,569,5902.1896705031395
asymmetric,center_mm,20200709-subject-01/20200709_143531,5,s0_l1,569,6179.723007977009
asymmetric,center_mm,20200709-subject-01/20200709_143531,5,s0_l0,569,6070.59332293272
asymmetric,center_mm,20200709-subject-01/20200709_143531,5,s1_l1,569,6069.779286026955
asymmetric,center_mm,20200709-subject-01/20200709_143531,5,s1_l0,569,6162.9655604064465
asymmetric,center_mm,20200709-subject-01/20200709_143531,5,fp,569,4735.277120798826
asymmetric,center_mm,20200709-subject-01/20200709_143907,6,residual,576,3923.174711763859
asymmetric,center_mm,20200709-subject-01/20200709_143907,6,s0_l1,576,4144.886850357056
asymmetric,center_mm,20200709-subject-01/20200709_143907,6,s0_l0,576,4279.7750145196915
asymmetric,center_mm,20200709-subject-01/20200709_143907,6,s1_l1,576,4387.092207670212
asymmetric,center_mm,20200709-subject-01/20200709_143907,6,s1_l0,576,4414.937863111496
asymmetric,center_mm,20200709-subject-01/20200709_143907,6,fp,576,18364.49901229143
asymmetric,center_mm,20200709-subject-01/20200709_144313,7,residual,456,3404.3991001844406
asymmetric,center_mm,20200709-subject-01/20200709_144313,7,s0_l1,456,3386.90102738142
asymmetric,center_mm,20200709-subject-01/20200709_144313,7,s0_l0,456,3382.1051483750343
asymmetric,center_mm,20200709-subject-01/20200709_144313,7,s1_l1,456,3395.6182965636253
asymmetric,center_mm,20200709-subject-01/20200709_144313,7,s1_l0,456,3380.002592563629
asymmetric,center_mm,20200709-subject-01/20200709_144313,7,fp,456,9496.809571027756
asymmetric,center_mm,20200709-subject-01/20200709_144735,8,residual,576,5457.176534950733
asymmetric,center_mm,20200709-subject-01/20200709_144735,8,s0_l1,576,4834.22366797924
asymmetric,center_mm,20200709-subject-01/20200709_144735,8,s0_l0,576,4849.0858718156815
asymmetric,center_mm,20200709-subject-01/20200709_144735,8,s1_l1,576,5004.0436208844185
asymmetric,center_mm,20200709-subject-01/20200709_144735,8,s1_l0,576,5048.58654665947
asymmetric,center_mm,20200709-subject-01/20200709_144735,8,fp,576,4416.665708422661
asymmetric,center_mm,20200709-subject-01/20200709_145132,9,residual,592,3416.169024348259
asymmetric,center_mm,20200709-subject-01/20200709_145132,9,s0_l1,592,3362.121694892645
asymmetric,center_mm,20200709-subject-01/20200709_145132,9,s0_l0,592,3363.3403676748276
asymmetric,center_mm,20200709-subject-01/20200709_145132,9,s1_l1,592,3388.474530875683
asymmetric,center_mm,20200709-subject-01/20200709_145132,9,s1_l0,592,3385.1261990070343
asymmetric,center_mm,20200709-subject-01/20200709_145132,9,fp,592,3714.7588878273964
asymmetric,center_mm,20200709-subject-01/20200709_145743,10,residual,576,5878.930130243301
asymmetric,center_mm,20200709-subject-01/20200709_145743,10,s0_l1,576,6005.536371707916
asymmetric,center_mm,20200709-subject-01/20200709_145743,10,s0_l0,576,6040.469886302948
asymmetric,center_mm,20200709-subject-01/20200709_145743,10,s1_l1,576,6088.6076810359955
asymmetric,center_mm,20200709-subject-01/20200709_145743,10,s1_l0,576,6032.46175134182
asymmetric,center_mm,20200709-subject-01/20200709_145743,10,fp,576,24952.596378564835
asymmetric,center_mm,20200709-subject-01/20200709_150144,11,residual,576,4656.718617677689
asymmetric,center_mm,20200709-subject-01/20200709_150144,11,s0_l1,576,4647.500822126865
asymmetric,center_mm,20200709-subject-01/20200709_150144,11,s0_l0,576,4648.41816931963
asymmetric,center_mm,20200709-subject-01/20200709_150144,11,s1_l1,576,4686.19928663969
asymmetric,center_mm,20200709-subject-01/20200709_150144,11,s1_l0,576,4696.965326488018
asymmetric,center_mm,20200709-subject-01/20200709_150144,11,fp,576,6675.502291560173
asymmetric,center_mm,20200709-subject-01/20200709_150524,12,residual,576,13415.248089313507
asymmetric,center_mm,20200709-subject-01/20200709_150524,12,s0_l1,576,8028.876563072205
asymmetric,center_mm,20200709-subject-01/20200709_150524,12,s0_l0,576,7423.276587367058
asymmetric,center_mm,20200709-subject-01/20200709_150524,12,s1_l1,576,7472.033436596394
asymmetric,center_mm,20200709-subject-01/20200709_150524,12,s1_l0,576,7400.186225533485
asymmetric,center_mm,20200709-subject-01/20200709_150524,12,fp,576,34552.44887524843
asymmetric,center_mm,20200709-subject-01/20200709_151246,14,residual,473,3602.977524191141
asymmetric,center_mm,20200709-subject-01/20200709_151246,14,s0_l1,473,3833.9281688928604
asymmetric,center_mm,20200709-subject-01/20200709_151246,14,s0_l0,473,3812.005972981453
asymmetric,center_mm,20200709-subject-01/20200709_151246,14,s1_l1,473,3722.4301344156265
asymmetric,center_mm,20200709-subject-01/20200709_151246,14,s1_l0,473,3649.3695001602173
asymmetric,center_mm,20200709-subject-01/20200709_151246,14,fp,473,4977.746926903725
asymmetric,center_mm,20200709-subject-01/20200709_151632,15,residual,576,3565.460244268179
asymmetric,center_mm,20200709-subject-01/20200709_151632,15,s0_l1,576,3585.3425074219704
asymmetric,center_mm,20200709-subject-01/20200709_151632,15,s0_l0,576,3573.5720967054367
asymmetric,center_mm,20200709-subject-01/20200709_151632,15,s1_l1,576,3635.6606434062123
asymmetric,center_mm,20200709-subject-01/20200709_151632,15,s1_l0,576,3627.3588465973735
asymmetric,center_mm,20200709-subject-01/20200709_151632,15,fp,576,5742.1243388056755
asymmetric,center_mm,20200709-subject-01/20200709_152420,17,residual,592,14287.6663980484
asymmetric,center_mm,20200709-subject-01/20200709_152420,17,s0_l1,592,13334.605119764805
asymmetric,center_mm,20200709-subject-01/20200709_152420,17,s0_l0,592,13324.213545143604
asymmetric,center_mm,20200709-subject-01/20200709_152420,17,s1_l1,592,13555.91695034504
asymmetric,center_mm,20200709-subject-01/20200709_152420,17,s1_l0,592,13597.883958816528
asymmetric,center_mm,20200709-subject-01/20200709_152420,17,fp,592,14305.570981740952
asymmetric,center_mm,20200813-subject-02/20200813_145920,2,residual,592,3370.462160527706
asymmetric,center_mm,20200813-subject-02/20200813_145920,2,s0_l1,592,3316.6280821561813
asymmetric,center_mm,20200813-subject-02/20200813_145920,2,s0_l0,592,3311.3440809845924
asymmetric,center_mm,20200813-subject-02/20200813_145920,2,s1_l1,592,3396.857214808464
asymmetric,center_mm,20200813-subject-02/20200813_145920,2,s1_l0,592,3393.848840266466
asymmetric,center_mm,20200813-subject-02/20200813_145920,2,fp,592,3920.401903629303
asymmetric,center_mm,20200813-subject-02/20200813_150228,3,residual,576,3706.667924940586
asymmetric,center_mm,20200813-subject-02/20200813_150228,3,s0_l1,576,3473.5741643309593
asymmetric,center_mm,20200813-subject-02/20200813_150228,3,s0_l0,576,3478.72687754035
asymmetric,center_mm,20200813-subject-02/20200813_150228,3,s1_l1,576,3472.3707981705666
asymmetric,center_mm,20200813-subject-02/20200813_150228,3,s1_l0,576,3495.4989005327225
asymmetric,center_mm,20200813-subject-02/20200813_150228,3,fp,576,30257.68646211922
asymmetric,center_mm,20200813-subject-02/20200813_150535,4,residual,592,3905.3844860196114
asymmetric,center_mm,20200813-subject-02/20200813_150535,4,s0_l1,592,3717.089741140604
asymmetric,center_mm,20200813-subject-02/20200813_150535,4,s0_l0,592,3759.580354243517
asymmetric,center_mm,20200813-subject-02/20200813_150535,4,s1_l1,592,3757.52990090847
asymmetric,center_mm,20200813-subject-02/20200813_150535,4,s1_l0,592,3776.5995797514915
asymmetric,center_mm,20200813-subject-02/20200813_150535,4,fp,592,66635.29987299442
asymmetric,center_mm,20200813-subject-02/20200813_150823,5,residual,576,5798.443669438362
asymmetric,center_mm,20200813-subject-02/20200813_150823,5,s0_l1,576,5820.302458047867
asymmetric,center_mm,20200813-subject-02/20200813_150823,5,s0_l0,576,5746.306729316711
asymmetric,center_mm,20200813-subject-02/20200813_150823,5,s1_l1,576,5784.983379125595
asymmetric,center_mm,20200813-subject-02/20200813_150823,5,s1_l0,576,5798.781562030315
asymmetric,center_mm,20200813-subject-02/20200813_150823,5,fp,576,19644.959352731705
asymmetric,center_mm,20200813-subject-02/20200813_151117,6,residual,576,17773.721114873886
asymmetric,center_mm,20200813-subject-02/20200813_151117,6,s0_l1,576,3578.816537320614
asymmetric,center_mm,20200813-subject-02/20200813_151117,6,s0_l0,576,3576.665674328804
asymmetric,center_mm,20200813-subject-02/20200813_151117,6,s1_l1,576,3580.711775869131
asymmetric,center_mm,20200813-subject-02/20200813_151117,6,s1_l0,576,3584.628991961479
asymmetric,center_mm,20200813-subject-02/20200813_151117,6,fp,576,86005.97649043798
asymmetric,center_mm,20200813-subject-02/20200813_151925,7,residual,576,3947.7227099835873
asymmetric,center_mm,20200813-subject-02/20200813_151925,7,s0_l1,576,3842.7095217108727
asymmetric,center_mm,20200813-subject-02/20200813_151925,7,s0_l0,576,3858.618998259306
asymmetric,center_mm,20200813-subject-02/20200813_151925,7,s1_l1,576,3828.5690670907497
asymmetric,center_mm,20200813-subject-02/20200813_151925,7,s1_l0,576,3831.223970681429
asymmetric,center_mm,20200813-subject-02/20200813_151925,7,fp,576,44849.41750651598
asymmetric,center_mm,20200813-subject-02/20200813_152215,8,residual,576,3143.779409199953
asymmetric,center_mm,20200813-subject-02/20200813_152215,8,s0_l1,576,2962.9003586173058
asymmetric,center_mm,20200813-subject-02/20200813_152215,8,s0_l0,576,2967.4706507325172
asymmetric,center_mm,20200813-subject-02/20200813_152215,8,s1_l1,576,2958.7445275187492
asymmetric,center_mm,20200813-subject-02/20200813_152215,8,s1_l0,576,2966.9321370124817
asymmetric,center_mm,20200813-subject-02/20200813_152215,8,fp,576,37104.141982227564
asymmetric,center_mm,20200813-subject-02/20200813_152513,9,residual,592,4795.773841619492
asymmetric,center_mm,20200813-subject-02/20200813_152513,9,s0_l1,592,4800.994103372097
asymmetric,center_mm,20200813-subject-02/20200813_152513,9,s0_l0,592,4774.898238062859
asymmetric,center_mm,20200813-subject-02/20200813_152513,9,s1_l1,592,4823.469564676285
asymmetric,center_mm,20200813-subject-02/20200813_152513,9,s1_l0,592,4798.527798652649
asymmetric,center_mm,20200813-subject-02/20200813_152513,9,fp,592,38152.987452328205
asymmetric,center_mm,20200813-subject-02/20200813_152842,10,residual,560,7612.624674320221
asymmetric,center_mm,20200813-subject-02/20200813_152842,10,s0_l1,560,7450.614541620016
asymmetric,center_mm,20200813-subject-02/20200813_152842,10,s0_l0,560,7547.422082722187
asymmetric,center_mm,20200813-subject-02/20200813_152842,10,s1_l1,560,7493.994719713926
asymmetric,center_mm,20200813-subject-02/20200813_152842,10,s1_l0,560,7550.52421733737
asymmetric,center_mm,20200813-subject-02/20200813_152842,10,fp,560,27037.539806365967
asymmetric,center_mm,20200813-subject-02/20200813_153152,11,residual,576,4280.499284505844
asymmetric,center_mm,20200813-subject-02/20200813_153152,11,s0_l1,576,4319.5426144599915
asymmetric,center_mm,20200813-subject-02/20200813_153152,11,s0_l0,576,4318.930307149887
asymmetric,center_mm,20200813-subject-02/20200813_153152,11,s1_l1,576,4291.536218032241
asymmetric,center_mm,20200813-subject-02/20200813_153152,11,s1_l0,576,4282.442467018962
asymmetric,center_mm,20200813-subject-02/20200813_153152,11,fp,576,6512.125165820122
asymmetric,center_mm,20200813-subject-02/20200813_153453,12,residual,576,6179.926645100117
asymmetric,center_mm,20200813-subject-02/20200813_153453,12,s0_l1,576,5447.233958542347
asymmetric,center_mm,20200813-subject-02/20200813_153453,12,s0_l0,576,5507.226391583681
asymmetric,center_mm,20200813-subject-02/20200813_153453,12,s1_l1,576,5518.690900653601
asymmetric,center_mm,20200813-subject-02/20200813_153453,12,s1_l0,576,5512.660282701254
asymmetric,center_mm,20200813-subject-02/20200813_153453,12,fp,576,6774.828288435936
asymmetric,center_mm,20200813-subject-02/20200813_154103,14,residual,592,4824.282369196415
asymmetric,center_mm,20200813-subject-02/20200813_154103,14,s0_l1,592,4785.370548188686
asymmetric,center_mm,20200813-subject-02/20200813_154103,14,s0_l0,592,4775.004853606224
asymmetric,center_mm,20200813-subject-02/20200813_154103,14,s1_l1,592,4813.646236419678
asymmetric,center_mm,20200813-subject-02/20200813_154103,14,s1_l0,592,4799.786237776279
asymmetric,center_mm,20200813-subject-02/20200813_154103,14,fp,592,45848.17068517208
asymmetric,center_mm,20200813-subject-02/20200813_154408,15,residual,544,7299.545388221741
asymmetric,center_mm,20200813-subject-02/20200813_154408,15,s0_l1,544,7428.254603266716
asymmetric,center_mm,20200813-subject-02/20200813_154408,15,s0_l0,544,7432.047962188721
asymmetric,center_mm,20200813-subject-02/20200813_154408,15,s1_l1,544,7552.357550740242
asymmetric,center_mm,20200813-subject-02/20200813_154408,15,s1_l0,544,7559.929572582245
asymmetric,center_mm,20200813-subject-02/20200813_154408,15,fp,544,8983.990465164185
asymmetric,center_mm,20200813-subject-02/20200813_155021,17,residual,507,18043.534566283226
asymmetric,center_mm,20200813-subject-02/20200813_155021,17,s0_l1,507,39239.959562540054
asymmetric,center_mm,20200813-subject-02/20200813_155021,17,s0_l0,507,39016.35535168648
asymmetric,center_mm,20200813-subject-02/20200813_155021,17,s1_l1,507,39233.777715444565
asymmetric,center_mm,20200813-subject-02/20200813_155021,17,s1_l0,507,39925.29031038284
asymmetric,center_mm,20200813-subject-02/20200813_155021,17,fp,507,96952.23319339752
symmetric,add_01,20200709-subject-01/20200709_142123,1,residual,592,28500.0
symmetric,add_01,20200709-subject-01/20200709_142123,1,s0_l1,592,28200.0
symmetric,add_01,20200709-subject-01/20200709_142123,1,s0_l0,592,28400.0
symmetric,add_01,20200709-subject-01/20200709_142123,1,s1_l1,592,27300.0
symmetric,add_01,20200709-subject-01/20200709_142123,1,s1_l0,592,28700.0
symmetric,add_01,20200709-subject-01/20200709_142123,1,fp,592,34100.0
symmetric,add_01,20200709-subject-01/20200709_150906,13,residual,592,19800.0
symmetric,add_01,20200709-subject-01/20200709_150906,13,s0_l1,592,20900.0
symmetric,add_01,20200709-subject-01/20200709_150906,13,s0_l0,592,21600.0
symmetric,add_01,20200709-subject-01/20200709_150906,13,s1_l1,592,23400.0
symmetric,add_01,20200709-subject-01/20200709_150906,13,s1_l0,592,22800.0
symmetric,add_01,20200709-subject-01/20200709_150906,13,fp,592,5000.0
symmetric,add_01,20200709-subject-01/20200709_151948,16,residual,576,28500.0
symmetric,add_01,20200709-subject-01/20200709_151948,16,s0_l1,576,28600.0
symmetric,add_01,20200709-subject-01/20200709_151948,16,s0_l0,576,28600.0
symmetric,add_01,20200709-subject-01/20200709_151948,16,s1_l1,576,28500.0
symmetric,add_01,20200709-subject-01/20200709_151948,16,s1_l0,576,28500.0
symmetric,add_01,20200709-subject-01/20200709_151948,16,fp,576,27600.0
symmetric,add_01,20200709-subject-01/20200709_152757,18,residual,576,16600.0
symmetric,add_01,20200709-subject-01/20200709_152757,18,s0_l1,576,24400.0
symmetric,add_01,20200709-subject-01/20200709_152757,18,s0_l0,576,23100.0
symmetric,add_01,20200709-subject-01/20200709_152757,18,s1_l1,576,25900.0
symmetric,add_01,20200709-subject-01/20200709_152757,18,s1_l0,576,26000.0
symmetric,add_01,20200709-subject-01/20200709_152757,18,fp,576,29300.0
symmetric,add_01,20200709-subject-01/20200709_153148,20,residual,576,13800.0
symmetric,add_01,20200709-subject-01/20200709_153148,20,s0_l1,576,14000.0
symmetric,add_01,20200709-subject-01/20200709_153148,20,s0_l0,576,14100.0
symmetric,add_01,20200709-subject-01/20200709_153148,20,s1_l1,576,14000.0
symmetric,add_01,20200709-subject-01/20200709_153148,20,s1_l0,576,14100.0
symmetric,add_01,20200709-subject-01/20200709_153148,20,fp,576,20200.0
symmetric,add_01,20200709-subject-01/20200709_153548,21,residual,576,13400.0
symmetric,add_01,20200709-subject-01/20200709_153548,21,s0_l1,576,13100.0
symmetric,add_01,20200709-subject-01/20200709_153548,21,s0_l0,576,13100.0
symmetric,add_01,20200709-subject-01/20200709_153548,21,s1_l1,576,13300.0
symmetric,add_01,20200709-subject-01/20200709_153548,21,s1_l0,576,13200.0
symmetric,add_01,20200709-subject-01/20200709_153548,21,fp,576,6400.0
symmetric,add_01,20200813-subject-02/20200813_145612,1,residual,592,24000.0
symmetric,add_01,20200813-subject-02/20200813_145612,1,s0_l1,592,24600.0
symmetric,add_01,20200813-subject-02/20200813_145612,1,s0_l0,592,24700.0
symmetric,add_01,20200813-subject-02/20200813_145612,1,s1_l1,592,24200.0
symmetric,add_01,20200813-subject-02/20200813_145612,1,s1_l0,592,23800.0
symmetric,add_01,20200813-subject-02/20200813_145612,1,fp,592,11100.0
symmetric,add_01,20200813-subject-02/20200813_153802,13,residual,576,0.0
symmetric,add_01,20200813-subject-02/20200813_153802,13,s0_l1,576,0.0
symmetric,add_01,20200813-subject-02/20200813_153802,13,s0_l0,576,0.0
symmetric,add_01,20200813-subject-02/20200813_153802,13,s1_l1,576,0.0
symmetric,add_01,20200813-subject-02/20200813_153802,13,s1_l0,576,0.0
symmetric,add_01,20200813-subject-02/20200813_153802,13,fp,576,0.0
symmetric,add_01,20200813-subject-02/20200813_154729,16,residual,576,0.0
symmetric,add_01,20200813-subject-02/20200813_154729,16,s0_l1,576,0.0
symmetric,add_01,20200813-subject-02/20200813_154729,16,s0_l0,576,0.0
symmetric,add_01,20200813-subject-02/20200813_154729,16,s1_l1,576,0.0
symmetric,add_01,20200813-subject-02/20200813_154729,16,s1_l0,576,0.0
symmetric,add_01,20200813-subject-02/20200813_154729,16,fp,576,0.0
symmetric,add_01,20200813-subject-02/20200813_155314,18,residual,592,17000.0
symmetric,add_01,20200813-subject-02/20200813_155314,18,s0_l1,592,16600.0
symmetric,add_01,20200813-subject-02/20200813_155314,18,s0_l0,592,17900.0
symmetric,add_01,20200813-subject-02/20200813_155314,18,s1_l1,592,17800.0
symmetric,add_01,20200813-subject-02/20200813_155314,18,s1_l0,592,17600.0
symmetric,add_01,20200813-subject-02/20200813_155314,18,fp,592,6000.0
symmetric,add_01,20200813-subject-02/20200813_155633,20,residual,576,12000.0
symmetric,add_01,20200813-subject-02/20200813_155633,20,s0_l1,576,12000.0
symmetric,add_01,20200813-subject-02/20200813_155633,20,s0_l0,576,11900.0
symmetric,add_01,20200813-subject-02/20200813_155633,20,s1_l1,576,12000.0
symmetric,add_01,20200813-subject-02/20200813_155633,20,s1_l0,576,12100.0
symmetric,add_01,20200813-subject-02/20200813_155633,20,fp,576,15100.0
symmetric,add_01,20200813-subject-02/20200813_155953,21,residual,592,12900.0
symmetric,add_01,20200813-subject-02/20200813_155953,21,s0_l1,592,12800.0
symmetric,add_01,20200813-subject-02/20200813_155953,21,s0_l0,592,12700.0
symmetric,add_01,20200813-subject-02/20200813_155953,21,s1_l1,592,12800.0
symmetric,add_01,20200813-subject-02/20200813_155953,21,s1_l0,592,12600.0
symmetric,add_01,20200813-subject-02/20200813_155953,21,fp,592,4500.0
symmetric,adds_005,20200709-subject-01/20200709_142123,1,residual,592,58800.0
symmetric,adds_005,20200709-subject-01/20200709_142123,1,s0_l1,592,58800.0
symmetric,adds_005,20200709-subject-01/20200709_142123,1,s0_l0,592,58800.0
symmetric,adds_005,20200709-subject-01/20200709_142123,1,s1_l1,592,58800.0
symmetric,adds_005,20200709-subject-01/20200709_142123,1,s1_l0,592,58800.0
symmetric,adds_005,20200709-subject-01/20200709_142123,1,fp,592,58000.0
symmetric,adds_005,20200709-subject-01/20200709_150906,13,residual,592,56700.0
symmetric,adds_005,20200709-subject-01/20200709_150906,13,s0_l1,592,56300.0
symmetric,adds_005,20200709-subject-01/20200709_150906,13,s0_l0,592,56300.0
symmetric,adds_005,20200709-subject-01/20200709_150906,13,s1_l1,592,56400.0
symmetric,adds_005,20200709-subject-01/20200709_150906,13,s1_l0,592,56400.0
symmetric,adds_005,20200709-subject-01/20200709_150906,13,fp,592,58700.0
symmetric,adds_005,20200709-subject-01/20200709_151948,16,residual,576,55900.0
symmetric,adds_005,20200709-subject-01/20200709_151948,16,s0_l1,576,55800.0
symmetric,adds_005,20200709-subject-01/20200709_151948,16,s0_l0,576,55800.0
symmetric,adds_005,20200709-subject-01/20200709_151948,16,s1_l1,576,55800.0
symmetric,adds_005,20200709-subject-01/20200709_151948,16,s1_l0,576,55800.0
symmetric,adds_005,20200709-subject-01/20200709_151948,16,fp,576,55400.0
symmetric,adds_005,20200709-subject-01/20200709_152757,18,residual,576,28700.0
symmetric,adds_005,20200709-subject-01/20200709_152757,18,s0_l1,576,36800.0
symmetric,adds_005,20200709-subject-01/20200709_152757,18,s0_l0,576,34600.0
symmetric,adds_005,20200709-subject-01/20200709_152757,18,s1_l1,576,37500.0
symmetric,adds_005,20200709-subject-01/20200709_152757,18,s1_l0,576,37400.0
symmetric,adds_005,20200709-subject-01/20200709_152757,18,fp,576,40400.0
symmetric,adds_005,20200709-subject-01/20200709_153148,20,residual,576,38900.0
symmetric,adds_005,20200709-subject-01/20200709_153148,20,s0_l1,576,37900.0
symmetric,adds_005,20200709-subject-01/20200709_153148,20,s0_l0,576,38300.0
symmetric,adds_005,20200709-subject-01/20200709_153148,20,s1_l1,576,37700.0
symmetric,adds_005,20200709-subject-01/20200709_153148,20,s1_l0,576,38300.0
symmetric,adds_005,20200709-subject-01/20200709_153148,20,fp,576,46200.0
symmetric,adds_005,20200709-subject-01/20200709_153548,21,residual,576,45800.0
symmetric,adds_005,20200709-subject-01/20200709_153548,21,s0_l1,576,45500.0
symmetric,adds_005,20200709-subject-01/20200709_153548,21,s0_l0,576,45400.0
symmetric,adds_005,20200709-subject-01/20200709_153548,21,s1_l1,576,45600.0
symmetric,adds_005,20200709-subject-01/20200709_153548,21,s1_l0,576,45700.0
symmetric,adds_005,20200709-subject-01/20200709_153548,21,fp,576,33200.0
symmetric,adds_005,20200813-subject-02/20200813_145612,1,residual,592,59200.0
symmetric,adds_005,20200813-subject-02/20200813_145612,1,s0_l1,592,58800.0
symmetric,adds_005,20200813-subject-02/20200813_145612,1,s0_l0,592,58800.0
symmetric,adds_005,20200813-subject-02/20200813_145612,1,s1_l1,592,58800.0
symmetric,adds_005,20200813-subject-02/20200813_145612,1,s1_l0,592,58800.0
symmetric,adds_005,20200813-subject-02/20200813_145612,1,fp,592,57700.0
symmetric,adds_005,20200813-subject-02/20200813_153802,13,residual,576,53100.0
symmetric,adds_005,20200813-subject-02/20200813_153802,13,s0_l1,576,53200.0
symmetric,adds_005,20200813-subject-02/20200813_153802,13,s0_l0,576,53200.0
symmetric,adds_005,20200813-subject-02/20200813_153802,13,s1_l1,576,53200.0
symmetric,adds_005,20200813-subject-02/20200813_153802,13,s1_l0,576,53100.0
symmetric,adds_005,20200813-subject-02/20200813_153802,13,fp,576,45800.0
symmetric,adds_005,20200813-subject-02/20200813_154729,16,residual,576,56700.0
symmetric,adds_005,20200813-subject-02/20200813_154729,16,s0_l1,576,56700.0
symmetric,adds_005,20200813-subject-02/20200813_154729,16,s0_l0,576,56700.0
symmetric,adds_005,20200813-subject-02/20200813_154729,16,s1_l1,576,56700.0
symmetric,adds_005,20200813-subject-02/20200813_154729,16,s1_l0,576,56700.0
symmetric,adds_005,20200813-subject-02/20200813_154729,16,fp,576,57000.0
symmetric,adds_005,20200813-subject-02/20200813_155314,18,residual,592,33100.0
symmetric,adds_005,20200813-subject-02/20200813_155314,18,s0_l1,592,33300.0
symmetric,adds_005,20200813-subject-02/20200813_155314,18,s0_l0,592,34400.0
symmetric,adds_005,20200813-subject-02/20200813_155314,18,s1_l1,592,33100.0
symmetric,adds_005,20200813-subject-02/20200813_155314,18,s1_l0,592,33600.0
symmetric,adds_005,20200813-subject-02/20200813_155314,18,fp,592,15300.0
symmetric,adds_005,20200813-subject-02/20200813_155633,20,residual,576,50700.0
symmetric,adds_005,20200813-subject-02/20200813_155633,20,s0_l1,576,50600.0
symmetric,adds_005,20200813-subject-02/20200813_155633,20,s0_l0,576,50400.0
symmetric,adds_005,20200813-subject-02/20200813_155633,20,s1_l1,576,50300.0
symmetric,adds_005,20200813-subject-02/20200813_155633,20,s1_l0,576,50100.0
symmetric,adds_005,20200813-subject-02/20200813_155633,20,fp,576,42200.0
symmetric,adds_005,20200813-subject-02/20200813_155953,21,residual,592,32800.0
symmetric,adds_005,20200813-subject-02/20200813_155953,21,s0_l1,592,30200.0
symmetric,adds_005,20200813-subject-02/20200813_155953,21,s0_l0,592,30300.0
symmetric,adds_005,20200813-subject-02/20200813_155953,21,s1_l1,592,29100.0
symmetric,adds_005,20200813-subject-02/20200813_155953,21,s1_l0,592,31700.0
symmetric,adds_005,20200813-subject-02/20200813_155953,21,fp,592,12900.0
symmetric,adds_01,20200709-subject-01/20200709_142123,1,residual,592,59100.0
symmetric,adds_01,20200709-subject-01/20200709_142123,1,s0_l1,592,59100.0
symmetric,adds_01,20200709-subject-01/20200709_142123,1,s0_l0,592,59100.0
symmetric,adds_01,20200709-subject-01/20200709_142123,1,s1_l1,592,59100.0
symmetric,adds_01,20200709-subject-01/20200709_142123,1,s1_l0,592,59100.0
symmetric,adds_01,20200709-subject-01/20200709_142123,1,fp,592,59100.0
symmetric,adds_01,20200709-subject-01/20200709_150906,13,residual,592,59000.0
symmetric,adds_01,20200709-subject-01/20200709_150906,13,s0_l1,592,59000.0
symmetric,adds_01,20200709-subject-01/20200709_150906,13,s0_l0,592,59000.0
symmetric,adds_01,20200709-subject-01/20200709_150906,13,s1_l1,592,59000.0
symmetric,adds_01,20200709-subject-01/20200709_150906,13,s1_l0,592,59000.0
symmetric,adds_01,20200709-subject-01/20200709_150906,13,fp,592,59000.0
symmetric,adds_01,20200709-subject-01/20200709_151948,16,residual,576,56700.0
symmetric,adds_01,20200709-subject-01/20200709_151948,16,s0_l1,576,56700.0
symmetric,adds_01,20200709-subject-01/20200709_151948,16,s0_l0,576,56700.0
symmetric,adds_01,20200709-subject-01/20200709_151948,16,s1_l1,576,56700.0
symmetric,adds_01,20200709-subject-01/20200709_151948,16,s1_l0,576,56700.0
symmetric,adds_01,20200709-subject-01/20200709_151948,16,fp,576,55700.0
symmetric,adds_01,20200709-subject-01/20200709_152757,18,residual,576,40200.0
symmetric,adds_01,20200709-subject-01/20200709_152757,18,s0_l1,576,47100.0
symmetric,adds_01,20200709-subject-01/20200709_152757,18,s0_l0,576,44900.0
symmetric,adds_01,20200709-subject-01/20200709_152757,18,s1_l1,576,47300.0
symmetric,adds_01,20200709-subject-01/20200709_152757,18,s1_l0,576,47400.0
symmetric,adds_01,20200709-subject-01/20200709_152757,18,fp,576,46900.0
symmetric,adds_01,20200709-subject-01/20200709_153148,20,residual,576,51200.0
symmetric,adds_01,20200709-subject-01/20200709_153148,20,s0_l1,576,50700.0
symmetric,adds_01,20200709-subject-01/20200709_153148,20,s0_l0,576,50500.0
symmetric,adds_01,20200709-subject-01/20200709_153148,20,s1_l1,576,50100.0
symmetric,adds_01,20200709-subject-01/20200709_153148,20,s1_l0,576,49900.0
symmetric,adds_01,20200709-subject-01/20200709_153148,20,fp,576,50000.0
symmetric,adds_01,20200709-subject-01/20200709_153548,21,residual,576,57000.0
symmetric,adds_01,20200709-subject-01/20200709_153548,21,s0_l1,576,57000.0
symmetric,adds_01,20200709-subject-01/20200709_153548,21,s0_l0,576,57000.0
symmetric,adds_01,20200709-subject-01/20200709_153548,21,s1_l1,576,57100.0
symmetric,adds_01,20200709-subject-01/20200709_153548,21,s1_l0,576,57100.0
symmetric,adds_01,20200709-subject-01/20200709_153548,21,fp,576,54500.0
symmetric,adds_01,20200813-subject-02/20200813_145612,1,residual,592,59200.0
symmetric,adds_01,20200813-subject-02/20200813_145612,1,s0_l1,592,59200.0
symmetric,adds_01,20200813-subject-02/20200813_145612,1,s0_l0,592,59200.0
symmetric,adds_01,20200813-subject-02/20200813_145612,1,s1_l1,592,59200.0
symmetric,adds_01,20200813-subject-02/20200813_145612,1,s1_l0,592,59200.0
symmetric,adds_01,20200813-subject-02/20200813_145612,1,fp,592,59200.0
symmetric,adds_01,20200813-subject-02/20200813_153802,13,residual,576,53200.0
symmetric,adds_01,20200813-subject-02/20200813_153802,13,s0_l1,576,53200.0
symmetric,adds_01,20200813-subject-02/20200813_153802,13,s0_l0,576,53200.0
symmetric,adds_01,20200813-subject-02/20200813_153802,13,s1_l1,576,53200.0
symmetric,adds_01,20200813-subject-02/20200813_153802,13,s1_l0,576,53200.0
symmetric,adds_01,20200813-subject-02/20200813_153802,13,fp,576,49100.0
symmetric,adds_01,20200813-subject-02/20200813_154729,16,residual,576,57600.0
symmetric,adds_01,20200813-subject-02/20200813_154729,16,s0_l1,576,57600.0
symmetric,adds_01,20200813-subject-02/20200813_154729,16,s0_l0,576,57600.0
symmetric,adds_01,20200813-subject-02/20200813_154729,16,s1_l1,576,57600.0
symmetric,adds_01,20200813-subject-02/20200813_154729,16,s1_l0,576,57600.0
symmetric,adds_01,20200813-subject-02/20200813_154729,16,fp,576,57600.0
symmetric,adds_01,20200813-subject-02/20200813_155314,18,residual,592,46100.0
symmetric,adds_01,20200813-subject-02/20200813_155314,18,s0_l1,592,45800.0
symmetric,adds_01,20200813-subject-02/20200813_155314,18,s0_l0,592,45800.0
symmetric,adds_01,20200813-subject-02/20200813_155314,18,s1_l1,592,44300.0
symmetric,adds_01,20200813-subject-02/20200813_155314,18,s1_l0,592,45200.0
symmetric,adds_01,20200813-subject-02/20200813_155314,18,fp,592,20700.0
symmetric,adds_01,20200813-subject-02/20200813_155633,20,residual,576,56200.0
symmetric,adds_01,20200813-subject-02/20200813_155633,20,s0_l1,576,56300.0
symmetric,adds_01,20200813-subject-02/20200813_155633,20,s0_l0,576,56400.0
symmetric,adds_01,20200813-subject-02/20200813_155633,20,s1_l1,576,56100.0
symmetric,adds_01,20200813-subject-02/20200813_155633,20,s1_l0,576,56200.0
symmetric,adds_01,20200813-subject-02/20200813_155633,20,fp,576,45800.0
symmetric,adds_01,20200813-subject-02/20200813_155953,21,residual,592,57400.0
symmetric,adds_01,20200813-subject-02/20200813_155953,21,s0_l1,592,58200.0
symmetric,adds_01,20200813-subject-02/20200813_155953,21,s0_l0,592,57900.0
symmetric,adds_01,20200813-subject-02/20200813_155953,21,s1_l1,592,58100.0
symmetric,adds_01,20200813-subject-02/20200813_155953,21,s1_l0,592,58200.0
symmetric,adds_01,20200813-subject-02/20200813_155953,21,fp,592,24500.0
symmetric,rotation_deg,20200709-subject-01/20200709_142123,1,residual,592,28372.50327384472
symmetric,rotation_deg,20200709-subject-01/20200709_142123,1,s0_l1,592,28425.02796971798
symmetric,rotation_deg,20200709-subject-01/20200709_142123,1,s0_l0,592,28330.921276330948
symmetric,rotation_deg,20200709-subject-01/20200709_142123,1,s1_l1,592,28406.08923649788
symmetric,rotation_deg,20200709-subject-01/20200709_142123,1,s1_l0,592,28250.26545238495
symmetric,rotation_deg,20200709-subject-01/20200709_142123,1,fp,592,26431.024018764496
symmetric,rotation_deg,20200709-subject-01/20200709_150906,13,residual,592,19554.493761777878
symmetric,rotation_deg,20200709-subject-01/20200709_150906,13,s0_l1,592,19515.6769926548
symmetric,rotation_deg,20200709-subject-01/20200709_150906,13,s0_l0,592,19433.10651230812
symmetric,rotation_deg,20200709-subject-01/20200709_150906,13,s1_l1,592,19374.641313672066
symmetric,rotation_deg,20200709-subject-01/20200709_150906,13,s1_l0,592,19398.50301718712
symmetric,rotation_deg,20200709-subject-01/20200709_150906,13,fp,592,33367.5225328207
symmetric,rotation_deg,20200709-subject-01/20200709_151948,16,residual,576,52874.52637219429
symmetric,rotation_deg,20200709-subject-01/20200709_151948,16,s0_l1,576,52852.57298642397
symmetric,rotation_deg,20200709-subject-01/20200709_151948,16,s0_l0,576,52849.89779186249
symmetric,rotation_deg,20200709-subject-01/20200709_151948,16,s1_l1,576,52857.69473576546
symmetric,rotation_deg,20200709-subject-01/20200709_151948,16,s1_l0,576,52846.507887899876
symmetric,rotation_deg,20200709-subject-01/20200709_151948,16,fp,576,52537.88526678085
symmetric,rotation_deg,20200709-subject-01/20200709_152757,18,residual,508,28394.34870815277
symmetric,rotation_deg,20200709-subject-01/20200709_152757,18,s0_l1,508,26435.34213745594
symmetric,rotation_deg,20200709-subject-01/20200709_152757,18,s0_l0,508,25671.75251829624
symmetric,rotation_deg,20200709-subject-01/20200709_152757,18,s1_l1,508,25646.107293605804
symmetric,rotation_deg,20200709-subject-01/20200709_152757,18,s1_l0,508,25674.34033703804
symmetric,rotation_deg,20200709-subject-01/20200709_152757,18,fp,508,22835.3651406765
symmetric,rotation_deg,20200709-subject-01/20200709_153148,20,residual,525,58430.38696026802
symmetric,rotation_deg,20200709-subject-01/20200709_153148,20,s0_l1,525,58132.96389913559
symmetric,rotation_deg,20200709-subject-01/20200709_153148,20,s0_l0,525,58121.138385772705
symmetric,rotation_deg,20200709-subject-01/20200709_153148,20,s1_l1,525,58173.82844400406
symmetric,rotation_deg,20200709-subject-01/20200709_153148,20,s1_l0,525,58255.85566282272
symmetric,rotation_deg,20200709-subject-01/20200709_153148,20,fp,525,55207.9313095808
symmetric,rotation_deg,20200709-subject-01/20200709_153548,21,residual,576,69838.07758593559
symmetric,rotation_deg,20200709-subject-01/20200709_153548,21,s0_l1,576,70755.28094959259
symmetric,rotation_deg,20200709-subject-01/20200709_153548,21,s0_l0,576,70741.95509684086
symmetric,rotation_deg,20200709-subject-01/20200709_153548,21,s1_l1,576,70784.63408470154
symmetric,rotation_deg,20200709-subject-01/20200709_153548,21,s1_l0,576,70824.58723449707
symmetric,rotation_deg,20200709-subject-01/20200709_153548,21,fp,576,77718.94019472599
symmetric,rotation_deg,20200813-subject-02/20200813_145612,1,residual,592,40095.7623616457
symmetric,rotation_deg,20200813-subject-02/20200813_145612,1,s0_l1,592,39476.62105721235
symmetric,rotation_deg,20200813-subject-02/20200813_145612,1,s0_l0,592,39545.09440910816
symmetric,rotation_deg,20200813-subject-02/20200813_145612,1,s1_l1,592,39794.50299715996
symmetric,rotation_deg,20200813-subject-02/20200813_145612,1,s1_l0,592,39740.11181116104
symmetric,rotation_deg,20200813-subject-02/20200813_145612,1,fp,592,44647.429191827774
symmetric,rotation_deg,20200813-subject-02/20200813_153802,13,residual,576,63800.71604156494
symmetric,rotation_deg,20200813-subject-02/20200813_153802,13,s0_l1,576,66173.55065917969
symmetric,rotation_deg,20200813-subject-02/20200813_153802,13,s0_l0,576,66383.46503448486
symmetric,rotation_deg,20200813-subject-02/20200813_153802,13,s1_l1,576,66154.3711013794
symmetric,rotation_deg,20200813-subject-02/20200813_153802,13,s1_l0,576,66107.90144348145
symmetric,rotation_deg,20200813-subject-02/20200813_153802,13,fp,576,56234.015853881836
symmetric,rotation_deg,20200813-subject-02/20200813_154729,16,residual,576,102383.8724975586
symmetric,rotation_deg,20200813-subject-02/20200813_154729,16,s0_l1,576,102421.96842956543
symmetric,rotation_deg,20200813-subject-02/20200813_154729,16,s0_l0,576,102427.3498840332
symmetric,rotation_deg,20200813-subject-02/20200813_154729,16,s1_l1,576,102418.07447814941
symmetric,rotation_deg,20200813-subject-02/20200813_154729,16,s1_l0,576,102417.3623046875
symmetric,rotation_deg,20200813-subject-02/20200813_154729,16,fp,576,102570.92337036133
symmetric,rotation_deg,20200813-subject-02/20200813_155314,18,residual,535,40544.658257484436
symmetric,rotation_deg,20200813-subject-02/20200813_155314,18,s0_l1,535,39442.51542758942
symmetric,rotation_deg,20200813-subject-02/20200813_155314,18,s0_l0,535,38618.339096069336
symmetric,rotation_deg,20200813-subject-02/20200813_155314,18,s1_l1,535,38645.323845624924
symmetric,rotation_deg,20200813-subject-02/20200813_155314,18,s1_l0,535,41664.38805961609
symmetric,rotation_deg,20200813-subject-02/20200813_155314,18,fp,535,46086.18190717697
symmetric,rotation_deg,20200813-subject-02/20200813_155633,20,residual,576,65301.82724261284
symmetric,rotation_deg,20200813-subject-02/20200813_155633,20,s0_l1,576,65329.433791399
symmetric,rotation_deg,20200813-subject-02/20200813_155633,20,s0_l0,576,65336.06939959526
symmetric,rotation_deg,20200813-subject-02/20200813_155633,20,s1_l1,576,65301.827644884586
symmetric,rotation_deg,20200813-subject-02/20200813_155633,20,s1_l0,576,65265.93317180872
symmetric,rotation_deg,20200813-subject-02/20200813_155633,20,fp,576,62241.86534643173
symmetric,rotation_deg,20200813-subject-02/20200813_155953,21,residual,592,56869.3996527195
symmetric,rotation_deg,20200813-subject-02/20200813_155953,21,s0_l1,592,54419.835122823715
symmetric,rotation_deg,20200813-subject-02/20200813_155953,21,s0_l0,592,54491.8504781723
symmetric,rotation_deg,20200813-subject-02/20200813_155953,21,s1_l1,592,54442.93973660469
symmetric,rotation_deg,20200813-subject-02/20200813_155953,21,s1_l0,592,56809.21769964695
symmetric,rotation_deg,20200813-subject-02/20200813_155953,21,fp,592,64459.42195278406
symmetric,center_mm,20200709-subject-01/20200709_142123,1,residual,592,4001.9405440092087
symmetric,center_mm,20200709-subject-01/20200709_142123,1,s0_l1,592,3995.5965859889984
symmetric,center_mm,20200709-subject-01/20200709_142123,1,s0_l0,592,3989.1126623153687
symmetric,center_mm,20200709-subject-01/20200709_142123,1,s1_l1,592,4045.1690325737
symmetric,center_mm,20200709-subject-01/20200709_142123,1,s1_l0,592,4040.0169150829315
symmetric,center_mm,20200709-subject-01/20200709_142123,1,fp,592,3496.324549674988
symmetric,center_mm,20200709-subject-01/20200709_150906,13,residual,592,3659.8588661551476
symmetric,center_mm,20200709-subject-01/20200709_150906,13,s0_l1,592,3686.9450675845146
symmetric,center_mm,20200709-subject-01/20200709_150906,13,s0_l0,592,3680.4020667672157
symmetric,center_mm,20200709-subject-01/20200709_150906,13,s1_l1,592,3639.803736805916
symmetric,center_mm,20200709-subject-01/20200709_150906,13,s1_l0,592,3617.768501520157
symmetric,center_mm,20200709-subject-01/20200709_150906,13,fp,592,3888.1617153286934
symmetric,center_mm,20200709-subject-01/20200709_151948,16,residual,576,3050.7789576649666
symmetric,center_mm,20200709-subject-01/20200709_151948,16,s0_l1,576,3044.682112812996
symmetric,center_mm,20200709-subject-01/20200709_151948,16,s0_l0,576,3043.8866404891014
symmetric,center_mm,20200709-subject-01/20200709_151948,16,s1_l1,576,3054.867673575878
symmetric,center_mm,20200709-subject-01/20200709_151948,16,s1_l0,576,3057.9789524674416
symmetric,center_mm,20200709-subject-01/20200709_151948,16,fp,576,9140.713812708855
symmetric,center_mm,20200709-subject-01/20200709_152757,18,residual,508,13050.856481194496
symmetric,center_mm,20200709-subject-01/20200709_152757,18,s0_l1,508,5850.562341094017
symmetric,center_mm,20200709-subject-01/20200709_152757,18,s0_l0,508,6539.596753954887
symmetric,center_mm,20200709-subject-01/20200709_152757,18,s1_l1,508,5760.350097537041
symmetric,center_mm,20200709-subject-01/20200709_152757,18,s1_l0,508,5795.894837617874
symmetric,center_mm,20200709-subject-01/20200709_152757,18,fp,508,8680.703021287918
symmetric,center_mm,20200709-subject-01/20200709_153148,20,residual,525,13331.155381679535
symmetric,center_mm,20200709-subject-01/20200709_153148,20,s0_l1,525,13558.839730739594
symmetric,center_mm,20200709-subject-01/20200709_153148,20,s0_l0,525,13506.915929079056
symmetric,center_mm,20200709-subject-01/20200709_153148,20,s1_l1,525,13584.240091085434
symmetric,center_mm,20200709-subject-01/20200709_153148,20,s1_l0,525,13550.692475557327
symmetric,center_mm,20200709-subject-01/20200709_153148,20,fp,525,12502.103729486465
symmetric,center_mm,20200709-subject-01/20200709_153548,21,residual,576,3472.6792766451836
symmetric,center_mm,20200709-subject-01/20200709_153548,21,s0_l1,576,3393.7476878762245
symmetric,center_mm,20200709-subject-01/20200709_153548,21,s0_l0,576,3414.8229056596756
symmetric,center_mm,20200709-subject-01/20200709_153548,21,s1_l1,576,3338.6917389035225
symmetric,center_mm,20200709-subject-01/20200709_153548,21,s1_l0,576,3337.7129501104355
symmetric,center_mm,20200709-subject-01/20200709_153548,21,fp,576,10100.027593433857
symmetric,center_mm,20200813-subject-02/20200813_145612,1,residual,592,4084.3806462287903
symmetric,center_mm,20200813-subject-02/20200813_145612,1,s0_l1,592,4064.678681075573
symmetric,center_mm,20200813-subject-02/20200813_145612,1,s0_l0,592,4066.9307059645653
symmetric,center_mm,20200813-subject-02/20200813_145612,1,s1_l1,592,4101.926489174366
symmetric,center_mm,20200813-subject-02/20200813_145612,1,s1_l0,592,4094.5281210541725
symmetric,center_mm,20200813-subject-02/20200813_145612,1,fp,592,4914.336275219917
symmetric,center_mm,20200813-subject-02/20200813_153802,13,residual,576,7588.976881146431
symmetric,center_mm,20200813-subject-02/20200813_153802,13,s0_l1,576,7477.132636964321
symmetric,center_mm,20200813-subject-02/20200813_153802,13,s0_l0,576,7570.551529884338
symmetric,center_mm,20200813-subject-02/20200813_153802,13,s1_l1,576,7424.391643553972
symmetric,center_mm,20200813-subject-02/20200813_153802,13,s1_l0,576,7480.59874433279
symmetric,center_mm,20200813-subject-02/20200813_153802,13,fp,576,31187.91885948181
symmetric,center_mm,20200813-subject-02/20200813_154729,16,residual,576,3322.3430825173855
symmetric,center_mm,20200813-subject-02/20200813_154729,16,s0_l1,576,3279.886034101248
symmetric,center_mm,20200813-subject-02/20200813_154729,16,s0_l0,576,3277.9919232726097
symmetric,center_mm,20200813-subject-02/20200813_154729,16,s1_l1,576,3311.164981484413
symmetric,center_mm,20200813-subject-02/20200813_154729,16,s1_l0,576,3320.343625962734
symmetric,center_mm,20200813-subject-02/20200813_154729,16,fp,576,5202.2962002158165
symmetric,center_mm,20200813-subject-02/20200813_155314,18,residual,535,6657.145227193832
symmetric,center_mm,20200813-subject-02/20200813_155314,18,s0_l1,535,6261.572528243065
symmetric,center_mm,20200813-subject-02/20200813_155314,18,s0_l0,535,6170.237978219986
symmetric,center_mm,20200813-subject-02/20200813_155314,18,s1_l1,535,6342.907702803612
symmetric,center_mm,20200813-subject-02/20200813_155314,18,s1_l0,535,6081.8910076618195
symmetric,center_mm,20200813-subject-02/20200813_155314,18,fp,535,97094.44114100933
symmetric,center_mm,20200813-subject-02/20200813_155633,20,residual,576,14769.230065345764
symmetric,center_mm,20200813-subject-02/20200813_155633,20,s0_l1,576,14835.298346281052
symmetric,center_mm,20200813-subject-02/20200813_155633,20,s0_l0,576,14883.410881996155
symmetric,center_mm,20200813-subject-02/20200813_155633,20,s1_l1,576,14833.368652820587
symmetric,center_mm,20200813-subject-02/20200813_155633,20,s1_l0,576,14813.774354934692
symmetric,center_mm,20200813-subject-02/20200813_155633,20,fp,576,24971.100373983383
symmetric,center_mm,20200813-subject-02/20200813_155953,21,residual,592,4673.37731346488
symmetric,center_mm,20200813-subject-02/20200813_155953,21,s0_l1,592,4903.428375303745
symmetric,center_mm,20200813-subject-02/20200813_155953,21,s0_l0,592,4945.228924691677
symmetric,center_mm,20200813-subject-02/20200813_155953,21,s1_l1,592,4942.434670388699
symmetric,center_mm,20200813-subject-02/20200813_155953,21,s1_l0,592,4737.846604585648
symmetric,center_mm,20200813-subject-02/20200813_155953,21,fp,592,104020.85912275314
visibility_lt_03,add_01,20200709-subject-01/20200709_142446,2,residual,41,0.0
visibility_lt_03,add_01,20200709-subject-01/20200709_142446,2,s0_l1,41,0.0
visibility_lt_03,add_01,20200709-subject-01/20200709_142446,2,s0_l0,41,0.0
visibility_lt_03,add_01,20200709-subject-01/20200709_142446,2,s1_l1,41,0.0
visibility_lt_03,add_01,20200709-subject-01/20200709_142446,2,s1_l0,41,0.0
visibility_lt_03,add_01,20200709-subject-01/20200709_142446,2,fp,41,0.0
visibility_lt_03,add_01,20200709-subject-01/20200709_142802,3,residual,49,0.0
visibility_lt_03,add_01,20200709-subject-01/20200709_142802,3,s0_l1,49,0.0
visibility_lt_03,add_01,20200709-subject-01/20200709_142802,3,s0_l0,49,0.0
visibility_lt_03,add_01,20200709-subject-01/20200709_142802,3,s1_l1,49,0.0
visibility_lt_03,add_01,20200709-subject-01/20200709_142802,3,s1_l0,49,0.0
visibility_lt_03,add_01,20200709-subject-01/20200709_142802,3,fp,49,0.0
visibility_lt_03,add_01,20200709-subject-01/20200709_143907,6,residual,17,0.0
visibility_lt_03,add_01,20200709-subject-01/20200709_143907,6,s0_l1,17,0.0
visibility_lt_03,add_01,20200709-subject-01/20200709_143907,6,s0_l0,17,0.0
visibility_lt_03,add_01,20200709-subject-01/20200709_143907,6,s1_l1,17,0.0
visibility_lt_03,add_01,20200709-subject-01/20200709_143907,6,s1_l0,17,0.0
visibility_lt_03,add_01,20200709-subject-01/20200709_143907,6,fp,17,300.0
visibility_lt_03,add_01,20200709-subject-01/20200709_144313,7,residual,135,1300.0
visibility_lt_03,add_01,20200709-subject-01/20200709_144313,7,s0_l1,135,1600.0
visibility_lt_03,add_01,20200709-subject-01/20200709_144313,7,s0_l0,135,1600.0
visibility_lt_03,add_01,20200709-subject-01/20200709_144313,7,s1_l1,135,1600.0
visibility_lt_03,add_01,20200709-subject-01/20200709_144313,7,s1_l0,135,1600.0
visibility_lt_03,add_01,20200709-subject-01/20200709_144313,7,fp,135,400.0
visibility_lt_03,add_01,20200709-subject-01/20200709_144735,8,residual,61,2400.0
visibility_lt_03,add_01,20200709-subject-01/20200709_144735,8,s0_l1,61,2600.0
visibility_lt_03,add_01,20200709-subject-01/20200709_144735,8,s0_l0,61,2600.0
visibility_lt_03,add_01,20200709-subject-01/20200709_144735,8,s1_l1,61,2800.0
visibility_lt_03,add_01,20200709-subject-01/20200709_144735,8,s1_l0,61,2800.0
visibility_lt_03,add_01,20200709-subject-01/20200709_144735,8,fp,61,4000.0
visibility_lt_03,add_01,20200709-subject-01/20200709_145132,9,residual,59,5900.0
visibility_lt_03,add_01,20200709-subject-01/20200709_145132,9,s0_l1,59,5900.0
visibility_lt_03,add_01,20200709-subject-01/20200709_145132,9,s0_l0,59,5900.0
visibility_lt_03,add_01,20200709-subject-01/20200709_145132,9,s1_l1,59,5900.0
visibility_lt_03,add_01,20200709-subject-01/20200709_145132,9,s1_l0,59,5900.0
visibility_lt_03,add_01,20200709-subject-01/20200709_145132,9,fp,59,5900.0
visibility_lt_03,add_01,20200709-subject-01/20200709_151246,14,residual,115,0.0
visibility_lt_03,add_01,20200709-subject-01/20200709_151246,14,s0_l1,115,0.0
visibility_lt_03,add_01,20200709-subject-01/20200709_151246,14,s0_l0,115,0.0
visibility_lt_03,add_01,20200709-subject-01/20200709_151246,14,s1_l1,115,0.0
visibility_lt_03,add_01,20200709-subject-01/20200709_151246,14,s1_l0,115,0.0
visibility_lt_03,add_01,20200709-subject-01/20200709_151246,14,fp,115,0.0
visibility_lt_03,add_01,20200709-subject-01/20200709_151948,16,residual,3,0.0
visibility_lt_03,add_01,20200709-subject-01/20200709_151948,16,s0_l1,3,0.0
visibility_lt_03,add_01,20200709-subject-01/20200709_151948,16,s0_l0,3,0.0
visibility_lt_03,add_01,20200709-subject-01/20200709_151948,16,s1_l1,3,0.0
visibility_lt_03,add_01,20200709-subject-01/20200709_151948,16,s1_l0,3,0.0
visibility_lt_03,add_01,20200709-subject-01/20200709_151948,16,fp,3,0.0
visibility_lt_03,add_01,20200709-subject-01/20200709_153148,20,residual,50,0.0
visibility_lt_03,add_01,20200709-subject-01/20200709_153148,20,s0_l1,50,0.0
visibility_lt_03,add_01,20200709-subject-01/20200709_153148,20,s0_l0,50,0.0
visibility_lt_03,add_01,20200709-subject-01/20200709_153148,20,s1_l1,50,0.0
visibility_lt_03,add_01,20200709-subject-01/20200709_153148,20,s1_l0,50,0.0
visibility_lt_03,add_01,20200709-subject-01/20200709_153148,20,fp,50,0.0
visibility_lt_03,add_01,20200709-subject-01/20200709_153548,21,residual,22,100.0
visibility_lt_03,add_01,20200709-subject-01/20200709_153548,21,s0_l1,22,0.0
visibility_lt_03,add_01,20200709-subject-01/20200709_153548,21,s0_l0,22,0.0
visibility_lt_03,add_01,20200709-subject-01/20200709_153548,21,s1_l1,22,0.0
visibility_lt_03,add_01,20200709-subject-01/20200709_153548,21,s1_l0,22,0.0
visibility_lt_03,add_01,20200709-subject-01/20200709_153548,21,fp,22,0.0
visibility_lt_03,add_01,20200813-subject-02/20200813_150535,4,residual,5,0.0
visibility_lt_03,add_01,20200813-subject-02/20200813_150535,4,s0_l1,5,0.0
visibility_lt_03,add_01,20200813-subject-02/20200813_150535,4,s0_l0,5,0.0
visibility_lt_03,add_01,20200813-subject-02/20200813_150535,4,s1_l1,5,0.0
visibility_lt_03,add_01,20200813-subject-02/20200813_150535,4,s1_l0,5,0.0
visibility_lt_03,add_01,20200813-subject-02/20200813_150535,4,fp,5,0.0
visibility_lt_03,add_01,20200813-subject-02/20200813_151117,6,residual,16,0.0
visibility_lt_03,add_01,20200813-subject-02/20200813_151117,6,s0_l1,16,0.0
visibility_lt_03,add_01,20200813-subject-02/20200813_151117,6,s0_l0,16,0.0
visibility_lt_03,add_01,20200813-subject-02/20200813_151117,6,s1_l1,16,0.0
visibility_lt_03,add_01,20200813-subject-02/20200813_151117,6,s1_l0,16,0.0
visibility_lt_03,add_01,20200813-subject-02/20200813_151117,6,fp,16,0.0
visibility_lt_03,add_01,20200813-subject-02/20200813_151925,7,residual,15,600.0
visibility_lt_03,add_01,20200813-subject-02/20200813_151925,7,s0_l1,15,600.0
visibility_lt_03,add_01,20200813-subject-02/20200813_151925,7,s0_l0,15,600.0
visibility_lt_03,add_01,20200813-subject-02/20200813_151925,7,s1_l1,15,600.0
visibility_lt_03,add_01,20200813-subject-02/20200813_151925,7,s1_l0,15,600.0
visibility_lt_03,add_01,20200813-subject-02/20200813_151925,7,fp,15,1500.0
visibility_lt_03,add_01,20200813-subject-02/20200813_152215,8,residual,14,900.0
visibility_lt_03,add_01,20200813-subject-02/20200813_152215,8,s0_l1,14,900.0
visibility_lt_03,add_01,20200813-subject-02/20200813_152215,8,s0_l0,14,900.0
visibility_lt_03,add_01,20200813-subject-02/20200813_152215,8,s1_l1,14,900.0
visibility_lt_03,add_01,20200813-subject-02/20200813_152215,8,s1_l0,14,900.0
visibility_lt_03,add_01,20200813-subject-02/20200813_152215,8,fp,14,700.0
visibility_lt_03,add_01,20200813-subject-02/20200813_152513,9,residual,29,1200.0
visibility_lt_03,add_01,20200813-subject-02/20200813_152513,9,s0_l1,29,1200.0
visibility_lt_03,add_01,20200813-subject-02/20200813_152513,9,s0_l0,29,1200.0
visibility_lt_03,add_01,20200813-subject-02/20200813_152513,9,s1_l1,29,1200.0
visibility_lt_03,add_01,20200813-subject-02/20200813_152513,9,s1_l0,29,1200.0
visibility_lt_03,add_01,20200813-subject-02/20200813_152513,9,fp,29,200.0
visibility_lt_03,add_01,20200813-subject-02/20200813_152842,10,residual,8,300.0
visibility_lt_03,add_01,20200813-subject-02/20200813_152842,10,s0_l1,8,0.0
visibility_lt_03,add_01,20200813-subject-02/20200813_152842,10,s0_l0,8,0.0
visibility_lt_03,add_01,20200813-subject-02/20200813_152842,10,s1_l1,8,0.0
visibility_lt_03,add_01,20200813-subject-02/20200813_152842,10,s1_l0,8,0.0
visibility_lt_03,add_01,20200813-subject-02/20200813_152842,10,fp,8,400.0
visibility_lt_03,add_01,20200813-subject-02/20200813_153453,12,residual,61,1300.0
visibility_lt_03,add_01,20200813-subject-02/20200813_153453,12,s0_l1,61,2400.0
visibility_lt_03,add_01,20200813-subject-02/20200813_153453,12,s0_l0,61,2200.0
visibility_lt_03,add_01,20200813-subject-02/20200813_153453,12,s1_l1,61,2300.0
visibility_lt_03,add_01,20200813-subject-02/20200813_153453,12,s1_l0,61,2300.0
visibility_lt_03,add_01,20200813-subject-02/20200813_153453,12,fp,61,2800.0
visibility_lt_03,add_01,20200813-subject-02/20200813_153802,13,residual,37,0.0
visibility_lt_03,add_01,20200813-subject-02/20200813_153802,13,s0_l1,37,0.0
visibility_lt_03,add_01,20200813-subject-02/20200813_153802,13,s0_l0,37,0.0
visibility_lt_03,add_01,20200813-subject-02/20200813_153802,13,s1_l1,37,0.0
visibility_lt_03,add_01,20200813-subject-02/20200813_153802,13,s1_l0,37,0.0
visibility_lt_03,add_01,20200813-subject-02/20200813_153802,13,fp,37,0.0
visibility_lt_03,add_01,20200813-subject-02/20200813_154408,15,residual,12,0.0
visibility_lt_03,add_01,20200813-subject-02/20200813_154408,15,s0_l1,12,0.0
visibility_lt_03,add_01,20200813-subject-02/20200813_154408,15,s0_l0,12,0.0
visibility_lt_03,add_01,20200813-subject-02/20200813_154408,15,s1_l1,12,0.0
visibility_lt_03,add_01,20200813-subject-02/20200813_154408,15,s1_l0,12,0.0
visibility_lt_03,add_01,20200813-subject-02/20200813_154408,15,fp,12,0.0
visibility_lt_03,add_01,20200813-subject-02/20200813_155021,17,residual,59,0.0
visibility_lt_03,add_01,20200813-subject-02/20200813_155021,17,s0_l1,59,0.0
visibility_lt_03,add_01,20200813-subject-02/20200813_155021,17,s0_l0,59,0.0
visibility_lt_03,add_01,20200813-subject-02/20200813_155021,17,s1_l1,59,0.0
visibility_lt_03,add_01,20200813-subject-02/20200813_155021,17,s1_l0,59,0.0
visibility_lt_03,add_01,20200813-subject-02/20200813_155021,17,fp,59,0.0
visibility_lt_03,add_01,20200813-subject-02/20200813_155314,18,residual,79,700.0
visibility_lt_03,add_01,20200813-subject-02/20200813_155314,18,s0_l1,79,1300.0
visibility_lt_03,add_01,20200813-subject-02/20200813_155314,18,s0_l0,79,2500.0
visibility_lt_03,add_01,20200813-subject-02/20200813_155314,18,s1_l1,79,2600.0
visibility_lt_03,add_01,20200813-subject-02/20200813_155314,18,s1_l0,79,2600.0
visibility_lt_03,add_01,20200813-subject-02/20200813_155314,18,fp,79,0.0
visibility_lt_03,add_01,20200813-subject-02/20200813_155953,21,residual,15,0.0
visibility_lt_03,add_01,20200813-subject-02/20200813_155953,21,s0_l1,15,0.0
visibility_lt_03,add_01,20200813-subject-02/20200813_155953,21,s0_l0,15,0.0
visibility_lt_03,add_01,20200813-subject-02/20200813_155953,21,s1_l1,15,0.0
visibility_lt_03,add_01,20200813-subject-02/20200813_155953,21,s1_l0,15,0.0
visibility_lt_03,add_01,20200813-subject-02/20200813_155953,21,fp,15,0.0
visibility_lt_03,adds_005,20200709-subject-01/20200709_142446,2,residual,41,100.0
visibility_lt_03,adds_005,20200709-subject-01/20200709_142446,2,s0_l1,41,0.0
visibility_lt_03,adds_005,20200709-subject-01/20200709_142446,2,s0_l0,41,0.0
visibility_lt_03,adds_005,20200709-subject-01/20200709_142446,2,s1_l1,41,0.0
visibility_lt_03,adds_005,20200709-subject-01/20200709_142446,2,s1_l0,41,0.0
visibility_lt_03,adds_005,20200709-subject-01/20200709_142446,2,fp,41,100.0
visibility_lt_03,adds_005,20200709-subject-01/20200709_142802,3,residual,49,0.0
visibility_lt_03,adds_005,20200709-subject-01/20200709_142802,3,s0_l1,49,0.0
visibility_lt_03,adds_005,20200709-subject-01/20200709_142802,3,s0_l0,49,0.0
visibility_lt_03,adds_005,20200709-subject-01/20200709_142802,3,s1_l1,49,0.0
visibility_lt_03,adds_005,20200709-subject-01/20200709_142802,3,s1_l0,49,0.0
visibility_lt_03,adds_005,20200709-subject-01/20200709_142802,3,fp,49,0.0
visibility_lt_03,adds_005,20200709-subject-01/20200709_143907,6,residual,17,1200.0
visibility_lt_03,adds_005,20200709-subject-01/20200709_143907,6,s0_l1,17,1200.0
visibility_lt_03,adds_005,20200709-subject-01/20200709_143907,6,s0_l0,17,1200.0
visibility_lt_03,adds_005,20200709-subject-01/20200709_143907,6,s1_l1,17,1200.0
visibility_lt_03,adds_005,20200709-subject-01/20200709_143907,6,s1_l0,17,1200.0
visibility_lt_03,adds_005,20200709-subject-01/20200709_143907,6,fp,17,1100.0
visibility_lt_03,adds_005,20200709-subject-01/20200709_144313,7,residual,135,1700.0
visibility_lt_03,adds_005,20200709-subject-01/20200709_144313,7,s0_l1,135,1700.0
visibility_lt_03,adds_005,20200709-subject-01/20200709_144313,7,s0_l0,135,1700.0
visibility_lt_03,adds_005,20200709-subject-01/20200709_144313,7,s1_l1,135,1700.0
visibility_lt_03,adds_005,20200709-subject-01/20200709_144313,7,s1_l0,135,1700.0
visibility_lt_03,adds_005,20200709-subject-01/20200709_144313,7,fp,135,300.0
visibility_lt_03,adds_005,20200709-subject-01/20200709_144735,8,residual,61,3200.0
visibility_lt_03,adds_005,20200709-subject-01/20200709_144735,8,s0_l1,61,4100.0
visibility_lt_03,adds_005,20200709-subject-01/20200709_144735,8,s0_l0,61,4200.0
visibility_lt_03,adds_005,20200709-subject-01/20200709_144735,8,s1_l1,61,4400.0
visibility_lt_03,adds_005,20200709-subject-01/20200709_144735,8,s1_l0,61,4300.0
visibility_lt_03,adds_005,20200709-subject-01/20200709_144735,8,fp,61,4000.0
visibility_lt_03,adds_005,20200709-subject-01/20200709_145132,9,residual,59,5900.0
visibility_lt_03,adds_005,20200709-subject-01/20200709_145132,9,s0_l1,59,5900.0
visibility_lt_03,adds_005,20200709-subject-01/20200709_145132,9,s0_l0,59,5900.0
visibility_lt_03,adds_005,20200709-subject-01/20200709_145132,9,s1_l1,59,5900.0
visibility_lt_03,adds_005,20200709-subject-01/20200709_145132,9,s1_l0,59,5900.0
visibility_lt_03,adds_005,20200709-subject-01/20200709_145132,9,fp,59,5900.0
visibility_lt_03,adds_005,20200709-subject-01/20200709_151246,14,residual,115,0.0
visibility_lt_03,adds_005,20200709-subject-01/20200709_151246,14,s0_l1,115,0.0
visibility_lt_03,adds_005,20200709-subject-01/20200709_151246,14,s0_l0,115,0.0
visibility_lt_03,adds_005,20200709-subject-01/20200709_151246,14,s1_l1,115,0.0
visibility_lt_03,adds_005,20200709-subject-01/20200709_151246,14,s1_l0,115,0.0
visibility_lt_03,adds_005,20200709-subject-01/20200709_151246,14,fp,115,0.0
visibility_lt_03,adds_005,20200709-subject-01/20200709_151948,16,residual,3,300.0
visibility_lt_03,adds_005,20200709-subject-01/20200709_151948,16,s0_l1,3,300.0
visibility_lt_03,adds_005,20200709-subject-01/20200709_151948,16,s0_l0,3,300.0
visibility_lt_03,adds_005,20200709-subject-01/20200709_151948,16,s1_l1,3,300.0
visibility_lt_03,adds_005,20200709-subject-01/20200709_151948,16,s1_l0,3,300.0
visibility_lt_03,adds_005,20200709-subject-01/20200709_151948,16,fp,3,100.0
visibility_lt_03,adds_005,20200709-subject-01/20200709_153148,20,residual,50,0.0
visibility_lt_03,adds_005,20200709-subject-01/20200709_153148,20,s0_l1,50,0.0
visibility_lt_03,adds_005,20200709-subject-01/20200709_153148,20,s0_l0,50,0.0
visibility_lt_03,adds_005,20200709-subject-01/20200709_153148,20,s1_l1,50,0.0
visibility_lt_03,adds_005,20200709-subject-01/20200709_153148,20,s1_l0,50,0.0
visibility_lt_03,adds_005,20200709-subject-01/20200709_153148,20,fp,50,0.0
visibility_lt_03,adds_005,20200709-subject-01/20200709_153548,21,residual,22,300.0
visibility_lt_03,adds_005,20200709-subject-01/20200709_153548,21,s0_l1,22,0.0
visibility_lt_03,adds_005,20200709-subject-01/20200709_153548,21,s0_l0,22,0.0
visibility_lt_03,adds_005,20200709-subject-01/20200709_153548,21,s1_l1,22,0.0
visibility_lt_03,adds_005,20200709-subject-01/20200709_153548,21,s1_l0,22,0.0
visibility_lt_03,adds_005,20200709-subject-01/20200709_153548,21,fp,22,0.0
visibility_lt_03,adds_005,20200813-subject-02/20200813_150535,4,residual,5,0.0
visibility_lt_03,adds_005,20200813-subject-02/20200813_150535,4,s0_l1,5,0.0
visibility_lt_03,adds_005,20200813-subject-02/20200813_150535,4,s0_l0,5,0.0
visibility_lt_03,adds_005,20200813-subject-02/20200813_150535,4,s1_l1,5,0.0
visibility_lt_03,adds_005,20200813-subject-02/20200813_150535,4,s1_l0,5,0.0
visibility_lt_03,adds_005,20200813-subject-02/20200813_150535,4,fp,5,0.0
visibility_lt_03,adds_005,20200813-subject-02/20200813_151117,6,residual,16,900.0
visibility_lt_03,adds_005,20200813-subject-02/20200813_151117,6,s0_l1,16,900.0
visibility_lt_03,adds_005,20200813-subject-02/20200813_151117,6,s0_l0,16,900.0
visibility_lt_03,adds_005,20200813-subject-02/20200813_151117,6,s1_l1,16,1100.0
visibility_lt_03,adds_005,20200813-subject-02/20200813_151117,6,s1_l0,16,1100.0
visibility_lt_03,adds_005,20200813-subject-02/20200813_151117,6,fp,16,100.0
visibility_lt_03,adds_005,20200813-subject-02/20200813_151925,7,residual,15,1500.0
visibility_lt_03,adds_005,20200813-subject-02/20200813_151925,7,s0_l1,15,1300.0
visibility_lt_03,adds_005,20200813-subject-02/20200813_151925,7,s0_l0,15,1300.0
visibility_lt_03,adds_005,20200813-subject-02/20200813_151925,7,s1_l1,15,1300.0
visibility_lt_03,adds_005,20200813-subject-02/20200813_151925,7,s1_l0,15,1300.0
visibility_lt_03,adds_005,20200813-subject-02/20200813_151925,7,fp,15,1500.0
visibility_lt_03,adds_005,20200813-subject-02/20200813_152215,8,residual,14,900.0
visibility_lt_03,adds_005,20200813-subject-02/20200813_152215,8,s0_l1,14,1000.0
visibility_lt_03,adds_005,20200813-subject-02/20200813_152215,8,s0_l0,14,1000.0
visibility_lt_03,adds_005,20200813-subject-02/20200813_152215,8,s1_l1,14,1000.0
visibility_lt_03,adds_005,20200813-subject-02/20200813_152215,8,s1_l0,14,1000.0
visibility_lt_03,adds_005,20200813-subject-02/20200813_152215,8,fp,14,700.0
visibility_lt_03,adds_005,20200813-subject-02/20200813_152513,9,residual,29,1200.0
visibility_lt_03,adds_005,20200813-subject-02/20200813_152513,9,s0_l1,29,1200.0
visibility_lt_03,adds_005,20200813-subject-02/20200813_152513,9,s0_l0,29,1200.0
visibility_lt_03,adds_005,20200813-subject-02/20200813_152513,9,s1_l1,29,1200.0
visibility_lt_03,adds_005,20200813-subject-02/20200813_152513,9,s1_l0,29,1200.0
visibility_lt_03,adds_005,20200813-subject-02/20200813_152513,9,fp,29,400.0
visibility_lt_03,adds_005,20200813-subject-02/20200813_152842,10,residual,8,800.0
visibility_lt_03,adds_005,20200813-subject-02/20200813_152842,10,s0_l1,8,800.0
visibility_lt_03,adds_005,20200813-subject-02/20200813_152842,10,s0_l0,8,800.0
visibility_lt_03,adds_005,20200813-subject-02/20200813_152842,10,s1_l1,8,800.0
visibility_lt_03,adds_005,20200813-subject-02/20200813_152842,10,s1_l0,8,800.0
visibility_lt_03,adds_005,20200813-subject-02/20200813_152842,10,fp,8,400.0
visibility_lt_03,adds_005,20200813-subject-02/20200813_153453,12,residual,61,1900.0
visibility_lt_03,adds_005,20200813-subject-02/20200813_153453,12,s0_l1,61,3200.0
visibility_lt_03,adds_005,20200813-subject-02/20200813_153453,12,s0_l0,61,3100.0
visibility_lt_03,adds_005,20200813-subject-02/20200813_153453,12,s1_l1,61,2900.0
visibility_lt_03,adds_005,20200813-subject-02/20200813_153453,12,s1_l0,61,3100.0
visibility_lt_03,adds_005,20200813-subject-02/20200813_153453,12,fp,61,3500.0
visibility_lt_03,adds_005,20200813-subject-02/20200813_153802,13,residual,37,0.0
visibility_lt_03,adds_005,20200813-subject-02/20200813_153802,13,s0_l1,37,0.0
visibility_lt_03,adds_005,20200813-subject-02/20200813_153802,13,s0_l0,37,0.0
visibility_lt_03,adds_005,20200813-subject-02/20200813_153802,13,s1_l1,37,0.0
visibility_lt_03,adds_005,20200813-subject-02/20200813_153802,13,s1_l0,37,0.0
visibility_lt_03,adds_005,20200813-subject-02/20200813_153802,13,fp,37,1400.0
visibility_lt_03,adds_005,20200813-subject-02/20200813_154408,15,residual,12,0.0
visibility_lt_03,adds_005,20200813-subject-02/20200813_154408,15,s0_l1,12,0.0
visibility_lt_03,adds_005,20200813-subject-02/20200813_154408,15,s0_l0,12,0.0
visibility_lt_03,adds_005,20200813-subject-02/20200813_154408,15,s1_l1,12,0.0
visibility_lt_03,adds_005,20200813-subject-02/20200813_154408,15,s1_l0,12,0.0
visibility_lt_03,adds_005,20200813-subject-02/20200813_154408,15,fp,12,0.0
visibility_lt_03,adds_005,20200813-subject-02/20200813_155021,17,residual,59,0.0
visibility_lt_03,adds_005,20200813-subject-02/20200813_155021,17,s0_l1,59,0.0
visibility_lt_03,adds_005,20200813-subject-02/20200813_155021,17,s0_l0,59,0.0
visibility_lt_03,adds_005,20200813-subject-02/20200813_155021,17,s1_l1,59,0.0
visibility_lt_03,adds_005,20200813-subject-02/20200813_155021,17,s1_l0,59,0.0
visibility_lt_03,adds_005,20200813-subject-02/20200813_155021,17,fp,59,0.0
visibility_lt_03,adds_005,20200813-subject-02/20200813_155314,18,residual,79,900.0
visibility_lt_03,adds_005,20200813-subject-02/20200813_155314,18,s0_l1,79,2400.0
visibility_lt_03,adds_005,20200813-subject-02/20200813_155314,18,s0_l0,79,2700.0
visibility_lt_03,adds_005,20200813-subject-02/20200813_155314,18,s1_l1,79,2700.0
visibility_lt_03,adds_005,20200813-subject-02/20200813_155314,18,s1_l0,79,2700.0
visibility_lt_03,adds_005,20200813-subject-02/20200813_155314,18,fp,79,0.0
visibility_lt_03,adds_005,20200813-subject-02/20200813_155953,21,residual,15,900.0
visibility_lt_03,adds_005,20200813-subject-02/20200813_155953,21,s0_l1,15,1000.0
visibility_lt_03,adds_005,20200813-subject-02/20200813_155953,21,s0_l0,15,1000.0
visibility_lt_03,adds_005,20200813-subject-02/20200813_155953,21,s1_l1,15,1000.0
visibility_lt_03,adds_005,20200813-subject-02/20200813_155953,21,s1_l0,15,1000.0
visibility_lt_03,adds_005,20200813-subject-02/20200813_155953,21,fp,15,0.0
visibility_lt_03,adds_01,20200709-subject-01/20200709_142446,2,residual,41,4100.0
visibility_lt_03,adds_01,20200709-subject-01/20200709_142446,2,s0_l1,41,4100.0
visibility_lt_03,adds_01,20200709-subject-01/20200709_142446,2,s0_l0,41,4100.0
visibility_lt_03,adds_01,20200709-subject-01/20200709_142446,2,s1_l1,41,4100.0
visibility_lt_03,adds_01,20200709-subject-01/20200709_142446,2,s1_l0,41,4100.0
visibility_lt_03,adds_01,20200709-subject-01/20200709_142446,2,fp,41,4100.0
visibility_lt_03,adds_01,20200709-subject-01/20200709_142802,3,residual,49,0.0
visibility_lt_03,adds_01,20200709-subject-01/20200709_142802,3,s0_l1,49,0.0
visibility_lt_03,adds_01,20200709-subject-01/20200709_142802,3,s0_l0,49,0.0
visibility_lt_03,adds_01,20200709-subject-01/20200709_142802,3,s1_l1,49,0.0
visibility_lt_03,adds_01,20200709-subject-01/20200709_142802,3,s1_l0,49,0.0
visibility_lt_03,adds_01,20200709-subject-01/20200709_142802,3,fp,49,0.0
visibility_lt_03,adds_01,20200709-subject-01/20200709_143907,6,residual,17,1700.0
visibility_lt_03,adds_01,20200709-subject-01/20200709_143907,6,s0_l1,17,1600.0
visibility_lt_03,adds_01,20200709-subject-01/20200709_143907,6,s0_l0,17,1500.0
visibility_lt_03,adds_01,20200709-subject-01/20200709_143907,6,s1_l1,17,1500.0
visibility_lt_03,adds_01,20200709-subject-01/20200709_143907,6,s1_l0,17,1500.0
visibility_lt_03,adds_01,20200709-subject-01/20200709_143907,6,fp,17,1200.0
visibility_lt_03,adds_01,20200709-subject-01/20200709_144313,7,residual,135,1700.0
visibility_lt_03,adds_01,20200709-subject-01/20200709_144313,7,s0_l1,135,1700.0
visibility_lt_03,adds_01,20200709-subject-01/20200709_144313,7,s0_l0,135,1700.0
visibility_lt_03,adds_01,20200709-subject-01/20200709_144313,7,s1_l1,135,1700.0
visibility_lt_03,adds_01,20200709-subject-01/20200709_144313,7,s1_l0,135,1700.0
visibility_lt_03,adds_01,20200709-subject-01/20200709_144313,7,fp,135,1700.0
visibility_lt_03,adds_01,20200709-subject-01/20200709_144735,8,residual,61,6100.0
visibility_lt_03,adds_01,20200709-subject-01/20200709_144735,8,s0_l1,61,6100.0
visibility_lt_03,adds_01,20200709-subject-01/20200709_144735,8,s0_l0,61,6100.0
visibility_lt_03,adds_01,20200709-subject-01/20200709_144735,8,s1_l1,61,6100.0
visibility_lt_03,adds_01,20200709-subject-01/20200709_144735,8,s1_l0,61,6100.0
visibility_lt_03,adds_01,20200709-subject-01/20200709_144735,8,fp,61,4500.0
visibility_lt_03,adds_01,20200709-subject-01/20200709_145132,9,residual,59,5900.0
visibility_lt_03,adds_01,20200709-subject-01/20200709_145132,9,s0_l1,59,5900.0
visibility_lt_03,adds_01,20200709-subject-01/20200709_145132,9,s0_l0,59,5900.0
visibility_lt_03,adds_01,20200709-subject-01/20200709_145132,9,s1_l1,59,5900.0
visibility_lt_03,adds_01,20200709-subject-01/20200709_145132,9,s1_l0,59,5900.0
visibility_lt_03,adds_01,20200709-subject-01/20200709_145132,9,fp,59,5900.0
visibility_lt_03,adds_01,20200709-subject-01/20200709_151246,14,residual,115,0.0
visibility_lt_03,adds_01,20200709-subject-01/20200709_151246,14,s0_l1,115,0.0
visibility_lt_03,adds_01,20200709-subject-01/20200709_151246,14,s0_l0,115,0.0
visibility_lt_03,adds_01,20200709-subject-01/20200709_151246,14,s1_l1,115,0.0
visibility_lt_03,adds_01,20200709-subject-01/20200709_151246,14,s1_l0,115,0.0
visibility_lt_03,adds_01,20200709-subject-01/20200709_151246,14,fp,115,0.0
visibility_lt_03,adds_01,20200709-subject-01/20200709_151948,16,residual,3,300.0
visibility_lt_03,adds_01,20200709-subject-01/20200709_151948,16,s0_l1,3,300.0
visibility_lt_03,adds_01,20200709-subject-01/20200709_151948,16,s0_l0,3,300.0
visibility_lt_03,adds_01,20200709-subject-01/20200709_151948,16,s1_l1,3,300.0
visibility_lt_03,adds_01,20200709-subject-01/20200709_151948,16,s1_l0,3,300.0
visibility_lt_03,adds_01,20200709-subject-01/20200709_151948,16,fp,3,200.0
visibility_lt_03,adds_01,20200709-subject-01/20200709_153148,20,residual,50,0.0
visibility_lt_03,adds_01,20200709-subject-01/20200709_153148,20,s0_l1,50,0.0
visibility_lt_03,adds_01,20200709-subject-01/20200709_153148,20,s0_l0,50,0.0
visibility_lt_03,adds_01,20200709-subject-01/20200709_153148,20,s1_l1,50,0.0
visibility_lt_03,adds_01,20200709-subject-01/20200709_153148,20,s1_l0,50,0.0
visibility_lt_03,adds_01,20200709-subject-01/20200709_153148,20,fp,50,0.0
visibility_lt_03,adds_01,20200709-subject-01/20200709_153548,21,residual,22,2200.0
visibility_lt_03,adds_01,20200709-subject-01/20200709_153548,21,s0_l1,22,2200.0
visibility_lt_03,adds_01,20200709-subject-01/20200709_153548,21,s0_l0,22,2200.0
visibility_lt_03,adds_01,20200709-subject-01/20200709_153548,21,s1_l1,22,2200.0
visibility_lt_03,adds_01,20200709-subject-01/20200709_153548,21,s1_l0,22,2200.0
visibility_lt_03,adds_01,20200709-subject-01/20200709_153548,21,fp,22,0.0
visibility_lt_03,adds_01,20200813-subject-02/20200813_150535,4,residual,5,500.0
visibility_lt_03,adds_01,20200813-subject-02/20200813_150535,4,s0_l1,5,500.0
visibility_lt_03,adds_01,20200813-subject-02/20200813_150535,4,s0_l0,5,500.0
visibility_lt_03,adds_01,20200813-subject-02/20200813_150535,4,s1_l1,5,500.0
visibility_lt_03,adds_01,20200813-subject-02/20200813_150535,4,s1_l0,5,500.0
visibility_lt_03,adds_01,20200813-subject-02/20200813_150535,4,fp,5,0.0
visibility_lt_03,adds_01,20200813-subject-02/20200813_151117,6,residual,16,1500.0
visibility_lt_03,adds_01,20200813-subject-02/20200813_151117,6,s0_l1,16,1500.0
visibility_lt_03,adds_01,20200813-subject-02/20200813_151117,6,s0_l0,16,1500.0
visibility_lt_03,adds_01,20200813-subject-02/20200813_151117,6,s1_l1,16,1500.0
visibility_lt_03,adds_01,20200813-subject-02/20200813_151117,6,s1_l0,16,1500.0
visibility_lt_03,adds_01,20200813-subject-02/20200813_151117,6,fp,16,500.0
visibility_lt_03,adds_01,20200813-subject-02/20200813_151925,7,residual,15,1500.0
visibility_lt_03,adds_01,20200813-subject-02/20200813_151925,7,s0_l1,15,1500.0
visibility_lt_03,adds_01,20200813-subject-02/20200813_151925,7,s0_l0,15,1500.0
visibility_lt_03,adds_01,20200813-subject-02/20200813_151925,7,s1_l1,15,1500.0
visibility_lt_03,adds_01,20200813-subject-02/20200813_151925,7,s1_l0,15,1500.0
visibility_lt_03,adds_01,20200813-subject-02/20200813_151925,7,fp,15,1500.0
visibility_lt_03,adds_01,20200813-subject-02/20200813_152215,8,residual,14,1400.0
visibility_lt_03,adds_01,20200813-subject-02/20200813_152215,8,s0_l1,14,1400.0
visibility_lt_03,adds_01,20200813-subject-02/20200813_152215,8,s0_l0,14,1400.0
visibility_lt_03,adds_01,20200813-subject-02/20200813_152215,8,s1_l1,14,1400.0
visibility_lt_03,adds_01,20200813-subject-02/20200813_152215,8,s1_l0,14,1400.0
visibility_lt_03,adds_01,20200813-subject-02/20200813_152215,8,fp,14,900.0
visibility_lt_03,adds_01,20200813-subject-02/20200813_152513,9,residual,29,1400.0
visibility_lt_03,adds_01,20200813-subject-02/20200813_152513,9,s0_l1,29,1300.0
visibility_lt_03,adds_01,20200813-subject-02/20200813_152513,9,s0_l0,29,1300.0
visibility_lt_03,adds_01,20200813-subject-02/20200813_152513,9,s1_l1,29,1400.0
visibility_lt_03,adds_01,20200813-subject-02/20200813_152513,9,s1_l0,29,1400.0
visibility_lt_03,adds_01,20200813-subject-02/20200813_152513,9,fp,29,900.0
visibility_lt_03,adds_01,20200813-subject-02/20200813_152842,10,residual,8,800.0
visibility_lt_03,adds_01,20200813-subject-02/20200813_152842,10,s0_l1,8,800.0
visibility_lt_03,adds_01,20200813-subject-02/20200813_152842,10,s0_l0,8,800.0
visibility_lt_03,adds_01,20200813-subject-02/20200813_152842,10,s1_l1,8,800.0
visibility_lt_03,adds_01,20200813-subject-02/20200813_152842,10,s1_l0,8,800.0
visibility_lt_03,adds_01,20200813-subject-02/20200813_152842,10,fp,8,800.0
visibility_lt_03,adds_01,20200813-subject-02/20200813_153453,12,residual,61,4800.0
visibility_lt_03,adds_01,20200813-subject-02/20200813_153453,12,s0_l1,61,6000.0
visibility_lt_03,adds_01,20200813-subject-02/20200813_153453,12,s0_l0,61,6000.0
visibility_lt_03,adds_01,20200813-subject-02/20200813_153453,12,s1_l1,61,6000.0
visibility_lt_03,adds_01,20200813-subject-02/20200813_153453,12,s1_l0,61,6000.0
visibility_lt_03,adds_01,20200813-subject-02/20200813_153453,12,fp,61,6000.0
visibility_lt_03,adds_01,20200813-subject-02/20200813_153802,13,residual,37,0.0
visibility_lt_03,adds_01,20200813-subject-02/20200813_153802,13,s0_l1,37,0.0
visibility_lt_03,adds_01,20200813-subject-02/20200813_153802,13,s0_l0,37,0.0
visibility_lt_03,adds_01,20200813-subject-02/20200813_153802,13,s1_l1,37,0.0
visibility_lt_03,adds_01,20200813-subject-02/20200813_153802,13,s1_l0,37,0.0
visibility_lt_03,adds_01,20200813-subject-02/20200813_153802,13,fp,37,1800.0
visibility_lt_03,adds_01,20200813-subject-02/20200813_154408,15,residual,12,1100.0
visibility_lt_03,adds_01,20200813-subject-02/20200813_154408,15,s0_l1,12,1100.0
visibility_lt_03,adds_01,20200813-subject-02/20200813_154408,15,s0_l0,12,1200.0
visibility_lt_03,adds_01,20200813-subject-02/20200813_154408,15,s1_l1,12,1200.0
visibility_lt_03,adds_01,20200813-subject-02/20200813_154408,15,s1_l0,12,1100.0
visibility_lt_03,adds_01,20200813-subject-02/20200813_154408,15,fp,12,500.0
visibility_lt_03,adds_01,20200813-subject-02/20200813_155021,17,residual,59,0.0
visibility_lt_03,adds_01,20200813-subject-02/20200813_155021,17,s0_l1,59,100.0
visibility_lt_03,adds_01,20200813-subject-02/20200813_155021,17,s0_l0,59,100.0
visibility_lt_03,adds_01,20200813-subject-02/20200813_155021,17,s1_l1,59,300.0
visibility_lt_03,adds_01,20200813-subject-02/20200813_155021,17,s1_l0,59,200.0
visibility_lt_03,adds_01,20200813-subject-02/20200813_155021,17,fp,59,100.0
visibility_lt_03,adds_01,20200813-subject-02/20200813_155314,18,residual,79,4200.0
visibility_lt_03,adds_01,20200813-subject-02/20200813_155314,18,s0_l1,79,3900.0
visibility_lt_03,adds_01,20200813-subject-02/20200813_155314,18,s0_l0,79,4000.0
visibility_lt_03,adds_01,20200813-subject-02/20200813_155314,18,s1_l1,79,3900.0
visibility_lt_03,adds_01,20200813-subject-02/20200813_155314,18,s1_l0,79,3800.0
visibility_lt_03,adds_01,20200813-subject-02/20200813_155314,18,fp,79,0.0
visibility_lt_03,adds_01,20200813-subject-02/20200813_155953,21,residual,15,1100.0
visibility_lt_03,adds_01,20200813-subject-02/20200813_155953,21,s0_l1,15,1500.0
visibility_lt_03,adds_01,20200813-subject-02/20200813_155953,21,s0_l0,15,1300.0
visibility_lt_03,adds_01,20200813-subject-02/20200813_155953,21,s1_l1,15,1500.0
visibility_lt_03,adds_01,20200813-subject-02/20200813_155953,21,s1_l0,15,1500.0
visibility_lt_03,adds_01,20200813-subject-02/20200813_155953,21,fp,15,700.0
visibility_lt_03,rotation_deg,20200709-subject-01/20200709_142446,2,residual,41,3632.036575317383
visibility_lt_03,rotation_deg,20200709-subject-01/20200709_142446,2,s0_l1,41,3635.0747680664062
visibility_lt_03,rotation_deg,20200709-subject-01/20200709_142446,2,s0_l0,41,3635.059257507324
visibility_lt_03,rotation_deg,20200709-subject-01/20200709_142446,2,s1_l1,41,3628.3709564208984
visibility_lt_03,rotation_deg,20200709-subject-01/20200709_142446,2,s1_l0,41,3628.9832305908203
visibility_lt_03,rotation_deg,20200709-subject-01/20200709_142446,2,fp,41,3605.102813720703
visibility_lt_03,rotation_deg,20200709-subject-01/20200709_142802,3,residual,3,340.6554641723633
visibility_lt_03,rotation_deg,20200709-subject-01/20200709_142802,3,s0_l1,3,341.4488983154297
visibility_lt_03,rotation_deg,20200709-subject-01/20200709_142802,3,s0_l0,3,341.6998596191406
visibility_lt_03,rotation_deg,20200709-subject-01/20200709_142802,3,s1_l1,3,339.93798828125
visibility_lt_03,rotation_deg,20200709-subject-01/20200709_142802,3,s1_l0,3,339.9069137573242
visibility_lt_03,rotation_deg,20200709-subject-01/20200709_142802,3,fp,3,352.6400146484375
visibility_lt_03,rotation_deg,20200709-subject-01/20200709_143907,6,residual,17,708.6468830108643
visibility_lt_03,rotation_deg,20200709-subject-01/20200709_143907,6,s0_l1,17,754.2437362670898
visibility_lt_03,rotation_deg,20200709-subject-01/20200709_143907,6,s0_l0,17,752.6582908630371
visibility_lt_03,rotation_deg,20200709-subject-01/20200709_143907,6,s1_l1,17,726.7715358734131
visibility_lt_03,rotation_deg,20200709-subject-01/20200709_143907,6,s1_l0,17,723.5606899261475
visibility_lt_03,rotation_deg,20200709-subject-01/20200709_143907,6,fp,17,690.1408929824829
visibility_lt_03,rotation_deg,20200709-subject-01/20200709_144313,7,residual,17,98.45414400100708
visibility_lt_03,rotation_deg,20200709-subject-01/20200709_144313,7,s0_l1,17,102.578293800354
visibility_lt_03,rotation_deg,20200709-subject-01/20200709_144313,7,s0_l0,17,101.46015882492065
visibility_lt_03,rotation_deg,20200709-subject-01/20200709_144313,7,s1_l1,17,100.2556643486023
visibility_lt_03,rotation_deg,20200709-subject-01/20200709_144313,7,s1_l0,17,99.84715795516968
visibility_lt_03,rotation_deg,20200709-subject-01/20200709_144313,7,fp,17,113.29195785522461
visibility_lt_03,rotation_deg,20200709-subject-01/20200709_144735,8,residual,61,1055.0550808906555
visibility_lt_03,rotation_deg,20200709-subject-01/20200709_144735,8,s0_l1,61,845.3573544025421
visibility_lt_03,rotation_deg,20200709-subject-01/20200709_144735,8,s0_l0,61,835.8546826839447
visibility_lt_03,rotation_deg,20200709-subject-01/20200709_144735,8,s1_l1,61,815.6693655252457
visibility_lt_03,rotation_deg,20200709-subject-01/20200709_144735,8,s1_l0,61,820.6121778488159
visibility_lt_03,rotation_deg,20200709-subject-01/20200709_144735,8,fp,61,684.5303510427475
visibility_lt_03,rotation_deg,20200709-subject-01/20200709_145132,9,residual,59,646.0517456531525
visibility_lt_03,rotation_deg,20200709-subject-01/20200709_145132,9,s0_l1,59,603.0100176334381
visibility_lt_03,rotation_deg,20200709-subject-01/20200709_145132,9,s0_l0,59,593.6588158607483
visibility_lt_03,rotation_deg,20200709-subject-01/20200709_145132,9,s1_l1,59,615.8758888244629
visibility_lt_03,rotation_deg,20200709-subject-01/20200709_145132,9,s1_l0,59,600.6012697219849
visibility_lt_03,rotation_deg,20200709-subject-01/20200709_145132,9,fp,59,409.22329664230347
visibility_lt_03,rotation_deg,20200709-subject-01/20200709_151948,16,residual,3,530.4586944580078
visibility_lt_03,rotation_deg,20200709-subject-01/20200709_151948,16,s0_l1,3,529.2684478759766
visibility_lt_03,rotation_deg,20200709-subject-01/20200709_151948,16,s0_l0,3,529.3191986083984
visibility_lt_03,rotation_deg,20200709-subject-01/20200709_151948,16,s1_l1,3,528.4948577880859
visibility_lt_03,rotation_deg,20200709-subject-01/20200709_151948,16,s1_l0,3,528.9066314697266
visibility_lt_03,rotation_deg,20200709-subject-01/20200709_151948,16,fp,3,532.6563568115234
visibility_lt_03,rotation_deg,20200709-subject-01/20200709_153548,21,residual,22,1140.4125528335571
visibility_lt_03,rotation_deg,20200709-subject-01/20200709_153548,21,s0_l1,22,1679.2067337036133
visibility_lt_03,rotation_deg,20200709-subject-01/20200709_153548,21,s0_l0,22,1679.9447975158691
visibility_lt_03,rotation_deg,20200709-subject-01/20200709_153548,21,s1_l1,22,1648.6720886230469
visibility_lt_03,rotation_deg,20200709-subject-01/20200709_153548,21,s1_l0,22,1681.3725624084473
visibility_lt_03,rotation_deg,20200709-subject-01/20200709_153548,21,fp,22,2197.6823196411133
visibility_lt_03,rotation_deg,20200813-subject-02/20200813_150535,4,residual,5,71.04910659790039
visibility_lt_03,rotation_deg,20200813-subject-02/20200813_150535,4,s0_l1,5,72.42140865325928
visibility_lt_03,rotation_deg,20200813-subject-02/20200813_150535,4,s0_l0,5,71.35069370269775
visibility_lt_03,rotation_deg,20200813-subject-02/20200813_150535,4,s1_l1,5,76.70320129394531
visibility_lt_03,rotation_deg,20200813-subject-02/20200813_150535,4,s1_l0,5,73.88810062408447
visibility_lt_03,rotation_deg,20200813-subject-02/20200813_150535,4,fp,5,163.87561225891113
visibility_lt_03,rotation_deg,20200813-subject-02/20200813_151117,6,residual,16,643.0738172531128
visibility_lt_03,rotation_deg,20200813-subject-02/20200813_151117,6,s0_l1,16,516.7373323440552
visibility_lt_03,rotation_deg,20200813-subject-02/20200813_151117,6,s0_l0,16,516.912275314331
visibility_lt_03,rotation_deg,20200813-subject-02/20200813_151117,6,s1_l1,16,533.4454364776611
visibility_lt_03,rotation_deg,20200813-subject-02/20200813_151117,6,s1_l0,16,537.5884761810303
visibility_lt_03,rotation_deg,20200813-subject-02/20200813_151117,6,fp,16,1067.65283203125
visibility_lt_03,rotation_deg,20200813-subject-02/20200813_151925,7,residual,15,280.652108669281
visibility_lt_03,rotation_deg,20200813-subject-02/20200813_151925,7,s0_l1,15,248.32751607894897
visibility_lt_03,rotation_deg,20200813-subject-02/20200813_151925,7,s0_l0,15,256.91960620880127
visibility_lt_03,rotation_deg,20200813-subject-02/20200813_151925,7,s1_l1,15,246.8730182647705
visibility_lt_03,rotation_deg,20200813-subject-02/20200813_151925,7,s1_l0,15,250.50222063064575
visibility_lt_03,rotation_deg,20200813-subject-02/20200813_151925,7,fp,15,65.15366077423096
visibility_lt_03,rotation_deg,20200813-subject-02/20200813_152215,8,residual,14,77.47359347343445
visibility_lt_03,rotation_deg,20200813-subject-02/20200813_152215,8,s0_l1,14,69.70341181755066
visibility_lt_03,rotation_deg,20200813-subject-02/20200813_152215,8,s0_l0,14,69.41470980644226
visibility_lt_03,rotation_deg,20200813-subject-02/20200813_152215,8,s1_l1,14,71.84886384010315
visibility_lt_03,rotation_deg,20200813-subject-02/20200813_152215,8,s1_l0,14,72.78832840919495
visibility_lt_03,rotation_deg,20200813-subject-02/20200813_152215,8,fp,14,99.34175854921341
visibility_lt_03,rotation_deg,20200813-subject-02/20200813_152513,9,residual,29,359.5443277359009
visibility_lt_03,rotation_deg,20200813-subject-02/20200813_152513,9,s0_l1,29,301.2554613351822
visibility_lt_03,rotation_deg,20200813-subject-02/20200813_152513,9,s0_l0,29,311.23131012916565
visibility_lt_03,rotation_deg,20200813-subject-02/20200813_152513,9,s1_l1,29,307.4420565366745
visibility_lt_03,rotation_deg,20200813-subject-02/20200813_152513,9,s1_l0,29,300.15657365322113
visibility_lt_03,rotation_deg,20200813-subject-02/20200813_152513,9,fp,29,1952.741394996643
visibility_lt_03,rotation_deg,20200813-subject-02/20200813_152842,10,residual,8,139.1173963546753
visibility_lt_03,rotation_deg,20200813-subject-02/20200813_152842,10,s0_l1,8,167.4838466644287
visibility_lt_03,rotation_deg,20200813-subject-02/20200813_152842,10,s0_l0,8,159.20906257629395
visibility_lt_03,rotation_deg,20200813-subject-02/20200813_152842,10,s1_l1,8,162.1129379272461
visibility_lt_03,rotation_deg,20200813-subject-02/20200813_152842,10,s1_l0,8,158.7962646484375
visibility_lt_03,rotation_deg,20200813-subject-02/20200813_152842,10,fp,8,68.49693441390991
visibility_lt_03,rotation_deg,20200813-subject-02/20200813_153453,12,residual,61,2119.1060881614685
visibility_lt_03,rotation_deg,20200813-subject-02/20200813_153453,12,s0_l1,61,1740.400478363037
visibility_lt_03,rotation_deg,20200813-subject-02/20200813_153453,12,s0_l0,61,1768.2409428954124
visibility_lt_03,rotation_deg,20200813-subject-02/20200813_153453,12,s1_l1,61,1701.1611571907997
visibility_lt_03,rotation_deg,20200813-subject-02/20200813_153453,12,s1_l0,61,1751.8779230713844
visibility_lt_03,rotation_deg,20200813-subject-02/20200813_153453,12,fp,61,988.5546584129333
visibility_lt_03,rotation_deg,20200813-subject-02/20200813_153802,13,residual,37,3910.6379928588867
visibility_lt_03,rotation_deg,20200813-subject-02/20200813_153802,13,s0_l1,37,4903.037506103516
visibility_lt_03,rotation_deg,20200813-subject-02/20200813_153802,13,s0_l0,37,4979.654342651367
visibility_lt_03,rotation_deg,20200813-subject-02/20200813_153802,13,s1_l1,37,4886.211624145508
visibility_lt_03,rotation_deg,20200813-subject-02/20200813_153802,13,s1_l0,37,4888.73503112793
visibility_lt_03,rotation_deg,20200813-subject-02/20200813_153802,13,fp,37,5154.771133422852
visibility_lt_03,rotation_deg,20200813-subject-02/20200813_154408,15,residual,12,281.75255727767944
visibility_lt_03,rotation_deg,20200813-subject-02/20200813_154408,15,s0_l1,12,247.72047901153564
visibility_lt_03,rotation_deg,20200813-subject-02/20200813_154408,15,s0_l0,12,246.70052981376648
visibility_lt_03,rotation_deg,20200813-subject-02/20200813_154408,15,s1_l1,12,251.1954288482666
visibility_lt_03,rotation_deg,20200813-subject-02/20200813_154408,15,s1_l0,12,253.53846311569214
visibility_lt_03,rotation_deg,20200813-subject-02/20200813_154408,15,fp,12,150.2775239944458
visibility_lt_03,rotation_deg,20200813-subject-02/20200813_155021,17,residual,9,1059.3895416259766
visibility_lt_03,rotation_deg,20200813-subject-02/20200813_155021,17,s0_l1,9,1191.033821105957
visibility_lt_03,rotation_deg,20200813-subject-02/20200813_155021,17,s0_l0,9,1190.7746505737305
visibility_lt_03,rotation_deg,20200813-subject-02/20200813_155021,17,s1_l1,9,1190.979736328125
visibility_lt_03,rotation_deg,20200813-subject-02/20200813_155021,17,s1_l0,9,1215.5280532836914
visibility_lt_03,rotation_deg,20200813-subject-02/20200813_155021,17,fp,9,353.9723310470581
visibility_lt_03,rotation_deg,20200813-subject-02/20200813_155314,18,residual,51,2335.3485717773438
visibility_lt_03,rotation_deg,20200813-subject-02/20200813_155314,18,s0_l1,51,1484.4638385772705
visibility_lt_03,rotation_deg,20200813-subject-02/20200813_155314,18,s0_l0,51,1338.5385994911194
visibility_lt_03,rotation_deg,20200813-subject-02/20200813_155314,18,s1_l1,51,976.3093831539154
visibility_lt_03,rotation_deg,20200813-subject-02/20200813_155314,18,s1_l0,51,1026.1065034866333
visibility_lt_03,rotation_deg,20200813-subject-02/20200813_155314,18,fp,51,7317.682945251465
visibility_lt_03,rotation_deg,20200813-subject-02/20200813_155953,21,residual,15,2536.0553588867188
visibility_lt_03,rotation_deg,20200813-subject-02/20200813_155953,21,s0_l1,15,2614.394287109375
visibility_lt_03,rotation_deg,20200813-subject-02/20200813_155953,21,s0_l0,15,2623.8624267578125
visibility_lt_03,rotation_deg,20200813-subject-02/20200813_155953,21,s1_l1,15,2518.006851196289
visibility_lt_03,rotation_deg,20200813-subject-02/20200813_155953,21,s1_l0,15,2544.7886505126953
visibility_lt_03,rotation_deg,20200813-subject-02/20200813_155953,21,fp,15,2568.8089599609375
visibility_lt_03,center_mm,20200709-subject-01/20200709_142446,2,residual,41,1005.6523342132568
visibility_lt_03,center_mm,20200709-subject-01/20200709_142446,2,s0_l1,41,1192.2545809745789
visibility_lt_03,center_mm,20200709-subject-01/20200709_142446,2,s0_l0,41,1226.5585250854492
visibility_lt_03,center_mm,20200709-subject-01/20200709_142446,2,s1_l1,41,1209.5305442810059
visibility_lt_03,center_mm,20200709-subject-01/20200709_142446,2,s1_l0,41,1231.1660861968994
visibility_lt_03,center_mm,20200709-subject-01/20200709_142446,2,fp,41,1314.6350955963135
visibility_lt_03,center_mm,20200709-subject-01/20200709_142802,3,residual,3,113.24550437927246
visibility_lt_03,center_mm,20200709-subject-01/20200709_142802,3,s0_l1,3,117.19615936279297
visibility_lt_03,center_mm,20200709-subject-01/20200709_142802,3,s0_l0,3,117.02685546875
visibility_lt_03,center_mm,20200709-subject-01/20200709_142802,3,s1_l1,3,115.22431564331055
visibility_lt_03,center_mm,20200709-subject-01/20200709_142802,3,s1_l0,3,115.74054336547852
visibility_lt_03,center_mm,20200709-subject-01/20200709_142802,3,fp,3,129.57866668701172
visibility_lt_03,center_mm,20200709-subject-01/20200709_143907,6,residual,17,123.89748096466064
visibility_lt_03,center_mm,20200709-subject-01/20200709_143907,6,s0_l1,17,121.3536227941513
visibility_lt_03,center_mm,20200709-subject-01/20200709_143907,6,s0_l0,17,121.44127976894379
visibility_lt_03,center_mm,20200709-subject-01/20200709_143907,6,s1_l1,17,117.75073444843292
visibility_lt_03,center_mm,20200709-subject-01/20200709_143907,6,s1_l0,17,118.24536108970642
visibility_lt_03,center_mm,20200709-subject-01/20200709_143907,6,fp,17,603.0915958881378
visibility_lt_03,center_mm,20200709-subject-01/20200709_144313,7,residual,17,163.58540630340576
visibility_lt_03,center_mm,20200709-subject-01/20200709_144313,7,s0_l1,17,147.83426904678345
visibility_lt_03,center_mm,20200709-subject-01/20200709_144313,7,s0_l0,17,149.21024322509766
visibility_lt_03,center_mm,20200709-subject-01/20200709_144313,7,s1_l1,17,149.50051069259644
visibility_lt_03,center_mm,20200709-subject-01/20200709_144313,7,s1_l0,17,147.52790641784668
visibility_lt_03,center_mm,20200709-subject-01/20200709_144313,7,fp,17,313.3681597709656
visibility_lt_03,center_mm,20200709-subject-01/20200709_144735,8,residual,61,462.4755663871765
visibility_lt_03,center_mm,20200709-subject-01/20200709_144735,8,s0_l1,61,434.04489409923553
visibility_lt_03,center_mm,20200709-subject-01/20200709_144735,8,s0_l0,61,432.61282390356064
visibility_lt_03,center_mm,20200709-subject-01/20200709_144735,8,s1_l1,61,421.01708537340164
visibility_lt_03,center_mm,20200709-subject-01/20200709_144735,8,s1_l0,61,419.97635638713837
visibility_lt_03,center_mm,20200709-subject-01/20200709_144735,8,fp,61,690.7716697454453
visibility_lt_03,center_mm,20200709-subject-01/20200709_145132,9,residual,59,325.69853311777115
visibility_lt_03,center_mm,20200709-subject-01/20200709_145132,9,s0_l1,59,283.64760679006577
visibility_lt_03,center_mm,20200709-subject-01/20200709_145132,9,s0_l0,59,285.8323279619217
visibility_lt_03,center_mm,20200709-subject-01/20200709_145132,9,s1_l1,59,265.5271441936493
visibility_lt_03,center_mm,20200709-subject-01/20200709_145132,9,s1_l0,59,266.594540476799
visibility_lt_03,center_mm,20200709-subject-01/20200709_145132,9,fp,59,242.00968319177628
visibility_lt_03,center_mm,20200709-subject-01/20200709_151948,16,residual,3,14.215492725372314
visibility_lt_03,center_mm,20200709-subject-01/20200709_151948,16,s0_l1,3,14.033118963241577
visibility_lt_03,center_mm,20200709-subject-01/20200709_151948,16,s0_l0,3,14.12600326538086
visibility_lt_03,center_mm,20200709-subject-01/20200709_151948,16,s1_l1,3,13.010016918182373
visibility_lt_03,center_mm,20200709-subject-01/20200709_151948,16,s1_l0,3,13.441575527191162
visibility_lt_03,center_mm,20200709-subject-01/20200709_151948,16,fp,3,119.9982681274414
visibility_lt_03,center_mm,20200709-subject-01/20200709_153548,21,residual,22,200.08466482162476
visibility_lt_03,center_mm,20200709-subject-01/20200709_153548,21,s0_l1,22,150.2288055419922
visibility_lt_03,center_mm,20200709-subject-01/20200709_153548,21,s0_l0,22,160.77643752098083
visibility_lt_03,center_mm,20200709-subject-01/20200709_153548,21,s1_l1,22,160.82503873109818
visibility_lt_03,center_mm,20200709-subject-01/20200709_153548,21,s1_l0,22,161.5590185523033
visibility_lt_03,center_mm,20200709-subject-01/20200709_153548,21,fp,22,3587.6906604766846
visibility_lt_03,center_mm,20200813-subject-02/20200813_150535,4,residual,5,105.36503219604492
visibility_lt_03,center_mm,20200813-subject-02/20200813_150535,4,s0_l1,5,108.48508071899414
visibility_lt_03,center_mm,20200813-subject-02/20200813_150535,4,s0_l0,5,110.27832221984863
visibility_lt_03,center_mm,20200813-subject-02/20200813_150535,4,s1_l1,5,106.47143173217773
visibility_lt_03,center_mm,20200813-subject-02/20200813_150535,4,s1_l0,5,106.36528587341309
visibility_lt_03,center_mm,20200813-subject-02/20200813_150535,4,fp,5,851.9098510742188
visibility_lt_03,center_mm,20200813-subject-02/20200813_151117,6,residual,16,483.7346234321594
visibility_lt_03,center_mm,20200813-subject-02/20200813_151117,6,s0_l1,16,120.67906498908997
visibility_lt_03,center_mm,20200813-subject-02/20200813_151117,6,s0_l0,16,119.90358328819275
visibility_lt_03,center_mm,20200813-subject-02/20200813_151117,6,s1_l1,16,123.96095752716064
visibility_lt_03,center_mm,20200813-subject-02/20200813_151117,6,s1_l0,16,121.13982152938843
visibility_lt_03,center_mm,20200813-subject-02/20200813_151117,6,fp,16,387.6938669681549
visibility_lt_03,center_mm,20200813-subject-02/20200813_151925,7,residual,15,94.55238151550293
visibility_lt_03,center_mm,20200813-subject-02/20200813_151925,7,s0_l1,15,87.30446100234985
visibility_lt_03,center_mm,20200813-subject-02/20200813_151925,7,s0_l0,15,87.68030953407288
visibility_lt_03,center_mm,20200813-subject-02/20200813_151925,7,s1_l1,15,87.2320065498352
visibility_lt_03,center_mm,20200813-subject-02/20200813_151925,7,s1_l0,15,87.77513670921326
visibility_lt_03,center_mm,20200813-subject-02/20200813_151925,7,fp,15,61.47282946109772
visibility_lt_03,center_mm,20200813-subject-02/20200813_152215,8,residual,14,120.17831826210022
visibility_lt_03,center_mm,20200813-subject-02/20200813_152215,8,s0_l1,14,115.15741509199142
visibility_lt_03,center_mm,20200813-subject-02/20200813_152215,8,s0_l0,14,115.3919734954834
visibility_lt_03,center_mm,20200813-subject-02/20200813_152215,8,s1_l1,14,120.43412691354752
visibility_lt_03,center_mm,20200813-subject-02/20200813_152215,8,s1_l0,14,125.53696805238724
visibility_lt_03,center_mm,20200813-subject-02/20200813_152215,8,fp,14,362.43609642982483
visibility_lt_03,center_mm,20200813-subject-02/20200813_152513,9,residual,29,736.3112299442291
visibility_lt_03,center_mm,20200813-subject-02/20200813_152513,9,s0_l1,29,829.6989060640335
visibility_lt_03,center_mm,20200813-subject-02/20200813_152513,9,s0_l0,29,816.61825299263
visibility_lt_03,center_mm,20200813-subject-02/20200813_152513,9,s1_l1,29,814.513904094696
visibility_lt_03,center_mm,20200813-subject-02/20200813_152513,9,s1_l0,29,808.9424765110016
visibility_lt_03,center_mm,20200813-subject-02/20200813_152513,9,fp,29,8026.121623516083
visibility_lt_03,center_mm,20200813-subject-02/20200813_152842,10,residual,8,124.60994720458984
visibility_lt_03,center_mm,20200813-subject-02/20200813_152842,10,s0_l1,8,147.87743377685547
visibility_lt_03,center_mm,20200813-subject-02/20200813_152842,10,s0_l0,8,147.4287166595459
visibility_lt_03,center_mm,20200813-subject-02/20200813_152842,10,s1_l1,8,141.55821895599365
visibility_lt_03,center_mm,20200813-subject-02/20200813_152842,10,s1_l0,8,148.55733680725098
visibility_lt_03,center_mm,20200813-subject-02/20200813_152842,10,fp,8,151.98710823059082
visibility_lt_03,center_mm,20200813-subject-02/20200813_153453,12,residual,61,2031.2995862960815
visibility_lt_03,center_mm,20200813-subject-02/20200813_153453,12,s0_l1,61,1386.8424725532532
visibility_lt_03,center_mm,20200813-subject-02/20200813_153453,12,s0_l0,61,1425.1913423538208
visibility_lt_03,center_mm,20200813-subject-02/20200813_153453,12,s1_l1,61,1431.430534362793
visibility_lt_03,center_mm,20200813-subject-02/20200813_153453,12,s1_l0,61,1416.878279209137
visibility_lt_03,center_mm,20200813-subject-02/20200813_153453,12,fp,61,1457.2760133743286
visibility_lt_03,center_mm,20200813-subject-02/20200813_153802,13,residual,37,4547.262802124023
visibility_lt_03,center_mm,20200813-subject-02/20200813_153802,13,s0_l1,37,4519.367225646973
visibility_lt_03,center_mm,20200813-subject-02/20200813_153802,13,s0_l0,37,4614.398956298828
visibility_lt_03,center_mm,20200813-subject-02/20200813_153802,13,s1_l1,37,4463.312660217285
visibility_lt_03,center_mm,20200813-subject-02/20200813_153802,13,s1_l0,37,4526.295989990234
visibility_lt_03,center_mm,20200813-subject-02/20200813_153802,13,fp,37,1929.6451969146729
visibility_lt_03,center_mm,20200813-subject-02/20200813_154408,15,residual,12,419.4430351257324
visibility_lt_03,center_mm,20200813-subject-02/20200813_154408,15,s0_l1,12,416.6512145996094
visibility_lt_03,center_mm,20200813-subject-02/20200813_154408,15,s0_l0,12,409.195255279541
visibility_lt_03,center_mm,20200813-subject-02/20200813_154408,15,s1_l1,12,417.50931549072266
visibility_lt_03,center_mm,20200813-subject-02/20200813_154408,15,s1_l0,12,418.9764041900635
visibility_lt_03,center_mm,20200813-subject-02/20200813_154408,15,fp,12,549.134485244751
visibility_lt_03,center_mm,20200813-subject-02/20200813_155021,17,residual,9,560.1404190063477
visibility_lt_03,center_mm,20200813-subject-02/20200813_155021,17,s0_l1,9,759.8008861541748
visibility_lt_03,center_mm,20200813-subject-02/20200813_155021,17,s0_l0,9,762.0825424194336
visibility_lt_03,center_mm,20200813-subject-02/20200813_155021,17,s1_l1,9,725.7334117889404
visibility_lt_03,center_mm,20200813-subject-02/20200813_155021,17,s1_l0,9,740.2584209442139
visibility_lt_03,center_mm,20200813-subject-02/20200813_155021,17,fp,9,637.8301410675049
visibility_lt_03,center_mm,20200813-subject-02/20200813_155314,18,residual,51,691.0131952762604
visibility_lt_03,center_mm,20200813-subject-02/20200813_155314,18,s0_l1,51,740.0919563770294
visibility_lt_03,center_mm,20200813-subject-02/20200813_155314,18,s0_l0,51,719.8709170818329
visibility_lt_03,center_mm,20200813-subject-02/20200813_155314,18,s1_l1,51,746.4886465072632
visibility_lt_03,center_mm,20200813-subject-02/20200813_155314,18,s1_l0,51,760.0953330993652
visibility_lt_03,center_mm,20200813-subject-02/20200813_155314,18,fp,51,16236.697589874268
visibility_lt_03,center_mm,20200813-subject-02/20200813_155953,21,residual,15,190.15655398368835
visibility_lt_03,center_mm,20200813-subject-02/20200813_155953,21,s0_l1,15,134.44723653793335
visibility_lt_03,center_mm,20200813-subject-02/20200813_155953,21,s0_l0,15,153.05482745170593
visibility_lt_03,center_mm,20200813-subject-02/20200813_155953,21,s1_l1,15,139.85173070430756
visibility_lt_03,center_mm,20200813-subject-02/20200813_155953,21,s1_l0,15,145.40997838974
visibility_lt_03,center_mm,20200813-subject-02/20200813_155953,21,fp,15,2413.9421977996826
visibility_lt_05,add_01,20200709-subject-01/20200709_142123,1,residual,111,6000.0
visibility_lt_05,add_01,20200709-subject-01/20200709_142123,1,s0_l1,111,6100.0
visibility_lt_05,add_01,20200709-subject-01/20200709_142123,1,s0_l0,111,6000.0
visibility_lt_05,add_01,20200709-subject-01/20200709_142123,1,s1_l1,111,6200.0
visibility_lt_05,add_01,20200709-subject-01/20200709_142123,1,s1_l0,111,6200.0
visibility_lt_05,add_01,20200709-subject-01/20200709_142123,1,fp,111,5500.0
visibility_lt_05,add_01,20200709-subject-01/20200709_142446,2,residual,51,100.0
visibility_lt_05,add_01,20200709-subject-01/20200709_142446,2,s0_l1,51,100.0
visibility_lt_05,add_01,20200709-subject-01/20200709_142446,2,s0_l0,51,100.0
visibility_lt_05,add_01,20200709-subject-01/20200709_142446,2,s1_l1,51,100.0
visibility_lt_05,add_01,20200709-subject-01/20200709_142446,2,s1_l0,51,100.0
visibility_lt_05,add_01,20200709-subject-01/20200709_142446,2,fp,51,100.0
visibility_lt_05,add_01,20200709-subject-01/20200709_142802,3,residual,72,0.0
visibility_lt_05,add_01,20200709-subject-01/20200709_142802,3,s0_l1,72,0.0
visibility_lt_05,add_01,20200709-subject-01/20200709_142802,3,s0_l0,72,0.0
visibility_lt_05,add_01,20200709-subject-01/20200709_142802,3,s1_l1,72,0.0
visibility_lt_05,add_01,20200709-subject-01/20200709_142802,3,s1_l0,72,0.0
visibility_lt_05,add_01,20200709-subject-01/20200709_142802,3,fp,72,0.0
visibility_lt_05,add_01,20200709-subject-01/20200709_143125,4,residual,14,0.0
visibility_lt_05,add_01,20200709-subject-01/20200709_143125,4,s0_l1,14,0.0
visibility_lt_05,add_01,20200709-subject-01/20200709_143125,4,s0_l0,14,0.0
visibility_lt_05,add_01,20200709-subject-01/20200709_143125,4,s1_l1,14,0.0
visibility_lt_05,add_01,20200709-subject-01/20200709_143125,4,s1_l0,14,0.0
visibility_lt_05,add_01,20200709-subject-01/20200709_143125,4,fp,14,0.0
visibility_lt_05,add_01,20200709-subject-01/20200709_143531,5,residual,91,2000.0
visibility_lt_05,add_01,20200709-subject-01/20200709_143531,5,s0_l1,91,1600.0
visibility_lt_05,add_01,20200709-subject-01/20200709_143531,5,s0_l0,91,1100.0
visibility_lt_05,add_01,20200709-subject-01/20200709_143531,5,s1_l1,91,1500.0
visibility_lt_05,add_01,20200709-subject-01/20200709_143531,5,s1_l0,91,1500.0
visibility_lt_05,add_01,20200709-subject-01/20200709_143531,5,fp,91,8700.0
visibility_lt_05,add_01,20200709-subject-01/20200709_143907,6,residual,45,0.0
visibility_lt_05,add_01,20200709-subject-01/20200709_143907,6,s0_l1,45,0.0
visibility_lt_05,add_01,20200709-subject-01/20200709_143907,6,s0_l0,45,0.0
visibility_lt_05,add_01,20200709-subject-01/20200709_143907,6,s1_l1,45,0.0
visibility_lt_05,add_01,20200709-subject-01/20200709_143907,6,s1_l0,45,0.0
visibility_lt_05,add_01,20200709-subject-01/20200709_143907,6,fp,45,300.0
visibility_lt_05,add_01,20200709-subject-01/20200709_144313,7,residual,157,3100.0
visibility_lt_05,add_01,20200709-subject-01/20200709_144313,7,s0_l1,157,3400.0
visibility_lt_05,add_01,20200709-subject-01/20200709_144313,7,s0_l0,157,3400.0
visibility_lt_05,add_01,20200709-subject-01/20200709_144313,7,s1_l1,157,3400.0
visibility_lt_05,add_01,20200709-subject-01/20200709_144313,7,s1_l0,157,3400.0
visibility_lt_05,add_01,20200709-subject-01/20200709_144313,7,fp,157,1200.0
visibility_lt_05,add_01,20200709-subject-01/20200709_144735,8,residual,101,3200.0
visibility_lt_05,add_01,20200709-subject-01/20200709_144735,8,s0_l1,101,3900.0
visibility_lt_05,add_01,20200709-subject-01/20200709_144735,8,s0_l0,101,4100.0
visibility_lt_05,add_01,20200709-subject-01/20200709_144735,8,s1_l1,101,4100.0
visibility_lt_05,add_01,20200709-subject-01/20200709_144735,8,s1_l0,101,4300.0
visibility_lt_05,add_01,20200709-subject-01/20200709_144735,8,fp,101,7000.0
visibility_lt_05,add_01,20200709-subject-01/20200709_145132,9,residual,130,12500.0
visibility_lt_05,add_01,20200709-subject-01/20200709_145132,9,s0_l1,130,11800.0
visibility_lt_05,add_01,20200709-subject-01/20200709_145132,9,s0_l0,130,11700.0
visibility_lt_05,add_01,20200709-subject-01/20200709_145132,9,s1_l1,130,11600.0
visibility_lt_05,add_01,20200709-subject-01/20200709_145132,9,s1_l0,130,11800.0
visibility_lt_05,add_01,20200709-subject-01/20200709_145132,9,fp,130,12700.0
visibility_lt_05,add_01,20200709-subject-01/20200709_145743,10,residual,35,2200.0
visibility_lt_05,add_01,20200709-subject-01/20200709_145743,10,s0_l1,35,1900.0
visibility_lt_05,add_01,20200709-subject-01/20200709_145743,10,s0_l0,35,1900.0
visibility_lt_05,add_01,20200709-subject-01/20200709_145743,10,s1_l1,35,1700.0
visibility_lt_05,add_01,20200709-subject-01/20200709_145743,10,s1_l0,35,2000.0
visibility_lt_05,add_01,20200709-subject-01/20200709_145743,10,fp,35,1300.0
visibility_lt_05,add_01,20200709-subject-01/20200709_150524,12,residual,22,2200.0
visibility_lt_05,add_01,20200709-subject-01/20200709_150524,12,s0_l1,22,2200.0
visibility_lt_05,add_01,20200709-subject-01/20200709_150524,12,s0_l0,22,2200.0
visibility_lt_05,add_01,20200709-subject-01/20200709_150524,12,s1_l1,22,2200.0
visibility_lt_05,add_01,20200709-subject-01/20200709_150524,12,s1_l0,22,2200.0
visibility_lt_05,add_01,20200709-subject-01/20200709_150524,12,fp,22,2200.0
visibility_lt_05,add_01,20200709-subject-01/20200709_151246,14,residual,133,1000.0
visibility_lt_05,add_01,20200709-subject-01/20200709_151246,14,s0_l1,133,1000.0
visibility_lt_05,add_01,20200709-subject-01/20200709_151246,14,s0_l0,133,1000.0
visibility_lt_05,add_01,20200709-subject-01/20200709_151246,14,s1_l1,133,1000.0
visibility_lt_05,add_01,20200709-subject-01/20200709_151246,14,s1_l0,133,1000.0
visibility_lt_05,add_01,20200709-subject-01/20200709_151246,14,fp,133,800.0
visibility_lt_05,add_01,20200709-subject-01/20200709_151632,15,residual,36,2900.0
visibility_lt_05,add_01,20200709-subject-01/20200709_151632,15,s0_l1,36,2800.0
visibility_lt_05,add_01,20200709-subject-01/20200709_151632,15,s0_l0,36,2800.0
visibility_lt_05,add_01,20200709-subject-01/20200709_151632,15,s1_l1,36,2400.0
visibility_lt_05,add_01,20200709-subject-01/20200709_151632,15,s1_l0,36,2500.0
visibility_lt_05,add_01,20200709-subject-01/20200709_151632,15,fp,36,3500.0
visibility_lt_05,add_01,20200709-subject-01/20200709_151948,16,residual,34,0.0
visibility_lt_05,add_01,20200709-subject-01/20200709_151948,16,s0_l1,34,0.0
visibility_lt_05,add_01,20200709-subject-01/20200709_151948,16,s0_l0,34,0.0
visibility_lt_05,add_01,20200709-subject-01/20200709_151948,16,s1_l1,34,0.0
visibility_lt_05,add_01,20200709-subject-01/20200709_151948,16,s1_l0,34,0.0
visibility_lt_05,add_01,20200709-subject-01/20200709_151948,16,fp,34,0.0
visibility_lt_05,add_01,20200709-subject-01/20200709_152420,17,residual,72,1100.0
visibility_lt_05,add_01,20200709-subject-01/20200709_152420,17,s0_l1,72,1100.0
visibility_lt_05,add_01,20200709-subject-01/20200709_152420,17,s0_l0,72,1100.0
visibility_lt_05,add_01,20200709-subject-01/20200709_152420,17,s1_l1,72,1000.0
visibility_lt_05,add_01,20200709-subject-01/20200709_152420,17,s1_l0,72,1000.0
visibility_lt_05,add_01,20200709-subject-01/20200709_152420,17,fp,72,3800.0
visibility_lt_05,add_01,20200709-subject-01/20200709_152757,18,residual,88,4100.0
visibility_lt_05,add_01,20200709-subject-01/20200709_152757,18,s0_l1,88,5000.0
visibility_lt_05,add_01,20200709-subject-01/20200709_152757,18,s0_l0,88,5400.0
visibility_lt_05,add_01,20200709-subject-01/20200709_152757,18,s1_l1,88,5800.0
visibility_lt_05,add_01,20200709-subject-01/20200709_152757,18,s1_l0,88,5800.0
visibility_lt_05,add_01,20200709-subject-01/20200709_152757,18,fp,88,5000.0
visibility_lt_05,add_01,20200709-subject-01/20200709_153148,20,residual,102,5000.0
visibility_lt_05,add_01,20200709-subject-01/20200709_153148,20,s0_l1,102,4900.0
visibility_lt_05,add_01,20200709-subject-01/20200709_153148,20,s0_l0,102,5000.0
visibility_lt_05,add_01,20200709-subject-01/20200709_153148,20,s1_l1,102,4900.0
visibility_lt_05,add_01,20200709-subject-01/20200709_153148,20,s1_l0,102,5000.0
visibility_lt_05,add_01,20200709-subject-01/20200709_153148,20,fp,102,5000.0
visibility_lt_05,add_01,20200709-subject-01/20200709_153548,21,residual,72,2800.0
visibility_lt_05,add_01,20200709-subject-01/20200709_153548,21,s0_l1,72,2700.0
visibility_lt_05,add_01,20200709-subject-01/20200709_153548,21,s0_l0,72,2700.0
visibility_lt_05,add_01,20200709-subject-01/20200709_153548,21,s1_l1,72,2700.0
visibility_lt_05,add_01,20200709-subject-01/20200709_153548,21,s1_l0,72,2700.0
visibility_lt_05,add_01,20200709-subject-01/20200709_153548,21,fp,72,2100.0
visibility_lt_05,add_01,20200813-subject-02/20200813_145612,1,residual,3,0.0
visibility_lt_05,add_01,20200813-subject-02/20200813_145612,1,s0_l1,3,0.0
visibility_lt_05,add_01,20200813-subject-02/20200813_145612,1,s0_l0,3,0.0
visibility_lt_05,add_01,20200813-subject-02/20200813_145612,1,s1_l1,3,0.0
visibility_lt_05,add_01,20200813-subject-02/20200813_145612,1,s1_l0,3,0.0
visibility_lt_05,add_01,20200813-subject-02/20200813_145612,1,fp,3,0.0
visibility_lt_05,add_01,20200813-subject-02/20200813_150535,4,residual,22,1200.0
visibility_lt_05,add_01,20200813-subject-02/20200813_150535,4,s0_l1,22,1200.0
visibility_lt_05,add_01,20200813-subject-02/20200813_150535,4,s0_l0,22,1200.0
visibility_lt_05,add_01,20200813-subject-02/20200813_150535,4,s1_l1,22,1200.0
visibility_lt_05,add_01,20200813-subject-02/20200813_150535,4,s1_l0,22,1200.0
visibility_lt_05,add_01,20200813-subject-02/20200813_150535,4,fp,22,1200.0
visibility_lt_05,add_01,20200813-subject-02/20200813_150823,5,residual,30,2800.0
visibility_lt_05,add_01,20200813-subject-02/20200813_150823,5,s0_l1,30,2800.0
visibility_lt_05,add_01,20200813-subject-02/20200813_150823,5,s0_l0,30,2800.0
visibility_lt_05,add_01,20200813-subject-02/20200813_150823,5,s1_l1,30,2800.0
visibility_lt_05,add_01,20200813-subject-02/20200813_150823,5,s1_l0,30,2800.0
visibility_lt_05,add_01,20200813-subject-02/20200813_150823,5,fp,30,2600.0
visibility_lt_05,add_01,20200813-subject-02/20200813_151117,6,residual,50,800.0
visibility_lt_05,add_01,20200813-subject-02/20200813_151117,6,s0_l1,50,1200.0
visibility_lt_05,add_01,20200813-subject-02/20200813_151117,6,s0_l0,50,1200.0
visibility_lt_05,add_01,20200813-subject-02/20200813_151117,6,s1_l1,50,1300.0
visibility_lt_05,add_01,20200813-subject-02/20200813_151117,6,s1_l0,50,1300.0
visibility_lt_05,add_01,20200813-subject-02/20200813_151117,6,fp,50,400.0
visibility_lt_05,add_01,20200813-subject-02/20200813_151925,7,residual,47,3000.0
visibility_lt_05,add_01,20200813-subject-02/20200813_151925,7,s0_l1,47,2700.0
visibility_lt_05,add_01,20200813-subject-02/20200813_151925,7,s0_l0,47,2600.0
visibility_lt_05,add_01,20200813-subject-02/20200813_151925,7,s1_l1,47,2600.0
visibility_lt_05,add_01,20200813-subject-02/20200813_151925,7,s1_l0,47,2600.0
visibility_lt_05,add_01,20200813-subject-02/20200813_151925,7,fp,47,3600.0
visibility_lt_05,add_01,20200813-subject-02/20200813_152215,8,residual,35,2600.0
visibility_lt_05,add_01,20200813-subject-02/20200813_152215,8,s0_l1,35,2500.0
visibility_lt_05,add_01,20200813-subject-02/20200813_152215,8,s0_l0,35,2500.0
visibility_lt_05,add_01,20200813-subject-02/20200813_152215,8,s1_l1,35,2400.0
visibility_lt_05,add_01,20200813-subject-02/20200813_152215,8,s1_l0,35,2400.0
visibility_lt_05,add_01,20200813-subject-02/20200813_152215,8,fp,35,1700.0
visibility_lt_05,add_01,20200813-subject-02/20200813_152513,9,residual,114,6800.0
visibility_lt_05,add_01,20200813-subject-02/20200813_152513,9,s0_l1,114,6400.0
visibility_lt_05,add_01,20200813-subject-02/20200813_152513,9,s0_l0,114,6600.0
visibility_lt_05,add_01,20200813-subject-02/20200813_152513,9,s1_l1,114,6500.0
visibility_lt_05,add_01,20200813-subject-02/20200813_152513,9,s1_l0,114,6500.0
visibility_lt_05,add_01,20200813-subject-02/20200813_152513,9,fp,114,2600.0
visibility_lt_05,add_01,20200813-subject-02/20200813_152842,10,residual,63,2800.0
visibility_lt_05,add_01,20200813-subject-02/20200813_152842,10,s0_l1,63,2400.0
visibility_lt_05,add_01,20200813-subject-02/20200813_152842,10,s0_l0,63,2400.0
visibility_lt_05,add_01,20200813-subject-02/20200813_152842,10,s1_l1,63,2500.0
visibility_lt_05,add_01,20200813-subject-02/20200813_152842,10,s1_l0,63,2400.0
visibility_lt_05,add_01,20200813-subject-02/20200813_152842,10,fp,63,4300.0
visibility_lt_05,add_01,20200813-subject-02/20200813_153152,11,residual,2,0.0
visibility_lt_05,add_01,20200813-subject-02/20200813_153152,11,s0_l1,2,0.0
visibility_lt_05,add_01,20200813-subject-02/20200813_153152,11,s0_l0,2,0.0
visibility_lt_05,add_01,20200813-subject-02/20200813_153152,11,s1_l1,2,0.0
visibility_lt_05,add_01,20200813-subject-02/20200813_153152,11,s1_l0,2,0.0
visibility_lt_05,add_01,20200813-subject-02/20200813_153152,11,fp,2,200.0
visibility_lt_05,add_01,20200813-subject-02/20200813_153453,12,residual,121,4700.0
visibility_lt_05,add_01,20200813-subject-02/20200813_153453,12,s0_l1,121,5800.0
visibility_lt_05,add_01,20200813-subject-02/20200813_153453,12,s0_l0,121,5600.0
visibility_lt_05,add_01,20200813-subject-02/20200813_153453,12,s1_l1,121,5600.0
visibility_lt_05,add_01,20200813-subject-02/20200813_153453,12,s1_l0,121,5600.0
visibility_lt_05,add_01,20200813-subject-02/20200813_153453,12,fp,121,8400.0
visibility_lt_05,add_01,20200813-subject-02/20200813_153802,13,residual,38,0.0
visibility_lt_05,add_01,20200813-subject-02/20200813_153802,13,s0_l1,38,0.0
visibility_lt_05,add_01,20200813-subject-02/20200813_153802,13,s0_l0,38,0.0
visibility_lt_05,add_01,20200813-subject-02/20200813_153802,13,s1_l1,38,0.0
visibility_lt_05,add_01,20200813-subject-02/20200813_153802,13,s1_l0,38,0.0
visibility_lt_05,add_01,20200813-subject-02/20200813_153802,13,fp,38,0.0
visibility_lt_05,add_01,20200813-subject-02/20200813_154103,14,residual,46,0.0
visibility_lt_05,add_01,20200813-subject-02/20200813_154103,14,s0_l1,46,0.0
visibility_lt_05,add_01,20200813-subject-02/20200813_154103,14,s0_l0,46,0.0
visibility_lt_05,add_01,20200813-subject-02/20200813_154103,14,s1_l1,46,0.0
visibility_lt_05,add_01,20200813-subject-02/20200813_154103,14,s1_l0,46,0.0
visibility_lt_05,add_01,20200813-subject-02/20200813_154103,14,fp,46,1800.0
visibility_lt_05,add_01,20200813-subject-02/20200813_154408,15,residual,21,200.0
visibility_lt_05,add_01,20200813-subject-02/20200813_154408,15,s0_l1,21,400.0
visibility_lt_05,add_01,20200813-subject-02/20200813_154408,15,s0_l0,21,400.0
visibility_lt_05,add_01,20200813-subject-02/20200813_154408,15,s1_l1,21,400.0
visibility_lt_05,add_01,20200813-subject-02/20200813_154408,15,s1_l0,21,300.0
visibility_lt_05,add_01,20200813-subject-02/20200813_154408,15,fp,21,400.0
visibility_lt_05,add_01,20200813-subject-02/20200813_154729,16,residual,7,0.0
visibility_lt_05,add_01,20200813-subject-02/20200813_154729,16,s0_l1,7,0.0
visibility_lt_05,add_01,20200813-subject-02/20200813_154729,16,s0_l0,7,0.0
visibility_lt_05,add_01,20200813-subject-02/20200813_154729,16,s1_l1,7,0.0
visibility_lt_05,add_01,20200813-subject-02/20200813_154729,16,s1_l0,7,0.0
visibility_lt_05,add_01,20200813-subject-02/20200813_154729,16,fp,7,0.0
visibility_lt_05,add_01,20200813-subject-02/20200813_155021,17,residual,89,0.0
visibility_lt_05,add_01,20200813-subject-02/20200813_155021,17,s0_l1,89,0.0
visibility_lt_05,add_01,20200813-subject-02/20200813_155021,17,s0_l0,89,0.0
visibility_lt_05,add_01,20200813-subject-02/20200813_155021,17,s1_l1,89,0.0
visibility_lt_05,add_01,20200813-subject-02/20200813_155021,17,s1_l0,89,0.0
visibility_lt_05,add_01,20200813-subject-02/20200813_155021,17,fp,89,400.0
visibility_lt_05,add_01,20200813-subject-02/20200813_155314,18,residual,220,4800.0
visibility_lt_05,add_01,20200813-subject-02/20200813_155314,18,s0_l1,220,5200.0
visibility_lt_05,add_01,20200813-subject-02/20200813_155314,18,s0_l0,220,6300.0
visibility_lt_05,add_01,20200813-subject-02/20200813_155314,18,s1_l1,220,6200.0
visibility_lt_05,add_01,20200813-subject-02/20200813_155314,18,s1_l0,220,6300.0
visibility_lt_05,add_01,20200813-subject-02/20200813_155314,18,fp,220,1300.0
visibility_lt_05,add_01,20200813-subject-02/20200813_155633,20,residual,19,0.0
visibility_lt_05,add_01,20200813-subject-02/20200813_155633,20,s0_l1,19,0.0
visibility_lt_05,add_01,20200813-subject-02/20200813_155633,20,s0_l0,19,0.0
visibility_lt_05,add_01,20200813-subject-02/20200813_155633,20,s1_l1,19,0.0
visibility_lt_05,add_01,20200813-subject-02/20200813_155633,20,s1_l0,19,0.0
visibility_lt_05,add_01,20200813-subject-02/20200813_155633,20,fp,19,0.0
visibility_lt_05,add_01,20200813-subject-02/20200813_155953,21,residual,73,0.0
visibility_lt_05,add_01,20200813-subject-02/20200813_155953,21,s0_l1,73,0.0
visibility_lt_05,add_01,20200813-subject-02/20200813_155953,21,s0_l0,73,0.0
visibility_lt_05,add_01,20200813-subject-02/20200813_155953,21,s1_l1,73,0.0
visibility_lt_05,add_01,20200813-subject-02/20200813_155953,21,s1_l0,73,0.0
visibility_lt_05,add_01,20200813-subject-02/20200813_155953,21,fp,73,0.0
visibility_lt_05,adds_005,20200709-subject-01/20200709_142123,1,residual,111,11000.0
visibility_lt_05,adds_005,20200709-subject-01/20200709_142123,1,s0_l1,111,11000.0
visibility_lt_05,adds_005,20200709-subject-01/20200709_142123,1,s0_l0,111,11000.0
visibility_lt_05,adds_005,20200709-subject-01/20200709_142123,1,s1_l1,111,11000.0
visibility_lt_05,adds_005,20200709-subject-01/20200709_142123,1,s1_l0,111,11000.0
visibility_lt_05,adds_005,20200709-subject-01/20200709_142123,1,fp,111,11000.0
visibility_lt_05,adds_005,20200709-subject-01/20200709_142446,2,residual,51,200.0
visibility_lt_05,adds_005,20200709-subject-01/20200709_142446,2,s0_l1,51,100.0
visibility_lt_05,adds_005,20200709-subject-01/20200709_142446,2,s0_l0,51,100.0
visibility_lt_05,adds_005,20200709-subject-01/20200709_142446,2,s1_l1,51,100.0
visibility_lt_05,adds_005,20200709-subject-01/20200709_142446,2,s1_l0,51,100.0
visibility_lt_05,adds_005,20200709-subject-01/20200709_142446,2,fp,51,200.0
visibility_lt_05,adds_005,20200709-subject-01/20200709_142802,3,residual,72,300.0
visibility_lt_05,adds_005,20200709-subject-01/20200709_142802,3,s0_l1,72,300.0
visibility_lt_05,adds_005,20200709-subject-01/20200709_142802,3,s0_l0,72,600.0
visibility_lt_05,adds_005,20200709-subject-01/20200709_142802,3,s1_l1,72,600.0
visibility_lt_05,adds_005,20200709-subject-01/20200709_142802,3,s1_l0,72,600.0
visibility_lt_05,adds_005,20200709-subject-01/20200709_142802,3,fp,72,0.0
visibility_lt_05,adds_005,20200709-subject-01/20200709_143125,4,residual,14,1400.0
visibility_lt_05,adds_005,20200709-subject-01/20200709_143125,4,s0_l1,14,1400.0
visibility_lt_05,adds_005,20200709-subject-01/20200709_143125,4,s0_l0,14,1400.0
visibility_lt_05,adds_005,20200709-subject-01/20200709_143125,4,s1_l1,14,1400.0
visibility_lt_05,adds_005,20200709-subject-01/20200709_143125,4,s1_l0,14,1400.0
visibility_lt_05,adds_005,20200709-subject-01/20200709_143125,4,fp,14,1300.0
visibility_lt_05,adds_005,20200709-subject-01/20200709_143531,5,residual,91,6100.0
visibility_lt_05,adds_005,20200709-subject-01/20200709_143531,5,s0_l1,91,4300.0
visibility_lt_05,adds_005,20200709-subject-01/20200709_143531,5,s0_l0,91,4000.0
visibility_lt_05,adds_005,20200709-subject-01/20200709_143531,5,s1_l1,91,4400.0
visibility_lt_05,adds_005,20200709-subject-01/20200709_143531,5,s1_l0,91,4500.0
visibility_lt_05,adds_005,20200709-subject-01/20200709_143531,5,fp,91,8800.0
visibility_lt_05,adds_005,20200709-subject-01/20200709_143907,6,residual,45,2400.0
visibility_lt_05,adds_005,20200709-subject-01/20200709_143907,6,s0_l1,45,2400.0
visibility_lt_05,adds_005,20200709-subject-01/20200709_143907,6,s0_l0,45,2500.0
visibility_lt_05,adds_005,20200709-subject-01/20200709_143907,6,s1_l1,45,2700.0
visibility_lt_05,adds_005,20200709-subject-01/20200709_143907,6,s1_l0,45,2700.0
visibility_lt_05,adds_005,20200709-subject-01/20200709_143907,6,fp,45,3100.0
visibility_lt_05,adds_005,20200709-subject-01/20200709_144313,7,residual,157,3500.0
visibility_lt_05,adds_005,20200709-subject-01/20200709_144313,7,s0_l1,157,3500.0
visibility_lt_05,adds_005,20200709-subject-01/20200709_144313,7,s0_l0,157,3500.0
visibility_lt_05,adds_005,20200709-subject-01/20200709_144313,7,s1_l1,157,3500.0
visibility_lt_05,adds_005,20200709-subject-01/20200709_144313,7,s1_l0,157,3500.0
visibility_lt_05,adds_005,20200709-subject-01/20200709_144313,7,fp,157,1000.0
visibility_lt_05,adds_005,20200709-subject-01/20200709_144735,8,residual,101,4000.0
visibility_lt_05,adds_005,20200709-subject-01/20200709_144735,8,s0_l1,101,5600.0
visibility_lt_05,adds_005,20200709-subject-01/20200709_144735,8,s0_l0,101,5800.0
visibility_lt_05,adds_005,20200709-subject-01/20200709_144735,8,s1_l1,101,5800.0
visibility_lt_05,adds_005,20200709-subject-01/20200709_144735,8,s1_l0,101,5700.0
visibility_lt_05,adds_005,20200709-subject-01/20200709_144735,8,fp,101,5600.0
visibility_lt_05,adds_005,20200709-subject-01/20200709_145132,9,residual,130,12700.0
visibility_lt_05,adds_005,20200709-subject-01/20200709_145132,9,s0_l1,130,12800.0
visibility_lt_05,adds_005,20200709-subject-01/20200709_145132,9,s0_l0,130,12700.0
visibility_lt_05,adds_005,20200709-subject-01/20200709_145132,9,s1_l1,130,12700.0
visibility_lt_05,adds_005,20200709-subject-01/20200709_145132,9,s1_l0,130,12800.0
visibility_lt_05,adds_005,20200709-subject-01/20200709_145132,9,fp,130,12700.0
visibility_lt_05,adds_005,20200709-subject-01/20200709_145743,10,residual,35,3200.0
visibility_lt_05,adds_005,20200709-subject-01/20200709_145743,10,s0_l1,35,3000.0
visibility_lt_05,adds_005,20200709-subject-01/20200709_145743,10,s0_l0,35,3000.0
visibility_lt_05,adds_005,20200709-subject-01/20200709_145743,10,s1_l1,35,3000.0
visibility_lt_05,adds_005,20200709-subject-01/20200709_145743,10,s1_l0,35,3100.0
visibility_lt_05,adds_005,20200709-subject-01/20200709_145743,10,fp,35,1300.0
visibility_lt_05,adds_005,20200709-subject-01/20200709_150524,12,residual,22,2200.0
visibility_lt_05,adds_005,20200709-subject-01/20200709_150524,12,s0_l1,22,2200.0
visibility_lt_05,adds_005,20200709-subject-01/20200709_150524,12,s0_l0,22,2200.0
visibility_lt_05,adds_005,20200709-subject-01/20200709_150524,12,s1_l1,22,2200.0
visibility_lt_05,adds_005,20200709-subject-01/20200709_150524,12,s1_l0,22,2200.0
visibility_lt_05,adds_005,20200709-subject-01/20200709_150524,12,fp,22,2200.0
visibility_lt_05,adds_005,20200709-subject-01/20200709_151246,14,residual,133,1300.0
visibility_lt_05,adds_005,20200709-subject-01/20200709_151246,14,s0_l1,133,1300.0
visibility_lt_05,adds_005,20200709-subject-01/20200709_151246,14,s0_l0,133,1300.0
visibility_lt_05,adds_005,20200709-subject-01/20200709_151246,14,s1_l1,133,1300.0
visibility_lt_05,adds_005,20200709-subject-01/20200709_151246,14,s1_l0,133,1300.0
visibility_lt_05,adds_005,20200709-subject-01/20200709_151246,14,fp,133,1100.0
visibility_lt_05,adds_005,20200709-subject-01/20200709_151632,15,residual,36,3500.0
visibility_lt_05,adds_005,20200709-subject-01/20200709_151632,15,s0_l1,36,3500.0
visibility_lt_05,adds_005,20200709-subject-01/20200709_151632,15,s0_l0,36,3500.0
visibility_lt_05,adds_005,20200709-subject-01/20200709_151632,15,s1_l1,36,3400.0
visibility_lt_05,adds_005,20200709-subject-01/20200709_151632,15,s1_l0,36,3400.0
visibility_lt_05,adds_005,20200709-subject-01/20200709_151632,15,fp,36,3500.0
visibility_lt_05,adds_005,20200709-subject-01/20200709_151948,16,residual,34,3100.0
visibility_lt_05,adds_005,20200709-subject-01/20200709_151948,16,s0_l1,34,3000.0
visibility_lt_05,adds_005,20200709-subject-01/20200709_151948,16,s0_l0,34,3000.0
visibility_lt_05,adds_005,20200709-subject-01/20200709_151948,16,s1_l1,34,3000.0
visibility_lt_05,adds_005,20200709-subject-01/20200709_151948,16,s1_l0,34,3000.0
visibility_lt_05,adds_005,20200709-subject-01/20200709_151948,16,fp,34,2700.0
visibility_lt_05,adds_005,20200709-subject-01/20200709_152420,17,residual,72,2900.0
visibility_lt_05,adds_005,20200709-subject-01/20200709_152420,17,s0_l1,72,3100.0
visibility_lt_05,adds_005,20200709-subject-01/20200709_152420,17,s0_l0,72,3000.0
visibility_lt_05,adds_005,20200709-subject-01/20200709_152420,17,s1_l1,72,2600.0
visibility_lt_05,adds_005,20200709-subject-01/20200709_152420,17,s1_l0,72,2700.0
visibility_lt_05,adds_005,20200709-subject-01/20200709_152420,17,fp,72,5900.0
visibility_lt_05,adds_005,20200709-subject-01/20200709_152757,18,residual,88,5200.0
visibility_lt_05,adds_005,20200709-subject-01/20200709_152757,18,s0_l1,88,6200.0
visibility_lt_05,adds_005,20200709-subject-01/20200709_152757,18,s0_l0,88,6100.0
visibility_lt_05,adds_005,20200709-subject-01/20200709_152757,18,s1_l1,88,6500.0
visibility_lt_05,adds_005,20200709-subject-01/20200709_152757,18,s1_l0,88,6400.0
visibility_lt_05,adds_005,20200709-subject-01/20200709_152757,18,fp,88,6700.0
visibility_lt_05,adds_005,20200709-subject-01/20200709_153148,20,residual,102,4900.0
visibility_lt_05,adds_005,20200709-subject-01/20200709_153148,20,s0_l1,102,4900.0
visibility_lt_05,adds_005,20200709-subject-01/20200709_153148,20,s0_l0,102,5000.0
visibility_lt_05,adds_005,20200709-subject-01/20200709_153148,20,s1_l1,102,4900.0
visibility_lt_05,adds_005,20200709-subject-01/20200709_153148,20,s1_l0,102,5000.0
visibility_lt_05,adds_005,20200709-subject-01/20200709_153148,20,fp,102,5000.0
visibility_lt_05,adds_005,20200709-subject-01/20200709_153548,21,residual,72,3000.0
visibility_lt_05,adds_005,20200709-subject-01/20200709_153548,21,s0_l1,72,2700.0
visibility_lt_05,adds_005,20200709-subject-01/20200709_153548,21,s0_l0,72,2700.0
visibility_lt_05,adds_005,20200709-subject-01/20200709_153548,21,s1_l1,72,2700.0
visibility_lt_05,adds_005,20200709-subject-01/20200709_153548,21,s1_l0,72,2700.0
visibility_lt_05,adds_005,20200709-subject-01/20200709_153548,21,fp,72,2100.0
visibility_lt_05,adds_005,20200813-subject-02/20200813_145612,1,residual,3,300.0
visibility_lt_05,adds_005,20200813-subject-02/20200813_145612,1,s0_l1,3,300.0
visibility_lt_05,adds_005,20200813-subject-02/20200813_145612,1,s0_l0,3,300.0
visibility_lt_05,adds_005,20200813-subject-02/20200813_145612,1,s1_l1,3,300.0
visibility_lt_05,adds_005,20200813-subject-02/20200813_145612,1,s1_l0,3,300.0
visibility_lt_05,adds_005,20200813-subject-02/20200813_145612,1,fp,3,300.0
visibility_lt_05,adds_005,20200813-subject-02/20200813_150535,4,residual,22,1600.0
visibility_lt_05,adds_005,20200813-subject-02/20200813_150535,4,s0_l1,22,1600.0
visibility_lt_05,adds_005,20200813-subject-02/20200813_150535,4,s0_l0,22,1600.0
visibility_lt_05,adds_005,20200813-subject-02/20200813_150535,4,s1_l1,22,1600.0
visibility_lt_05,adds_005,20200813-subject-02/20200813_150535,4,s1_l0,22,1600.0
visibility_lt_05,adds_005,20200813-subject-02/20200813_150535,4,fp,22,1200.0
visibility_lt_05,adds_005,20200813-subject-02/20200813_150823,5,residual,30,2800.0
visibility_lt_05,adds_005,20200813-subject-02/20200813_150823,5,s0_l1,30,2800.0
visibility_lt_05,adds_005,20200813-subject-02/20200813_150823,5,s0_l0,30,2800.0
visibility_lt_05,adds_005,20200813-subject-02/20200813_150823,5,s1_l1,30,2800.0
visibility_lt_05,adds_005,20200813-subject-02/20200813_150823,5,s1_l0,30,2800.0
visibility_lt_05,adds_005,20200813-subject-02/20200813_150823,5,fp,30,2800.0
visibility_lt_05,adds_005,20200813-subject-02/20200813_151117,6,residual,50,2900.0
visibility_lt_05,adds_005,20200813-subject-02/20200813_151117,6,s0_l1,50,3100.0
visibility_lt_05,adds_005,20200813-subject-02/20200813_151117,6,s0_l0,50,3100.0
visibility_lt_05,adds_005,20200813-subject-02/20200813_151117,6,s1_l1,50,3300.0
visibility_lt_05,adds_005,20200813-subject-02/20200813_151117,6,s1_l0,50,3300.0
visibility_lt_05,adds_005,20200813-subject-02/20200813_151117,6,fp,50,200.0
visibility_lt_05,adds_005,20200813-subject-02/20200813_151925,7,residual,47,4700.0
visibility_lt_05,adds_005,20200813-subject-02/20200813_151925,7,s0_l1,47,4500.0
visibility_lt_05,adds_005,20200813-subject-02/20200813_151925,7,s0_l0,47,4500.0
visibility_lt_05,adds_005,20200813-subject-02/20200813_151925,7,s1_l1,47,4500.0
visibility_lt_05,adds_005,20200813-subject-02/20200813_151925,7,s1_l0,47,4500.0
visibility_lt_05,adds_005,20200813-subject-02/20200813_151925,7,fp,47,2900.0
visibility_lt_05,adds_005,20200813-subject-02/20200813_152215,8,residual,35,2500.0
visibility_lt_05,adds_005,20200813-subject-02/20200813_152215,8,s0_l1,35,2600.0
visibility_lt_05,adds_005,20200813-subject-02/20200813_152215,8,s0_l0,35,2600.0
visibility_lt_05,adds_005,20200813-subject-02/20200813_152215,8,s1_l1,35,2700.0
visibility_lt_05,adds_005,20200813-subject-02/20200813_152215,8,s1_l0,35,2700.0
visibility_lt_05,adds_005,20200813-subject-02/20200813_152215,8,fp,35,2200.0
visibility_lt_05,adds_005,20200813-subject-02/20200813_152513,9,residual,114,7700.0
visibility_lt_05,adds_005,20200813-subject-02/20200813_152513,9,s0_l1,114,7300.0
visibility_lt_05,adds_005,20200813-subject-02/20200813_152513,9,s0_l0,114,7400.0
visibility_lt_05,adds_005,20200813-subject-02/20200813_152513,9,s1_l1,114,7400.0
visibility_lt_05,adds_005,20200813-subject-02/20200813_152513,9,s1_l0,114,7700.0
visibility_lt_05,adds_005,20200813-subject-02/20200813_152513,9,fp,114,2900.0
visibility_lt_05,adds_005,20200813-subject-02/20200813_152842,10,residual,63,5800.0
visibility_lt_05,adds_005,20200813-subject-02/20200813_152842,10,s0_l1,63,5700.0
visibility_lt_05,adds_005,20200813-subject-02/20200813_152842,10,s0_l0,63,5700.0
visibility_lt_05,adds_005,20200813-subject-02/20200813_152842,10,s1_l1,63,5700.0
visibility_lt_05,adds_005,20200813-subject-02/20200813_152842,10,s1_l0,63,5700.0
visibility_lt_05,adds_005,20200813-subject-02/20200813_152842,10,fp,63,5000.0
visibility_lt_05,adds_005,20200813-subject-02/20200813_153152,11,residual,2,200.0
visibility_lt_05,adds_005,20200813-subject-02/20200813_153152,11,s0_l1,2,200.0
visibility_lt_05,adds_005,20200813-subject-02/20200813_153152,11,s0_l0,2,200.0
visibility_lt_05,adds_005,20200813-subject-02/20200813_153152,11,s1_l1,2,200.0
visibility_lt_05,adds_005,20200813-subject-02/20200813_153152,11,s1_l0,2,200.0
visibility_lt_05,adds_005,20200813-subject-02/20200813_153152,11,fp,2,200.0
visibility_lt_05,adds_005,20200813-subject-02/20200813_153453,12,residual,121,5500.0
visibility_lt_05,adds_005,20200813-subject-02/20200813_153453,12,s0_l1,121,7100.0
visibility_lt_05,adds_005,20200813-subject-02/20200813_153453,12,s0_l0,121,6900.0
visibility_lt_05,adds_005,20200813-subject-02/20200813_153453,12,s1_l1,121,6800.0
visibility_lt_05,adds_005,20200813-subject-02/20200813_153453,12,s1_l0,121,7000.0
visibility_lt_05,adds_005,20200813-subject-02/20200813_153453,12,fp,121,8800.0
visibility_lt_05,adds_005,20200813-subject-02/20200813_153802,13,residual,38,0.0
visibility_lt_05,adds_005,20200813-subject-02/20200813_153802,13,s0_l1,38,0.0
visibility_lt_05,adds_005,20200813-subject-02/20200813_153802,13,s0_l0,38,0.0
visibility_lt_05,adds_005,20200813-subject-02/20200813_153802,13,s1_l1,38,0.0
visibility_lt_05,adds_005,20200813-subject-02/20200813_153802,13,s1_l0,38,0.0
visibility_lt_05,adds_005,20200813-subject-02/20200813_153802,13,fp,38,1400.0
visibility_lt_05,adds_005,20200813-subject-02/20200813_154103,14,residual,46,3400.0
visibility_lt_05,adds_005,20200813-subject-02/20200813_154103,14,s0_l1,46,4500.0
visibility_lt_05,adds_005,20200813-subject-02/20200813_154103,14,s0_l0,46,4500.0
visibility_lt_05,adds_005,20200813-subject-02/20200813_154103,14,s1_l1,46,4400.0
visibility_lt_05,adds_005,20200813-subject-02/20200813_154103,14,s1_l0,46,4500.0
visibility_lt_05,adds_005,20200813-subject-02/20200813_154103,14,fp,46,4500.0
visibility_lt_05,adds_005,20200813-subject-02/20200813_154408,15,residual,21,200.0
visibility_lt_05,adds_005,20200813-subject-02/20200813_154408,15,s0_l1,21,300.0
visibility_lt_05,adds_005,20200813-subject-02/20200813_154408,15,s0_l0,21,300.0
visibility_lt_05,adds_005,20200813-subject-02/20200813_154408,15,s1_l1,21,300.0
visibility_lt_05,adds_005,20200813-subject-02/20200813_154408,15,s1_l0,21,300.0
visibility_lt_05,adds_005,20200813-subject-02/20200813_154408,15,fp,21,400.0
visibility_lt_05,adds_005,20200813-subject-02/20200813_154729,16,residual,7,700.0
visibility_lt_05,adds_005,20200813-subject-02/20200813_154729,16,s0_l1,7,700.0
visibility_lt_05,adds_005,20200813-subject-02/20200813_154729,16,s0_l0,7,700.0
visibility_lt_05,adds_005,20200813-subject-02/20200813_154729,16,s1_l1,7,700.0
visibility_lt_05,adds_005,20200813-subject-02/20200813_154729,16,s1_l0,7,700.0
visibility_lt_05,adds_005,20200813-subject-02/20200813_154729,16,fp,7,600.0
visibility_lt_05,adds_005,20200813-subject-02/20200813_155021,17,residual,89,0.0
visibility_lt_05,adds_005,20200813-subject-02/20200813_155021,17,s0_l1,89,900.0
visibility_lt_05,adds_005,20200813-subject-02/20200813_155021,17,s0_l0,89,900.0
visibility_lt_05,adds_005,20200813-subject-02/20200813_155021,17,s1_l1,89,1100.0
visibility_lt_05,adds_005,20200813-subject-02/20200813_155021,17,s1_l0,89,1100.0
visibility_lt_05,adds_005,20200813-subject-02/20200813_155021,17,fp,89,400.0
visibility_lt_05,adds_005,20200813-subject-02/20200813_155314,18,residual,220,8500.0
visibility_lt_05,adds_005,20200813-subject-02/20200813_155314,18,s0_l1,220,9100.0
visibility_lt_05,adds_005,20200813-subject-02/20200813_155314,18,s0_l0,220,10100.0
visibility_lt_05,adds_005,20200813-subject-02/20200813_155314,18,s1_l1,220,9900.0
visibility_lt_05,adds_005,20200813-subject-02/20200813_155314,18,s1_l0,220,9600.0
visibility_lt_05,adds_005,20200813-subject-02/20200813_155314,18,fp,220,1800.0
visibility_lt_05,adds_005,20200813-subject-02/20200813_155633,20,residual,19,1900.0
visibility_lt_05,adds_005,20200813-subject-02/20200813_155633,20,s0_l1,19,1900.0
visibility_lt_05,adds_005,20200813-subject-02/20200813_155633,20,s0_l0,19,1900.0
visibility_lt_05,adds_005,20200813-subject-02/20200813_155633,20,s1_l1,19,1900.0
visibility_lt_05,adds_005,20200813-subject-02/20200813_155633,20,s1_l0,19,1900.0
visibility_lt_05,adds_005,20200813-subject-02/20200813_155633,20,fp,19,1900.0
visibility_lt_05,adds_005,20200813-subject-02/20200813_155953,21,residual,73,1300.0
visibility_lt_05,adds_005,20200813-subject-02/20200813_155953,21,s0_l1,73,1300.0
visibility_lt_05,adds_005,20200813-subject-02/20200813_155953,21,s0_l0,73,1400.0
visibility_lt_05,adds_005,20200813-subject-02/20200813_155953,21,s1_l1,73,1400.0
visibility_lt_05,adds_005,20200813-subject-02/20200813_155953,21,s1_l0,73,1400.0
visibility_lt_05,adds_005,20200813-subject-02/20200813_155953,21,fp,73,200.0
visibility_lt_05,adds_01,20200709-subject-01/20200709_142123,1,residual,111,11100.0
visibility_lt_05,adds_01,20200709-subject-01/20200709_142123,1,s0_l1,111,11100.0
visibility_lt_05,adds_01,20200709-subject-01/20200709_142123,1,s0_l0,111,11100.0
visibility_lt_05,adds_01,20200709-subject-01/20200709_142123,1,s1_l1,111,11100.0
visibility_lt_05,adds_01,20200709-subject-01/20200709_142123,1,s1_l0,111,11100.0
visibility_lt_05,adds_01,20200709-subject-01/20200709_142123,1,fp,111,11100.0
visibility_lt_05,adds_01,20200709-subject-01/20200709_142446,2,residual,51,5100.0
visibility_lt_05,adds_01,20200709-subject-01/20200709_142446,2,s0_l1,51,5100.0
visibility_lt_05,adds_01,20200709-subject-01/20200709_142446,2,s0_l0,51,5100.0
visibility_lt_05,adds_01,20200709-subject-01/20200709_142446,2,s1_l1,51,5100.0
visibility_lt_05,adds_01,20200709-subject-01/20200709_142446,2,s1_l0,51,5100.0
visibility_lt_05,adds_01,20200709-subject-01/20200709_142446,2,fp,51,5100.0
visibility_lt_05,adds_01,20200709-subject-01/20200709_142802,3,residual,72,2200.0
visibility_lt_05,adds_01,20200709-subject-01/20200709_142802,3,s0_l1,72,2100.0
visibility_lt_05,adds_01,20200709-subject-01/20200709_142802,3,s0_l0,72,2100.0
visibility_lt_05,adds_01,20200709-subject-01/20200709_142802,3,s1_l1,72,2200.0
visibility_lt_05,adds_01,20200709-subject-01/20200709_142802,3,s1_l0,72,2200.0
visibility_lt_05,adds_01,20200709-subject-01/20200709_142802,3,fp,72,0.0
visibility_lt_05,adds_01,20200709-subject-01/20200709_143125,4,residual,14,1400.0
visibility_lt_05,adds_01,20200709-subject-01/20200709_143125,4,s0_l1,14,1400.0
visibility_lt_05,adds_01,20200709-subject-01/20200709_143125,4,s0_l0,14,1400.0
visibility_lt_05,adds_01,20200709-subject-01/20200709_143125,4,s1_l1,14,1400.0
visibility_lt_05,adds_01,20200709-subject-01/20200709_143125,4,s1_l0,14,1400.0
visibility_lt_05,adds_01,20200709-subject-01/20200709_143125,4,fp,14,1400.0
visibility_lt_05,adds_01,20200709-subject-01/20200709_143531,5,residual,91,9000.0
visibility_lt_05,adds_01,20200709-subject-01/20200709_143531,5,s0_l1,91,8800.0
visibility_lt_05,adds_01,20200709-subject-01/20200709_143531,5,s0_l0,91,8800.0
visibility_lt_05,adds_01,20200709-subject-01/20200709_143531,5,s1_l1,91,8800.0
visibility_lt_05,adds_01,20200709-subject-01/20200709_143531,5,s1_l0,91,8800.0
visibility_lt_05,adds_01,20200709-subject-01/20200709_143531,5,fp,91,9000.0
visibility_lt_05,adds_01,20200709-subject-01/20200709_143907,6,residual,45,3600.0
visibility_lt_05,adds_01,20200709-subject-01/20200709_143907,6,s0_l1,45,3500.0
visibility_lt_05,adds_01,20200709-subject-01/20200709_143907,6,s0_l0,45,3400.0
visibility_lt_05,adds_01,20200709-subject-01/20200709_143907,6,s1_l1,45,3500.0
visibility_lt_05,adds_01,20200709-subject-01/20200709_143907,6,s1_l0,45,3500.0
visibility_lt_05,adds_01,20200709-subject-01/20200709_143907,6,fp,45,3600.0
visibility_lt_05,adds_01,20200709-subject-01/20200709_144313,7,residual,157,3600.0
visibility_lt_05,adds_01,20200709-subject-01/20200709_144313,7,s0_l1,157,3600.0
visibility_lt_05,adds_01,20200709-subject-01/20200709_144313,7,s0_l0,157,3600.0
visibility_lt_05,adds_01,20200709-subject-01/20200709_144313,7,s1_l1,157,3600.0
visibility_lt_05,adds_01,20200709-subject-01/20200709_144313,7,s1_l0,157,3600.0
visibility_lt_05,adds_01,20200709-subject-01/20200709_144313,7,fp,157,3600.0
visibility_lt_05,adds_01,20200709-subject-01/20200709_144735,8,residual,101,7500.0
visibility_lt_05,adds_01,20200709-subject-01/20200709_144735,8,s0_l1,101,9100.0
visibility_lt_05,adds_01,20200709-subject-01/20200709_144735,8,s0_l0,101,9100.0
visibility_lt_05,adds_01,20200709-subject-01/20200709_144735,8,s1_l1,101,9100.0
visibility_lt_05,adds_01,20200709-subject-01/20200709_144735,8,s1_l0,101,9100.0
visibility_lt_05,adds_01,20200709-subject-01/20200709_144735,8,fp,101,8400.0
visibility_lt_05,adds_01,20200709-subject-01/20200709_145132,9,residual,130,12900.0
visibility_lt_05,adds_01,20200709-subject-01/20200709_145132,9,s0_l1,130,12900.0
visibility_lt_05,adds_01,20200709-subject-01/20200709_145132,9,s0_l0,130,12900.0
visibility_lt_05,adds_01,20200709-subject-01/20200709_145132,9,s1_l1,130,12900.0
visibility_lt_05,adds_01,20200709-subject-01/20200709_145132,9,s1_l0,130,12900.0
visibility_lt_05,adds_01,20200709-subject-01/20200709_145132,9,fp,130,12900.0
visibility_lt_05,adds_01,20200709-subject-01/20200709_145743,10,residual,35,3500.0
visibility_lt_05,adds_01,20200709-subject-01/20200709_145743,10,s0_l1,35,3500.0
visibility_lt_05,adds_01,20200709-subject-01/20200709_145743,10,s0_l0,35,3500.0
visibility_lt_05,adds_01,20200709-subject-01/20200709_145743,10,s1_l1,35,3500.0
visibility_lt_05,adds_01,20200709-subject-01/20200709_145743,10,s1_l0,35,3500.0
visibility_lt_05,adds_01,20200709-subject-01/20200709_145743,10,fp,35,2500.0
visibility_lt_05,adds_01,20200709-subject-01/20200709_150524,12,residual,22,2200.0
visibility_lt_05,adds_01,20200709-subject-01/20200709_150524,12,s0_l1,22,2200.0
visibility_lt_05,adds_01,20200709-subject-01/20200709_150524,12,s0_l0,22,2200.0
visibility_lt_05,adds_01,20200709-subject-01/20200709_150524,12,s1_l1,22,2200.0
visibility_lt_05,adds_01,20200709-subject-01/20200709_150524,12,s1_l0,22,2200.0
visibility_lt_05,adds_01,20200709-subject-01/20200709_150524,12,fp,22,2200.0
visibility_lt_05,adds_01,20200709-subject-01/20200709_151246,14,residual,133,1400.0
visibility_lt_05,adds_01,20200709-subject-01/20200709_151246,14,s0_l1,133,1400.0
visibility_lt_05,adds_01,20200709-subject-01/20200709_151246,14,s0_l0,133,1400.0
visibility_lt_05,adds_01,20200709-subject-01/20200709_151246,14,s1_l1,133,1400.0
visibility_lt_05,adds_01,20200709-subject-01/20200709_151246,14,s1_l0,133,1400.0
visibility_lt_05,adds_01,20200709-subject-01/20200709_151246,14,fp,133,1400.0
visibility_lt_05,adds_01,20200709-subject-01/20200709_151632,15,residual,36,3600.0
visibility_lt_05,adds_01,20200709-subject-01/20200709_151632,15,s0_l1,36,3600.0
visibility_lt_05,adds_01,20200709-subject-01/20200709_151632,15,s0_l0,36,3600.0
visibility_lt_05,adds_01,20200709-subject-01/20200709_151632,15,s1_l1,36,3600.0
visibility_lt_05,adds_01,20200709-subject-01/20200709_151632,15,s1_l0,36,3600.0
visibility_lt_05,adds_01,20200709-subject-01/20200709_151632,15,fp,36,3600.0
visibility_lt_05,adds_01,20200709-subject-01/20200709_151948,16,residual,34,3200.0
visibility_lt_05,adds_01,20200709-subject-01/20200709_151948,16,s0_l1,34,3200.0
visibility_lt_05,adds_01,20200709-subject-01/20200709_151948,16,s0_l0,34,3200.0
visibility_lt_05,adds_01,20200709-subject-01/20200709_151948,16,s1_l1,34,3200.0
visibility_lt_05,adds_01,20200709-subject-01/20200709_151948,16,s1_l0,34,3200.0
visibility_lt_05,adds_01,20200709-subject-01/20200709_151948,16,fp,34,2800.0
visibility_lt_05,adds_01,20200709-subject-01/20200709_152420,17,residual,72,4000.0
visibility_lt_05,adds_01,20200709-subject-01/20200709_152420,17,s0_l1,72,4000.0
visibility_lt_05,adds_01,20200709-subject-01/20200709_152420,17,s0_l0,72,4000.0
visibility_lt_05,adds_01,20200709-subject-01/20200709_152420,17,s1_l1,72,4000.0
visibility_lt_05,adds_01,20200709-subject-01/20200709_152420,17,s1_l0,72,4000.0
visibility_lt_05,adds_01,20200709-subject-01/20200709_152420,17,fp,72,7000.0
visibility_lt_05,adds_01,20200709-subject-01/20200709_152757,18,residual,88,7400.0
visibility_lt_05,adds_01,20200709-subject-01/20200709_152757,18,s0_l1,88,7400.0
visibility_lt_05,adds_01,20200709-subject-01/20200709_152757,18,s0_l0,88,7400.0
visibility_lt_05,adds_01,20200709-subject-01/20200709_152757,18,s1_l1,88,7400.0
visibility_lt_05,adds_01,20200709-subject-01/20200709_152757,18,s1_l0,88,7400.0
visibility_lt_05,adds_01,20200709-subject-01/20200709_152757,18,fp,88,7100.0
visibility_lt_05,adds_01,20200709-subject-01/20200709_153148,20,residual,102,5000.0
visibility_lt_05,adds_01,20200709-subject-01/20200709_153148,20,s0_l1,102,5000.0
visibility_lt_05,adds_01,20200709-subject-01/20200709_153148,20,s0_l0,102,5000.0
visibility_lt_05,adds_01,20200709-subject-01/20200709_153148,20,s1_l1,102,5000.0
visibility_lt_05,adds_01,20200709-subject-01/20200709_153148,20,s1_l0,102,5000.0
visibility_lt_05,adds_01,20200709-subject-01/20200709_153148,20,fp,102,5000.0
visibility_lt_05,adds_01,20200709-subject-01/20200709_153548,21,residual,72,7200.0
visibility_lt_05,adds_01,20200709-subject-01/20200709_153548,21,s0_l1,72,7200.0
visibility_lt_05,adds_01,20200709-subject-01/20200709_153548,21,s0_l0,72,7200.0
visibility_lt_05,adds_01,20200709-subject-01/20200709_153548,21,s1_l1,72,7200.0
visibility_lt_05,adds_01,20200709-subject-01/20200709_153548,21,s1_l0,72,7200.0
visibility_lt_05,adds_01,20200709-subject-01/20200709_153548,21,fp,72,4600.0
visibility_lt_05,adds_01,20200813-subject-02/20200813_145612,1,residual,3,300.0
visibility_lt_05,adds_01,20200813-subject-02/20200813_145612,1,s0_l1,3,300.0
visibility_lt_05,adds_01,20200813-subject-02/20200813_145612,1,s0_l0,3,300.0
visibility_lt_05,adds_01,20200813-subject-02/20200813_145612,1,s1_l1,3,300.0
visibility_lt_05,adds_01,20200813-subject-02/20200813_145612,1,s1_l0,3,300.0
visibility_lt_05,adds_01,20200813-subject-02/20200813_145612,1,fp,3,300.0
visibility_lt_05,adds_01,20200813-subject-02/20200813_150535,4,residual,22,2200.0
visibility_lt_05,adds_01,20200813-subject-02/20200813_150535,4,s0_l1,22,2200.0
visibility_lt_05,adds_01,20200813-subject-02/20200813_150535,4,s0_l0,22,2200.0
visibility_lt_05,adds_01,20200813-subject-02/20200813_150535,4,s1_l1,22,2200.0
visibility_lt_05,adds_01,20200813-subject-02/20200813_150535,4,s1_l0,22,2200.0
visibility_lt_05,adds_01,20200813-subject-02/20200813_150535,4,fp,22,1200.0
visibility_lt_05,adds_01,20200813-subject-02/20200813_150823,5,residual,30,3000.0
visibility_lt_05,adds_01,20200813-subject-02/20200813_150823,5,s0_l1,30,3000.0
visibility_lt_05,adds_01,20200813-subject-02/20200813_150823,5,s0_l0,30,3000.0
visibility_lt_05,adds_01,20200813-subject-02/20200813_150823,5,s1_l1,30,3000.0
visibility_lt_05,adds_01,20200813-subject-02/20200813_150823,5,s1_l0,30,3000.0
visibility_lt_05,adds_01,20200813-subject-02/20200813_150823,5,fp,30,2900.0
visibility_lt_05,adds_01,20200813-subject-02/20200813_151117,6,residual,50,4500.0
visibility_lt_05,adds_01,20200813-subject-02/20200813_151117,6,s0_l1,50,4500.0
visibility_lt_05,adds_01,20200813-subject-02/20200813_151117,6,s0_l0,50,4500.0
visibility_lt_05,adds_01,20200813-subject-02/20200813_151117,6,s1_l1,50,4500.0
visibility_lt_05,adds_01,20200813-subject-02/20200813_151117,6,s1_l0,50,4500.0
visibility_lt_05,adds_01,20200813-subject-02/20200813_151117,6,fp,50,1800.0
visibility_lt_05,adds_01,20200813-subject-02/20200813_151925,7,residual,47,4700.0
visibility_lt_05,adds_01,20200813-subject-02/20200813_151925,7,s0_l1,47,4700.0
visibility_lt_05,adds_01,20200813-subject-02/20200813_151925,7,s0_l0,47,4700.0
visibility_lt_05,adds_01,20200813-subject-02/20200813_151925,7,s1_l1,47,4700.0
visibility_lt_05,adds_01,20200813-subject-02/20200813_151925,7,s1_l0,47,4700.0
visibility_lt_05,adds_01,20200813-subject-02/20200813_151925,7,fp,47,4200.0
visibility_lt_05,adds_01,20200813-subject-02/20200813_152215,8,residual,35,3500.0
visibility_lt_05,adds_01,20200813-subject-02/20200813_152215,8,s0_l1,35,3500.0
visibility_lt_05,adds_01,20200813-subject-02/20200813_152215,8,s0_l0,35,3500.0
visibility_lt_05,adds_01,20200813-subject-02/20200813_152215,8,s1_l1,35,3500.0
visibility_lt_05,adds_01,20200813-subject-02/20200813_152215,8,s1_l0,35,3500.0
visibility_lt_05,adds_01,20200813-subject-02/20200813_152215,8,fp,35,2500.0
visibility_lt_05,adds_01,20200813-subject-02/20200813_152513,9,residual,114,9700.0
visibility_lt_05,adds_01,20200813-subject-02/20200813_152513,9,s0_l1,114,9400.0
visibility_lt_05,adds_01,20200813-subject-02/20200813_152513,9,s0_l0,114,9400.0
visibility_lt_05,adds_01,20200813-subject-02/20200813_152513,9,s1_l1,114,9500.0
visibility_lt_05,adds_01,20200813-subject-02/20200813_152513,9,s1_l0,114,9500.0
visibility_lt_05,adds_01,20200813-subject-02/20200813_152513,9,fp,114,4100.0
visibility_lt_05,adds_01,20200813-subject-02/20200813_152842,10,residual,63,6100.0
visibility_lt_05,adds_01,20200813-subject-02/20200813_152842,10,s0_l1,63,6100.0
visibility_lt_05,adds_01,20200813-subject-02/20200813_152842,10,s0_l0,63,6100.0
visibility_lt_05,adds_01,20200813-subject-02/20200813_152842,10,s1_l1,63,6100.0
visibility_lt_05,adds_01,20200813-subject-02/20200813_152842,10,s1_l0,63,6100.0
visibility_lt_05,adds_01,20200813-subject-02/20200813_152842,10,fp,63,6100.0
visibility_lt_05,adds_01,20200813-subject-02/20200813_153152,11,residual,2,200.0
visibility_lt_05,adds_01,20200813-subject-02/20200813_153152,11,s0_l1,2,200.0
visibility_lt_05,adds_01,20200813-subject-02/20200813_153152,11,s0_l0,2,200.0
visibility_lt_05,adds_01,20200813-subject-02/20200813_153152,11,s1_l1,2,200.0
visibility_lt_05,adds_01,20200813-subject-02/20200813_153152,11,s1_l0,2,200.0
visibility_lt_05,adds_01,20200813-subject-02/20200813_153152,11,fp,2,200.0
visibility_lt_05,adds_01,20200813-subject-02/20200813_153453,12,residual,121,10800.0
visibility_lt_05,adds_01,20200813-subject-02/20200813_153453,12,s0_l1,121,12000.0
visibility_lt_05,adds_01,20200813-subject-02/20200813_153453,12,s0_l0,121,12000.0
visibility_lt_05,adds_01,20200813-subject-02/20200813_153453,12,s1_l1,121,12000.0
visibility_lt_05,adds_01,20200813-subject-02/20200813_153453,12,s1_l0,121,12000.0
visibility_lt_05,adds_01,20200813-subject-02/20200813_153453,12,fp,121,12000.0
visibility_lt_05,adds_01,20200813-subject-02/20200813_153802,13,residual,38,0.0
visibility_lt_05,adds_01,20200813-subject-02/20200813_153802,13,s0_l1,38,0.0
visibility_lt_05,adds_01,20200813-subject-02/20200813_153802,13,s0_l0,38,0.0
visibility_lt_05,adds_01,20200813-subject-02/20200813_153802,13,s1_l1,38,0.0
visibility_lt_05,adds_01,20200813-subject-02/20200813_153802,13,s1_l0,38,0.0
visibility_lt_05,adds_01,20200813-subject-02/20200813_153802,13,fp,38,1800.0
visibility_lt_05,adds_01,20200813-subject-02/20200813_154103,14,residual,46,4600.0
visibility_lt_05,adds_01,20200813-subject-02/20200813_154103,14,s0_l1,46,4600.0
visibility_lt_05,adds_01,20200813-subject-02/20200813_154103,14,s0_l0,46,4600.0
visibility_lt_05,adds_01,20200813-subject-02/20200813_154103,14,s1_l1,46,4600.0
visibility_lt_05,adds_01,20200813-subject-02/20200813_154103,14,s1_l0,46,4600.0
visibility_lt_05,adds_01,20200813-subject-02/20200813_154103,14,fp,46,4600.0
visibility_lt_05,adds_01,20200813-subject-02/20200813_154408,15,residual,21,2000.0
visibility_lt_05,adds_01,20200813-subject-02/20200813_154408,15,s0_l1,21,2000.0
visibility_lt_05,adds_01,20200813-subject-02/20200813_154408,15,s0_l0,21,2100.0
visibility_lt_05,adds_01,20200813-subject-02/20200813_154408,15,s1_l1,21,2100.0
visibility_lt_05,adds_01,20200813-subject-02/20200813_154408,15,s1_l0,21,2000.0
visibility_lt_05,adds_01,20200813-subject-02/20200813_154408,15,fp,21,1200.0
visibility_lt_05,adds_01,20200813-subject-02/20200813_154729,16,residual,7,700.0
visibility_lt_05,adds_01,20200813-subject-02/20200813_154729,16,s0_l1,7,700.0
visibility_lt_05,adds_01,20200813-subject-02/20200813_154729,16,s0_l0,7,700.0
visibility_lt_05,adds_01,20200813-subject-02/20200813_154729,16,s1_l1,7,700.0
visibility_lt_05,adds_01,20200813-subject-02/20200813_154729,16,s1_l0,7,700.0
visibility_lt_05,adds_01,20200813-subject-02/20200813_154729,16,fp,7,700.0
visibility_lt_05,adds_01,20200813-subject-02/20200813_155021,17,residual,89,500.0
visibility_lt_05,adds_01,20200813-subject-02/20200813_155021,17,s0_l1,89,1300.0
visibility_lt_05,adds_01,20200813-subject-02/20200813_155021,17,s0_l0,89,1300.0
visibility_lt_05,adds_01,20200813-subject-02/20200813_155021,17,s1_l1,89,1500.0
visibility_lt_05,adds_01,20200813-subject-02/20200813_155021,17,s1_l0,89,1300.0
visibility_lt_05,adds_01,20200813-subject-02/20200813_155021,17,fp,89,1000.0
visibility_lt_05,adds_01,20200813-subject-02/20200813_155314,18,residual,220,13300.0
visibility_lt_05,adds_01,20200813-subject-02/20200813_155314,18,s0_l1,220,12800.0
visibility_lt_05,adds_01,20200813-subject-02/20200813_155314,18,s0_l0,220,13100.0
visibility_lt_05,adds_01,20200813-subject-02/20200813_155314,18,s1_l1,220,12800.0
visibility_lt_05,adds_01,20200813-subject-02/20200813_155314,18,s1_l0,220,12900.0
visibility_lt_05,adds_01,20200813-subject-02/20200813_155314,18,fp,220,3100.0
visibility_lt_05,adds_01,20200813-subject-02/20200813_155633,20,residual,19,1900.0
visibility_lt_05,adds_01,20200813-subject-02/20200813_155633,20,s0_l1,19,1900.0
visibility_lt_05,adds_01,20200813-subject-02/20200813_155633,20,s0_l0,19,1900.0
visibility_lt_05,adds_01,20200813-subject-02/20200813_155633,20,s1_l1,19,1900.0
visibility_lt_05,adds_01,20200813-subject-02/20200813_155633,20,s1_l0,19,1900.0
visibility_lt_05,adds_01,20200813-subject-02/20200813_155633,20,fp,19,1900.0
visibility_lt_05,adds_01,20200813-subject-02/20200813_155953,21,residual,73,6900.0
visibility_lt_05,adds_01,20200813-subject-02/20200813_155953,21,s0_l1,73,7300.0
visibility_lt_05,adds_01,20200813-subject-02/20200813_155953,21,s0_l0,73,7100.0
visibility_lt_05,adds_01,20200813-subject-02/20200813_155953,21,s1_l1,73,7300.0
visibility_lt_05,adds_01,20200813-subject-02/20200813_155953,21,s1_l0,73,7300.0
visibility_lt_05,adds_01,20200813-subject-02/20200813_155953,21,fp,73,1400.0
visibility_lt_05,rotation_deg,20200709-subject-01/20200709_142123,1,residual,111,8139.656733036041
visibility_lt_05,rotation_deg,20200709-subject-01/20200709_142123,1,s0_l1,111,8050.149679064751
visibility_lt_05,rotation_deg,20200709-subject-01/20200709_142123,1,s0_l0,111,8056.863584160805
visibility_lt_05,rotation_deg,20200709-subject-01/20200709_142123,1,s1_l1,111,8185.971245765686
visibility_lt_05,rotation_deg,20200709-subject-01/20200709_142123,1,s1_l0,111,8211.474004745483
visibility_lt_05,rotation_deg,20200709-subject-01/20200709_142123,1,fp,111,8228.684318065643
visibility_lt_05,rotation_deg,20200709-subject-01/20200709_142446,2,residual,51,4444.724456071854
visibility_lt_05,rotation_deg,20200709-subject-01/20200709_142446,2,s0_l1,51,4444.769839286804
visibility_lt_05,rotation_deg,20200709-subject-01/20200709_142446,2,s0_l0,51,4445.143327593803
visibility_lt_05,rotation_deg,20200709-subject-01/20200709_142446,2,s1_l1,51,4438.685853004456
visibility_lt_05,rotation_deg,20200709-subject-01/20200709_142446,2,s1_l0,51,4440.658858180046
visibility_lt_05,rotation_deg,20200709-subject-01/20200709_142446,2,fp,51,4418.333463430405
visibility_lt_05,rotation_deg,20200709-subject-01/20200709_142802,3,residual,26,3294.3203506469727
visibility_lt_05,rotation_deg,20200709-subject-01/20200709_142802,3,s0_l1,26,3330.16316986084
visibility_lt_05,rotation_deg,20200709-subject-01/20200709_142802,3,s0_l0,26,3382.9233322143555
visibility_lt_05,rotation_deg,20200709-subject-01/20200709_142802,3,s1_l1,26,3390.4136657714844
visibility_lt_05,rotation_deg,20200709-subject-01/20200709_142802,3,s1_l0,26,3379.017074584961
visibility_lt_05,rotation_deg,20200709-subject-01/20200709_142802,3,fp,26,2821.872627258301
visibility_lt_05,rotation_deg,20200709-subject-01/20200709_143125,4,residual,14,720.8025588989258
visibility_lt_05,rotation_deg,20200709-subject-01/20200709_143125,4,s0_l1,14,700.372615814209
visibility_lt_05,rotation_deg,20200709-subject-01/20200709_143125,4,s0_l0,14,692.5091819763184
visibility_lt_05,rotation_deg,20200709-subject-01/20200709_143125,4,s1_l1,14,684.3862075805664
visibility_lt_05,rotation_deg,20200709-subject-01/20200709_143125,4,s1_l0,14,675.2304496765137
visibility_lt_05,rotation_deg,20200709-subject-01/20200709_143125,4,fp,14,685.4149169921875
visibility_lt_05,rotation_deg,20200709-subject-01/20200709_143531,5,residual,91,1826.813266992569
visibility_lt_05,rotation_deg,20200709-subject-01/20200709_143531,5,s0_l1,91,3259.907768011093
visibility_lt_05,rotation_deg,20200709-subject-01/20200709_143531,5,s0_l0,91,3787.352153301239
visibility_lt_05,rotation_deg,20200709-subject-01/20200709_143531,5,s1_l1,91,3267.237935781479
visibility_lt_05,rotation_deg,20200709-subject-01/20200709_143531,5,s1_l0,91,3277.414740085602
visibility_lt_05,rotation_deg,20200709-subject-01/20200709_143531,5,fp,91,708.9755299985409
visibility_lt_05,rotation_deg,20200709-subject-01/20200709_143907,6,residual,45,3019.5264282226562
visibility_lt_05,rotation_deg,20200709-subject-01/20200709_143907,6,s0_l1,45,3188.570276260376
visibility_lt_05,rotation_deg,20200709-subject-01/20200709_143907,6,s0_l0,45,3183.335475921631
visibility_lt_05,rotation_deg,20200709-subject-01/20200709_143907,6,s1_l1,45,3105.51775932312
visibility_lt_05,rotation_deg,20200709-subject-01/20200709_143907,6,s1_l0,45,3100.3316020965576
visibility_lt_05,rotation_deg,20200709-subject-01/20200709_143907,6,fp,45,3168.468686103821
visibility_lt_05,rotation_deg,20200709-subject-01/20200709_144313,7,residual,37,538.6627449989319
visibility_lt_05,rotation_deg,20200709-subject-01/20200709_144313,7,s0_l1,37,539.6053071022034
visibility_lt_05,rotation_deg,20200709-subject-01/20200709_144313,7,s0_l0,37,536.9443471431732
visibility_lt_05,rotation_deg,20200709-subject-01/20200709_144313,7,s1_l1,37,536.9092140197754
visibility_lt_05,rotation_deg,20200709-subject-01/20200709_144313,7,s1_l0,37,536.1181466579437
visibility_lt_05,rotation_deg,20200709-subject-01/20200709_144313,7,fp,37,545.7206900119781
visibility_lt_05,rotation_deg,20200709-subject-01/20200709_144735,8,residual,101,2572.100739955902
visibility_lt_05,rotation_deg,20200709-subject-01/20200709_144735,8,s0_l1,101,1712.273978471756
visibility_lt_05,rotation_deg,20200709-subject-01/20200709_144735,8,s0_l0,101,1699.5013029575348
visibility_lt_05,rotation_deg,20200709-subject-01/20200709_144735,8,s1_l1,101,1655.2384368181229
visibility_lt_05,rotation_deg,20200709-subject-01/20200709_144735,8,s1_l0,101,1652.4555568695068
visibility_lt_05,rotation_deg,20200709-subject-01/20200709_144735,8,fp,101,1102.8208426237106
visibility_lt_05,rotation_deg,20200709-subject-01/20200709_145132,9,residual,130,1217.1546657085419
visibility_lt_05,rotation_deg,20200709-subject-01/20200709_145132,9,s0_l1,130,1252.517077922821
visibility_lt_05,rotation_deg,20200709-subject-01/20200709_145132,9,s0_l0,130,1240.4537799358368
visibility_lt_05,rotation_deg,20200709-subject-01/20200709_145132,9,s1_l1,130,1289.0957503318787
visibility_lt_05,rotation_deg,20200709-subject-01/20200709_145132,9,s1_l0,130,1268.5136487483978
visibility_lt_05,rotation_deg,20200709-subject-01/20200709_145132,9,fp,130,813.6690083444118
visibility_lt_05,rotation_deg,20200709-subject-01/20200709_145743,10,residual,35,443.47874093055725
visibility_lt_05,rotation_deg,20200709-subject-01/20200709_145743,10,s0_l1,35,441.6704525947571
visibility_lt_05,rotation_deg,20200709-subject-01/20200709_145743,10,s0_l0,35,403.91821122169495
visibility_lt_05,rotation_deg,20200709-subject-01/20200709_145743,10,s1_l1,35,422.94499373435974
visibility_lt_05,rotation_deg,20200709-subject-01/20200709_145743,10,s1_l0,35,427.44686937332153
visibility_lt_05,rotation_deg,20200709-subject-01/20200709_145743,10,fp,35,1946.5283617973328
visibility_lt_05,rotation_deg,20200709-subject-01/20200709_150524,12,residual,22,224.41979837417603
visibility_lt_05,rotation_deg,20200709-subject-01/20200709_150524,12,s0_l1,22,227.65822792053223
visibility_lt_05,rotation_deg,20200709-subject-01/20200709_150524,12,s0_l0,22,218.6374955177307
visibility_lt_05,rotation_deg,20200709-subject-01/20200709_150524,12,s1_l1,22,211.59489917755127
visibility_lt_05,rotation_deg,20200709-subject-01/20200709_150524,12,s1_l0,22,207.99833250045776
visibility_lt_05,rotation_deg,20200709-subject-01/20200709_150524,12,fp,22,175.23967933654785
visibility_lt_05,rotation_deg,20200709-subject-01/20200709_151246,14,residual,14,191.90247631072998
visibility_lt_05,rotation_deg,20200709-subject-01/20200709_151246,14,s0_l1,14,193.56112337112427
visibility_lt_05,rotation_deg,20200709-subject-01/20200709_151246,14,s0_l0,14,193.71021938323975
visibility_lt_05,rotation_deg,20200709-subject-01/20200709_151246,14,s1_l1,14,191.99899435043335
visibility_lt_05,rotation_deg,20200709-subject-01/20200709_151246,14,s1_l0,14,193.7635679244995
visibility_lt_05,rotation_deg,20200709-subject-01/20200709_151246,14,fp,14,176.75998306274414
visibility_lt_05,rotation_deg,20200709-subject-01/20200709_151632,15,residual,36,427.4425563812256
visibility_lt_05,rotation_deg,20200709-subject-01/20200709_151632,15,s0_l1,36,449.5810651779175
visibility_lt_05,rotation_deg,20200709-subject-01/20200709_151632,15,s0_l0,36,443.73161125183105
visibility_lt_05,rotation_deg,20200709-subject-01/20200709_151632,15,s1_l1,36,480.0190544128418
visibility_lt_05,rotation_deg,20200709-subject-01/20200709_151632,15,s1_l0,36,473.76847076416016
visibility_lt_05,rotation_deg,20200709-subject-01/20200709_151632,15,fp,36,153.89469718933105
visibility_lt_05,rotation_deg,20200709-subject-01/20200709_151948,16,residual,34,6068.409683227539
visibility_lt_05,rotation_deg,20200709-subject-01/20200709_151948,16,s0_l1,34,6069.876983642578
visibility_lt_05,rotation_deg,20200709-subject-01/20200709_151948,16,s0_l0,34,6067.620819091797
visibility_lt_05,rotation_deg,20200709-subject-01/20200709_151948,16,s1_l1,34,6071.888900756836
visibility_lt_05,rotation_deg,20200709-subject-01/20200709_151948,16,s1_l0,34,6071.652099609375
visibility_lt_05,rotation_deg,20200709-subject-01/20200709_151948,16,fp,34,6068.452545166016
visibility_lt_05,rotation_deg,20200709-subject-01/20200709_152420,17,residual,72,6749.688256263733
visibility_lt_05,rotation_deg,20200709-subject-01/20200709_152420,17,s0_l1,72,6783.829329490662
visibility_lt_05,rotation_deg,20200709-subject-01/20200709_152420,17,s0_l0,72,6798.834571838379
visibility_lt_05,rotation_deg,20200709-subject-01/20200709_152420,17,s1_l1,72,6825.363456726074
visibility_lt_05,rotation_deg,20200709-subject-01/20200709_152420,17,s1_l0,72,6815.3415994644165
visibility_lt_05,rotation_deg,20200709-subject-01/20200709_152420,17,fp,72,6231.829500675201
visibility_lt_05,rotation_deg,20200709-subject-01/20200709_152757,18,residual,74,3111.826732635498
visibility_lt_05,rotation_deg,20200709-subject-01/20200709_152757,18,s0_l1,74,3816.685266494751
visibility_lt_05,rotation_deg,20200709-subject-01/20200709_152757,18,s0_l0,74,3668.264539718628
visibility_lt_05,rotation_deg,20200709-subject-01/20200709_152757,18,s1_l1,74,3694.264415740967
visibility_lt_05,rotation_deg,20200709-subject-01/20200709_152757,18,s1_l0,74,3689.226724624634
visibility_lt_05,rotation_deg,20200709-subject-01/20200709_152757,18,fp,74,3178.723955154419
visibility_lt_05,rotation_deg,20200709-subject-01/20200709_153148,20,residual,51,627.3985550403595
visibility_lt_05,rotation_deg,20200709-subject-01/20200709_153148,20,s0_l1,51,590.951254606247
visibility_lt_05,rotation_deg,20200709-subject-01/20200709_153148,20,s0_l0,51,596.1088693141937
visibility_lt_05,rotation_deg,20200709-subject-01/20200709_153148,20,s1_l1,51,586.7006068229675
visibility_lt_05,rotation_deg,20200709-subject-01/20200709_153148,20,s1_l0,51,593.7135856151581
visibility_lt_05,rotation_deg,20200709-subject-01/20200709_153148,20,fp,51,421.72526121139526
visibility_lt_05,rotation_deg,20200709-subject-01/20200709_153548,21,residual,72,3040.4888622760773
visibility_lt_05,rotation_deg,20200709-subject-01/20200709_153548,21,s0_l1,72,3833.0010194778442
visibility_lt_05,rotation_deg,20200709-subject-01/20200709_153548,21,s0_l0,72,3838.4642786979675
visibility_lt_05,rotation_deg,20200709-subject-01/20200709_153548,21,s1_l1,72,3820.7096452713013
visibility_lt_05,rotation_deg,20200709-subject-01/20200709_153548,21,s1_l0,72,3858.852716445923
visibility_lt_05,rotation_deg,20200709-subject-01/20200709_153548,21,fp,72,4485.573048949242
visibility_lt_05,rotation_deg,20200813-subject-02/20200813_145612,1,residual,3,88.09039497375488
visibility_lt_05,rotation_deg,20200813-subject-02/20200813_145612,1,s0_l1,3,91.02160453796387
visibility_lt_05,rotation_deg,20200813-subject-02/20200813_145612,1,s0_l0,3,88.2133560180664
visibility_lt_05,rotation_deg,20200813-subject-02/20200813_145612,1,s1_l1,3,92.77882385253906
visibility_lt_05,rotation_deg,20200813-subject-02/20200813_145612,1,s1_l0,3,90.93412590026855
visibility_lt_05,rotation_deg,20200813-subject-02/20200813_145612,1,fp,3,133.83910369873047
visibility_lt_05,rotation_deg,20200813-subject-02/20200813_150535,4,residual,22,418.0399284362793
visibility_lt_05,rotation_deg,20200813-subject-02/20200813_150535,4,s0_l1,22,416.4315404891968
visibility_lt_05,rotation_deg,20200813-subject-02/20200813_150535,4,s0_l0,22,416.8071279525757
visibility_lt_05,rotation_deg,20200813-subject-02/20200813_150535,4,s1_l1,22,420.1783809661865
visibility_lt_05,rotation_deg,20200813-subject-02/20200813_150535,4,s1_l0,22,419.5325536727905
visibility_lt_05,rotation_deg,20200813-subject-02/20200813_150535,4,fp,22,333.8573296070099
visibility_lt_05,rotation_deg,20200813-subject-02/20200813_150823,5,residual,30,337.12783992290497
visibility_lt_05,rotation_deg,20200813-subject-02/20200813_150823,5,s0_l1,30,268.0926386117935
visibility_lt_05,rotation_deg,20200813-subject-02/20200813_150823,5,s0_l0,30,277.8766304254532
visibility_lt_05,rotation_deg,20200813-subject-02/20200813_150823,5,s1_l1,30,263.1160423755646
visibility_lt_05,rotation_deg,20200813-subject-02/20200813_150823,5,s1_l0,30,269.0712275505066
visibility_lt_05,rotation_deg,20200813-subject-02/20200813_150823,5,fp,30,160.34284335374832
visibility_lt_05,rotation_deg,20200813-subject-02/20200813_151117,6,residual,50,1690.4945983886719
visibility_lt_05,rotation_deg,20200813-subject-02/20200813_151117,6,s0_l1,50,1283.1220860481262
visibility_lt_05,rotation_deg,20200813-subject-02/20200813_151117,6,s0_l0,50,1288.7330284118652
visibility_lt_05,rotation_deg,20200813-subject-02/20200813_151117,6,s1_l1,50,1300.832797050476
visibility_lt_05,rotation_deg,20200813-subject-02/20200813_151117,6,s1_l0,50,1313.3545265197754
visibility_lt_05,rotation_deg,20200813-subject-02/20200813_151117,6,fp,50,2903.111655473709
visibility_lt_05,rotation_deg,20200813-subject-02/20200813_151925,7,residual,47,664.0348787307739
visibility_lt_05,rotation_deg,20200813-subject-02/20200813_151925,7,s0_l1,47,664.4036173820496
visibility_lt_05,rotation_deg,20200813-subject-02/20200813_151925,7,s0_l0,47,682.3992550373077
visibility_lt_05,rotation_deg,20200813-subject-02/20200813_151925,7,s1_l1,47,658.4557154178619
visibility_lt_05,rotation_deg,20200813-subject-02/20200813_151925,7,s1_l0,47,670.1620218753815
visibility_lt_05,rotation_deg,20200813-subject-02/20200813_151925,7,fp,47,303.5657353401184
visibility_lt_05,rotation_deg,20200813-subject-02/20200813_152215,8,residual,35,286.1942000389099
visibility_lt_05,rotation_deg,20200813-subject-02/20200813_152215,8,s0_l1,35,273.813103556633
visibility_lt_05,rotation_deg,20200813-subject-02/20200813_152215,8,s0_l0,35,274.76973938941956
visibility_lt_05,rotation_deg,20200813-subject-02/20200813_152215,8,s1_l1,35,264.5107626914978
visibility_lt_05,rotation_deg,20200813-subject-02/20200813_152215,8,s1_l0,35,268.8351798057556
visibility_lt_05,rotation_deg,20200813-subject-02/20200813_152215,8,fp,35,295.12800937891006
visibility_lt_05,rotation_deg,20200813-subject-02/20200813_152513,9,residual,114,1142.8710062503815
visibility_lt_05,rotation_deg,20200813-subject-02/20200813_152513,9,s0_l1,114,1057.0973757505417
visibility_lt_05,rotation_deg,20200813-subject-02/20200813_152513,9,s0_l0,114,1071.152640581131
visibility_lt_05,rotation_deg,20200813-subject-02/20200813_152513,9,s1_l1,114,1085.7751070261002
visibility_lt_05,rotation_deg,20200813-subject-02/20200813_152513,9,s1_l0,114,1088.5356668233871
visibility_lt_05,rotation_deg,20200813-subject-02/20200813_152513,9,fp,114,5721.440415382385
visibility_lt_05,rotation_deg,20200813-subject-02/20200813_152842,10,residual,63,931.6810721158981
visibility_lt_05,rotation_deg,20200813-subject-02/20200813_152842,10,s0_l1,63,1059.1226341724396
visibility_lt_05,rotation_deg,20200813-subject-02/20200813_152842,10,s0_l0,63,1021.237869977951
visibility_lt_05,rotation_deg,20200813-subject-02/20200813_152842,10,s1_l1,63,1041.1978752613068
visibility_lt_05,rotation_deg,20200813-subject-02/20200813_152842,10,s1_l0,63,1020.9228777885437
visibility_lt_05,rotation_deg,20200813-subject-02/20200813_152842,10,fp,63,641.6725010275841
visibility_lt_05,rotation_deg,20200813-subject-02/20200813_153152,11,residual,2,75.54836654663086
visibility_lt_05,rotation_deg,20200813-subject-02/20200813_153152,11,s0_l1,2,108.51523208618164
visibility_lt_05,rotation_deg,20200813-subject-02/20200813_153152,11,s0_l0,2,105.61564636230469
visibility_lt_05,rotation_deg,20200813-subject-02/20200813_153152,11,s1_l1,2,109.87715148925781
visibility_lt_05,rotation_deg,20200813-subject-02/20200813_153152,11,s1_l0,2,107.42329788208008
visibility_lt_05,rotation_deg,20200813-subject-02/20200813_153152,11,fp,2,32.17837047576904
visibility_lt_05,rotation_deg,20200813-subject-02/20200813_153453,12,residual,121,3487.854088306427
visibility_lt_05,rotation_deg,20200813-subject-02/20200813_153453,12,s0_l1,121,3182.566049695015
visibility_lt_05,rotation_deg,20200813-subject-02/20200813_153453,12,s0_l0,121,3197.3997269272804
visibility_lt_05,rotation_deg,20200813-subject-02/20200813_153453,12,s1_l1,121,3113.648004233837
visibility_lt_05,rotation_deg,20200813-subject-02/20200813_153453,12,s1_l0,121,3153.7507897019386
visibility_lt_05,rotation_deg,20200813-subject-02/20200813_153453,12,fp,121,1286.9363434314728
visibility_lt_05,rotation_deg,20200813-subject-02/20200813_153802,13,residual,38,4003.5790100097656
visibility_lt_05,rotation_deg,20200813-subject-02/20200813_153802,13,s0_l1,38,5045.2296142578125
visibility_lt_05,rotation_deg,20200813-subject-02/20200813_153802,13,s0_l0,38,5129.046127319336
visibility_lt_05,rotation_deg,20200813-subject-02/20200813_153802,13,s1_l1,38,5028.309326171875
visibility_lt_05,rotation_deg,20200813-subject-02/20200813_153802,13,s1_l0,38,5031.36784362793
visibility_lt_05,rotation_deg,20200813-subject-02/20200813_153802,13,fp,38,5271.967132568359
visibility_lt_05,rotation_deg,20200813-subject-02/20200813_154103,14,residual,46,2740.2718296051025
visibility_lt_05,rotation_deg,20200813-subject-02/20200813_154103,14,s0_l1,46,2625.487413406372
visibility_lt_05,rotation_deg,20200813-subject-02/20200813_154103,14,s0_l0,46,2614.2222032546997
visibility_lt_05,rotation_deg,20200813-subject-02/20200813_154103,14,s1_l1,46,2584.564708709717
visibility_lt_05,rotation_deg,20200813-subject-02/20200813_154103,14,s1_l0,46,2572.7115268707275
visibility_lt_05,rotation_deg,20200813-subject-02/20200813_154103,14,fp,46,1481.097417831421
visibility_lt_05,rotation_deg,20200813-subject-02/20200813_154408,15,residual,21,401.1130599975586
visibility_lt_05,rotation_deg,20200813-subject-02/20200813_154408,15,s0_l1,21,354.83563327789307
visibility_lt_05,rotation_deg,20200813-subject-02/20200813_154408,15,s0_l0,21,352.49518370628357
visibility_lt_05,rotation_deg,20200813-subject-02/20200813_154408,15,s1_l1,21,360.1392912864685
visibility_lt_05,rotation_deg,20200813-subject-02/20200813_154408,15,s1_l0,21,360.6624093055725
visibility_lt_05,rotation_deg,20200813-subject-02/20200813_154408,15,fp,21,211.0461003780365
visibility_lt_05,rotation_deg,20200813-subject-02/20200813_154729,16,residual,7,1219.4095001220703
visibility_lt_05,rotation_deg,20200813-subject-02/20200813_154729,16,s0_l1,7,1225.2734680175781
visibility_lt_05,rotation_deg,20200813-subject-02/20200813_154729,16,s0_l0,7,1226.40234375
visibility_lt_05,rotation_deg,20200813-subject-02/20200813_154729,16,s1_l1,7,1222.4546356201172
visibility_lt_05,rotation_deg,20200813-subject-02/20200813_154729,16,s1_l0,7,1222.2625427246094
visibility_lt_05,rotation_deg,20200813-subject-02/20200813_154729,16,fp,7,1243.232925415039
visibility_lt_05,rotation_deg,20200813-subject-02/20200813_155021,17,residual,31,4105.379356384277
visibility_lt_05,rotation_deg,20200813-subject-02/20200813_155021,17,s0_l1,31,4389.731147766113
visibility_lt_05,rotation_deg,20200813-subject-02/20200813_155021,17,s0_l0,31,4379.864387512207
visibility_lt_05,rotation_deg,20200813-subject-02/20200813_155021,17,s1_l1,31,4404.881477355957
visibility_lt_05,rotation_deg,20200813-subject-02/20200813_155021,17,s1_l0,31,4480.681541442871
visibility_lt_05,rotation_deg,20200813-subject-02/20200813_155021,17,fp,31,1583.4506692886353
visibility_lt_05,rotation_deg,20200813-subject-02/20200813_155314,18,residual,165,11363.356828689575
visibility_lt_05,rotation_deg,20200813-subject-02/20200813_155314,18,s0_l1,165,9192.528477668762
visibility_lt_05,rotation_deg,20200813-subject-02/20200813_155314,18,s0_l0,165,8872.164543151855
visibility_lt_05,rotation_deg,20200813-subject-02/20200813_155314,18,s1_l1,165,9087.029264211655
visibility_lt_05,rotation_deg,20200813-subject-02/20200813_155314,18,s1_l0,165,9425.109479904175
visibility_lt_05,rotation_deg,20200813-subject-02/20200813_155314,18,fp,165,13459.489233493805
visibility_lt_05,rotation_deg,20200813-subject-02/20200813_155633,20,residual,19,3362.8250579833984
visibility_lt_05,rotation_deg,20200813-subject-02/20200813_155633,20,s0_l1,19,3366.8818969726562
visibility_lt_05,rotation_deg,20200813-subject-02/20200813_155633,20,s0_l0,19,3366.0336151123047
visibility_lt_05,rotation_deg,20200813-subject-02/20200813_155633,20,s1_l1,19,3361.201156616211
visibility_lt_05,rotation_deg,20200813-subject-02/20200813_155633,20,s1_l0,19,3360.8117065429688
visibility_lt_05,rotation_deg,20200813-subject-02/20200813_155633,20,fp,19,3349.7452392578125
visibility_lt_05,rotation_deg,20200813-subject-02/20200813_155953,21,residual,73,10072.067665100098
visibility_lt_05,rotation_deg,20200813-subject-02/20200813_155953,21,s0_l1,73,10188.306716918945
visibility_lt_05,rotation_deg,20200813-subject-02/20200813_155953,21,s0_l0,73,10193.85629272461
visibility_lt_05,rotation_deg,20200813-subject-02/20200813_155953,21,s1_l1,73,10097.07241821289
visibility_lt_05,rotation_deg,20200813-subject-02/20200813_155953,21,s1_l0,73,10107.487907409668
visibility_lt_05,rotation_deg,20200813-subject-02/20200813_155953,21,fp,73,9337.759765625
visibility_lt_05,center_mm,20200709-subject-01/20200709_142123,1,residual,111,805.9475319385529
visibility_lt_05,center_mm,20200709-subject-01/20200709_142123,1,s0_l1,111,743.2983479499817
visibility_lt_05,center_mm,20200709-subject-01/20200709_142123,1,s0_l0,111,741.708544254303
visibility_lt_05,center_mm,20200709-subject-01/20200709_142123,1,s1_l1,111,728.8084583282471
visibility_lt_05,center_mm,20200709-subject-01/20200709_142123,1,s1_l0,111,728.6133818626404
visibility_lt_05,center_mm,20200709-subject-01/20200709_142123,1,fp,111,559.783395409584
visibility_lt_05,center_mm,20200709-subject-01/20200709_142446,2,residual,51,1362.8834419250488
visibility_lt_05,center_mm,20200709-subject-01/20200709_142446,2,s0_l1,51,1535.6504321098328
visibility_lt_05,center_mm,20200709-subject-01/20200709_142446,2,s0_l0,51,1572.235149383545
visibility_lt_05,center_mm,20200709-subject-01/20200709_142446,2,s1_l1,51,1557.911150932312
visibility_lt_05,center_mm,20200709-subject-01/20200709_142446,2,s1_l0,51,1576.014102935791
visibility_lt_05,center_mm,20200709-subject-01/20200709_142446,2,fp,51,1727.6894512176514
visibility_lt_05,center_mm,20200709-subject-01/20200709_142802,3,residual,26,612.1826467514038
visibility_lt_05,center_mm,20200709-subject-01/20200709_142802,3,s0_l1,26,605.5534477233887
visibility_lt_05,center_mm,20200709-subject-01/20200709_142802,3,s0_l0,26,587.8733739852905
visibility_lt_05,center_mm,20200709-subject-01/20200709_142802,3,s1_l1,26,578.2537937164307
visibility_lt_05,center_mm,20200709-subject-01/20200709_142802,3,s1_l0,26,584.0409879684448
visibility_lt_05,center_mm,20200709-subject-01/20200709_142802,3,fp,26,2176.8438034057617
visibility_lt_05,center_mm,20200709-subject-01/20200709_143125,4,residual,14,98.7705910205841
visibility_lt_05,center_mm,20200709-subject-01/20200709_143125,4,s0_l1,14,88.70332264900208
visibility_lt_05,center_mm,20200709-subject-01/20200709_143125,4,s0_l0,14,89.92346370220184
visibility_lt_05,center_mm,20200709-subject-01/20200709_143125,4,s1_l1,14,87.38772124052048
visibility_lt_05,center_mm,20200709-subject-01/20200709_143125,4,s1_l0,14,86.9960526227951
visibility_lt_05,center_mm,20200709-subject-01/20200709_143125,4,fp,14,60.35240399837494
visibility_lt_05,center_mm,20200709-subject-01/20200709_143531,5,residual,91,1796.5842542648315
visibility_lt_05,center_mm,20200709-subject-01/20200709_143531,5,s0_l1,91,2008.5206507444382
visibility_lt_05,center_mm,20200709-subject-01/20200709_143531,5,s0_l0,91,1821.035549044609
visibility_lt_05,center_mm,20200709-subject-01/20200709_143531,5,s1_l1,91,1907.0913133621216
visibility_lt_05,center_mm,20200709-subject-01/20200709_143531,5,s1_l0,91,1982.8185368776321
visibility_lt_05,center_mm,20200709-subject-01/20200709_143531,5,fp,91,691.4049742221832
visibility_lt_05,center_mm,20200709-subject-01/20200709_143907,6,residual,45,706.8238606452942
visibility_lt_05,center_mm,20200709-subject-01/20200709_143907,6,s0_l1,45,707.0798274278641
visibility_lt_05,center_mm,20200709-subject-01/20200709_143907,6,s0_l0,45,712.8263739347458
visibility_lt_05,center_mm,20200709-subject-01/20200709_143907,6,s1_l1,45,638.1654788255692
visibility_lt_05,center_mm,20200709-subject-01/20200709_143907,6,s1_l0,45,640.2643857002258
visibility_lt_05,center_mm,20200709-subject-01/20200709_143907,6,fp,45,1053.758814573288
visibility_lt_05,center_mm,20200709-subject-01/20200709_144313,7,residual,37,329.2613413333893
visibility_lt_05,center_mm,20200709-subject-01/20200709_144313,7,s0_l1,37,311.96516144275665
visibility_lt_05,center_mm,20200709-subject-01/20200709_144313,7,s0_l0,37,313.4487899541855
visibility_lt_05,center_mm,20200709-subject-01/20200709_144313,7,s1_l1,37,312.5686185359955
visibility_lt_05,center_mm,20200709-subject-01/20200709_144313,7,s1_l0,37,309.3625292778015
visibility_lt_05,center_mm,20200709-subject-01/20200709_144313,7,fp,37,636.4293794631958
visibility_lt_05,center_mm,20200709-subject-01/20200709_144735,8,residual,101,1705.215817451477
visibility_lt_05,center_mm,20200709-subject-01/20200709_144735,8,s0_l1,101,1077.064624428749
visibility_lt_05,center_mm,20200709-subject-01/20200709_144735,8,s0_l0,101,1071.3128508925438
visibility_lt_05,center_mm,20200709-subject-01/20200709_144735,8,s1_l1,101,1070.827846109867
visibility_lt_05,center_mm,20200709-subject-01/20200709_144735,8,s1_l0,101,1069.0318902730942
visibility_lt_05,center_mm,20200709-subject-01/20200709_144735,8,fp,101,1130.5440450906754
visibility_lt_05,center_mm,20200709-subject-01/20200709_145132,9,residual,130,834.8200293183327
visibility_lt_05,center_mm,20200709-subject-01/20200709_145132,9,s0_l1,130,800.5869409441948
visibility_lt_05,center_mm,20200709-subject-01/20200709_145132,9,s0_l0,130,805.5485693216324
visibility_lt_05,center_mm,20200709-subject-01/20200709_145132,9,s1_l1,130,789.7321848869324
visibility_lt_05,center_mm,20200709-subject-01/20200709_145132,9,s1_l0,130,787.8390508890152
visibility_lt_05,center_mm,20200709-subject-01/20200709_145132,9,fp,130,706.0863087773323
visibility_lt_05,center_mm,20200709-subject-01/20200709_145743,10,residual,35,526.795093536377
visibility_lt_05,center_mm,20200709-subject-01/20200709_145743,10,s0_l1,35,530.7389690876007
visibility_lt_05,center_mm,20200709-subject-01/20200709_145743,10,s0_l0,35,542.2126598358154
visibility_lt_05,center_mm,20200709-subject-01/20200709_145743,10,s1_l1,35,521.973865032196
visibility_lt_05,center_mm,20200709-subject-01/20200709_145743,10,s1_l0,35,520.149377822876
visibility_lt_05,center_mm,20200709-subject-01/20200709_145743,10,fp,35,2257.4083275794983
visibility_lt_05,center_mm,20200709-subject-01/20200709_150524,12,residual,22,139.3550717830658
visibility_lt_05,center_mm,20200709-subject-01/20200709_150524,12,s0_l1,22,129.04305243492126
visibility_lt_05,center_mm,20200709-subject-01/20200709_150524,12,s0_l0,22,129.57038921117783
visibility_lt_05,center_mm,20200709-subject-01/20200709_150524,12,s1_l1,22,128.71495413780212
visibility_lt_05,center_mm,20200709-subject-01/20200709_150524,12,s1_l0,22,126.79121345281601
visibility_lt_05,center_mm,20200709-subject-01/20200709_150524,12,fp,22,344.8083486557007
visibility_lt_05,center_mm,20200709-subject-01/20200709_151246,14,residual,14,88.34622764587402
visibility_lt_05,center_mm,20200709-subject-01/20200709_151246,14,s0_l1,14,98.25804281234741
visibility_lt_05,center_mm,20200709-subject-01/20200709_151246,14,s0_l0,14,99.39772629737854
visibility_lt_05,center_mm,20200709-subject-01/20200709_151246,14,s1_l1,14,99.8521419763565
visibility_lt_05,center_mm,20200709-subject-01/20200709_151246,14,s1_l0,14,100.86459970474243
visibility_lt_05,center_mm,20200709-subject-01/20200709_151246,14,fp,14,119.39361345767975
visibility_lt_05,center_mm,20200709-subject-01/20200709_151632,15,residual,36,468.16734886169434
visibility_lt_05,center_mm,20200709-subject-01/20200709_151632,15,s0_l1,36,431.06737661361694
visibility_lt_05,center_mm,20200709-subject-01/20200709_151632,15,s0_l0,36,427.297461271286
visibility_lt_05,center_mm,20200709-subject-01/20200709_151632,15,s1_l1,36,476.9115376472473
visibility_lt_05,center_mm,20200709-subject-01/20200709_151632,15,s1_l0,36,474.69787204265594
visibility_lt_05,center_mm,20200709-subject-01/20200709_151632,15,fp,36,295.9732275009155
visibility_lt_05,center_mm,20200709-subject-01/20200709_151948,16,residual,34,263.69172191619873
visibility_lt_05,center_mm,20200709-subject-01/20200709_151948,16,s0_l1,34,261.75634837150574
visibility_lt_05,center_mm,20200709-subject-01/20200709_151948,16,s0_l0,34,261.43432807922363
visibility_lt_05,center_mm,20200709-subject-01/20200709_151948,16,s1_l1,34,270.29423809051514
visibility_lt_05,center_mm,20200709-subject-01/20200709_151948,16,s1_l0,34,271.33033084869385
visibility_lt_05,center_mm,20200709-subject-01/20200709_151948,16,fp,34,1057.3802452087402
visibility_lt_05,center_mm,20200709-subject-01/20200709_152420,17,residual,72,3430.882532119751
visibility_lt_05,center_mm,20200709-subject-01/20200709_152420,17,s0_l1,72,3290.642566680908
visibility_lt_05,center_mm,20200709-subject-01/20200709_152420,17,s0_l0,72,3307.698184490204
visibility_lt_05,center_mm,20200709-subject-01/20200709_152420,17,s1_l1,72,3419.251400947571
visibility_lt_05,center_mm,20200709-subject-01/20200709_152420,17,s1_l0,72,3421.8985385894775
visibility_lt_05,center_mm,20200709-subject-01/20200709_152420,17,fp,72,1711.2038815021515
visibility_lt_05,center_mm,20200709-subject-01/20200709_152757,18,residual,74,668.6413935422897
visibility_lt_05,center_mm,20200709-subject-01/20200709_152757,18,s0_l1,74,599.6500087976456
visibility_lt_05,center_mm,20200709-subject-01/20200709_152757,18,s0_l0,74,604.2572816610336
visibility_lt_05,center_mm,20200709-subject-01/20200709_152757,18,s1_l1,74,587.687618970871
visibility_lt_05,center_mm,20200709-subject-01/20200709_152757,18,s1_l0,74,593.1606481075287
visibility_lt_05,center_mm,20200709-subject-01/20200709_152757,18,fp,74,609.3558909893036
visibility_lt_05,center_mm,20200709-subject-01/20200709_153148,20,residual,51,726.3894414901733
visibility_lt_05,center_mm,20200709-subject-01/20200709_153148,20,s0_l1,51,686.3324546813965
visibility_lt_05,center_mm,20200709-subject-01/20200709_153148,20,s0_l0,51,673.4732494354248
visibility_lt_05,center_mm,20200709-subject-01/20200709_153148,20,s1_l1,51,696.733425617218
visibility_lt_05,center_mm,20200709-subject-01/20200709_153148,20,s1_l0,51,699.2073826789856
visibility_lt_05,center_mm,20200709-subject-01/20200709_153148,20,fp,51,778.398383140564
visibility_lt_05,center_mm,20200709-subject-01/20200709_153548,21,residual,72,546.38596534729
visibility_lt_05,center_mm,20200709-subject-01/20200709_153548,21,s0_l1,72,508.67200350761414
visibility_lt_05,center_mm,20200709-subject-01/20200709_153548,21,s0_l0,72,523.7838232517242
visibility_lt_05,center_mm,20200709-subject-01/20200709_153548,21,s1_l1,72,516.3387911915779
visibility_lt_05,center_mm,20200709-subject-01/20200709_153548,21,s1_l0,72,514.7856611609459
visibility_lt_05,center_mm,20200709-subject-01/20200709_153548,21,fp,72,5416.902981519699
visibility_lt_05,center_mm,20200813-subject-02/20200813_145612,1,residual,3,33.687859535217285
visibility_lt_05,center_mm,20200813-subject-02/20200813_145612,1,s0_l1,3,29.58675479888916
visibility_lt_05,center_mm,20200813-subject-02/20200813_145612,1,s0_l0,3,29.526232719421387
visibility_lt_05,center_mm,20200813-subject-02/20200813_145612,1,s1_l1,3,28.817139625549316
visibility_lt_05,center_mm,20200813-subject-02/20200813_145612,1,s1_l0,3,29.144062042236328
visibility_lt_05,center_mm,20200813-subject-02/20200813_145612,1,fp,3,13.23803997039795
visibility_lt_05,center_mm,20200813-subject-02/20200813_150535,4,residual,22,185.41743099689484
visibility_lt_05,center_mm,20200813-subject-02/20200813_150535,4,s0_l1,22,175.01914310455322
visibility_lt_05,center_mm,20200813-subject-02/20200813_150535,4,s0_l0,22,177.1901398897171
visibility_lt_05,center_mm,20200813-subject-02/20200813_150535,4,s1_l1,22,173.05139064788818
visibility_lt_05,center_mm,20200813-subject-02/20200813_150535,4,s1_l0,22,172.61546337604523
visibility_lt_05,center_mm,20200813-subject-02/20200813_150535,4,fp,22,1935.90696144104
visibility_lt_05,center_mm,20200813-subject-02/20200813_150823,5,residual,30,172.795312166214
visibility_lt_05,center_mm,20200813-subject-02/20200813_150823,5,s0_l1,30,157.0885430574417
visibility_lt_05,center_mm,20200813-subject-02/20200813_150823,5,s0_l0,30,158.32788968086243
visibility_lt_05,center_mm,20200813-subject-02/20200813_150823,5,s1_l1,30,165.09306645393372
visibility_lt_05,center_mm,20200813-subject-02/20200813_150823,5,s1_l0,30,165.77359628677368
visibility_lt_05,center_mm,20200813-subject-02/20200813_150823,5,fp,30,339.4972605705261
visibility_lt_05,center_mm,20200813-subject-02/20200813_151117,6,residual,50,1453.438413143158
visibility_lt_05,center_mm,20200813-subject-02/20200813_151117,6,s0_l1,50,362.5216746330261
visibility_lt_05,center_mm,20200813-subject-02/20200813_151117,6,s0_l0,50,359.63296937942505
visibility_lt_05,center_mm,20200813-subject-02/20200813_151117,6,s1_l1,50,355.04852056503296
visibility_lt_05,center_mm,20200813-subject-02/20200813_151117,6,s1_l0,50,351.96855759620667
visibility_lt_05,center_mm,20200813-subject-02/20200813_151117,6,fp,50,3202.7978365421295
visibility_lt_05,center_mm,20200813-subject-02/20200813_151925,7,residual,47,328.71698582172394
visibility_lt_05,center_mm,20200813-subject-02/20200813_151925,7,s0_l1,47,295.89961194992065
visibility_lt_05,center_mm,20200813-subject-02/20200813_151925,7,s0_l0,47,300.48253107070923
visibility_lt_05,center_mm,20200813-subject-02/20200813_151925,7,s1_l1,47,297.32121896743774
visibility_lt_05,center_mm,20200813-subject-02/20200813_151925,7,s1_l0,47,301.9035964012146
visibility_lt_05,center_mm,20200813-subject-02/20200813_151925,7,fp,47,548.839714050293
visibility_lt_05,center_mm,20200813-subject-02/20200813_152215,8,residual,35,249.24468338489532
visibility_lt_05,center_mm,20200813-subject-02/20200813_152215,8,s0_l1,35,245.48034578561783
visibility_lt_05,center_mm,20200813-subject-02/20200813_152215,8,s0_l0,35,244.98841732740402
visibility_lt_05,center_mm,20200813-subject-02/20200813_152215,8,s1_l1,35,248.9569218158722
visibility_lt_05,center_mm,20200813-subject-02/20200813_152215,8,s1_l0,35,255.34435671567917
visibility_lt_05,center_mm,20200813-subject-02/20200813_152215,8,fp,35,962.1503050327301
visibility_lt_05,center_mm,20200813-subject-02/20200813_152513,9,residual,114,1513.0672754049301
visibility_lt_05,center_mm,20200813-subject-02/20200813_152513,9,s0_l1,114,1678.7764785289764
visibility_lt_05,center_mm,20200813-subject-02/20200813_152513,9,s0_l0,114,1656.9532856941223
visibility_lt_05,center_mm,20200813-subject-02/20200813_152513,9,s1_l1,114,1662.0694831609726
visibility_lt_05,center_mm,20200813-subject-02/20200813_152513,9,s1_l0,114,1647.9797347784042
visibility_lt_05,center_mm,20200813-subject-02/20200813_152513,9,fp,114,21301.108997821808
visibility_lt_05,center_mm,20200813-subject-02/20200813_152842,10,residual,63,1039.3443491458893
visibility_lt_05,center_mm,20200813-subject-02/20200813_152842,10,s0_l1,63,1027.5718519687653
visibility_lt_05,center_mm,20200813-subject-02/20200813_152842,10,s0_l0,63,1032.7525415420532
visibility_lt_05,center_mm,20200813-subject-02/20200813_152842,10,s1_l1,63,1032.2371170520782
visibility_lt_05,center_mm,20200813-subject-02/20200813_152842,10,s1_l0,63,1041.4387350082397
visibility_lt_05,center_mm,20200813-subject-02/20200813_152842,10,fp,63,1063.1117854118347
visibility_lt_05,center_mm,20200813-subject-02/20200813_153152,11,residual,2,14.642251968383789
visibility_lt_05,center_mm,20200813-subject-02/20200813_153152,11,s0_l1,2,18.32990264892578
visibility_lt_05,center_mm,20200813-subject-02/20200813_153152,11,s0_l0,2,18.00602626800537
visibility_lt_05,center_mm,20200813-subject-02/20200813_153152,11,s1_l1,2,18.63820457458496
visibility_lt_05,center_mm,20200813-subject-02/20200813_153152,11,s1_l0,2,18.157158851623535
visibility_lt_05,center_mm,20200813-subject-02/20200813_153152,11,fp,2,25.44646453857422
visibility_lt_05,center_mm,20200813-subject-02/20200813_153453,12,residual,121,2978.1711399555206
visibility_lt_05,center_mm,20200813-subject-02/20200813_153453,12,s0_l1,121,2266.308164715767
visibility_lt_05,center_mm,20200813-subject-02/20200813_153453,12,s0_l0,121,2324.0232766866684
visibility_lt_05,center_mm,20200813-subject-02/20200813_153453,12,s1_l1,121,2335.7527371048927
visibility_lt_05,center_mm,20200813-subject-02/20200813_153453,12,s1_l0,121,2334.142347931862
visibility_lt_05,center_mm,20200813-subject-02/20200813_153453,12,fp,121,2263.9454023838043
visibility_lt_05,center_mm,20200813-subject-02/20200813_153802,13,residual,38,4654.55632019043
visibility_lt_05,center_mm,20200813-subject-02/20200813_153802,13,s0_l1,38,4626.317947387695
visibility_lt_05,center_mm,20200813-subject-02/20200813_153802,13,s0_l0,38,4717.51326751709
visibility_lt_05,center_mm,20200813-subject-02/20200813_153802,13,s1_l1,38,4567.95881652832
visibility_lt_05,center_mm,20200813-subject-02/20200813_153802,13,s1_l0,38,4629.404357910156
visibility_lt_05,center_mm,20200813-subject-02/20200813_153802,13,fp,38,2054.6022205352783
visibility_lt_05,center_mm,20200813-subject-02/20200813_154103,14,residual,46,623.5204219818115
visibility_lt_05,center_mm,20200813-subject-02/20200813_154103,14,s0_l1,46,589.2452383041382
visibility_lt_05,center_mm,20200813-subject-02/20200813_154103,14,s0_l0,46,586.4221839904785
visibility_lt_05,center_mm,20200813-subject-02/20200813_154103,14,s1_l1,46,591.4952602386475
visibility_lt_05,center_mm,20200813-subject-02/20200813_154103,14,s1_l0,46,590.9387359619141
visibility_lt_05,center_mm,20200813-subject-02/20200813_154103,14,fp,46,550.8438725471497
visibility_lt_05,center_mm,20200813-subject-02/20200813_154408,15,residual,21,657.404914855957
visibility_lt_05,center_mm,20200813-subject-02/20200813_154408,15,s0_l1,21,626.9263830184937
visibility_lt_05,center_mm,20200813-subject-02/20200813_154408,15,s0_l0,21,621.2059335708618
visibility_lt_05,center_mm,20200813-subject-02/20200813_154408,15,s1_l1,21,631.9219093322754
visibility_lt_05,center_mm,20200813-subject-02/20200813_154408,15,s1_l0,21,628.5304174423218
visibility_lt_05,center_mm,20200813-subject-02/20200813_154408,15,fp,21,807.2925462722778
visibility_lt_05,center_mm,20200813-subject-02/20200813_154729,16,residual,7,34.439587116241455
visibility_lt_05,center_mm,20200813-subject-02/20200813_154729,16,s0_l1,7,25.918651580810547
visibility_lt_05,center_mm,20200813-subject-02/20200813_154729,16,s0_l0,7,24.550002992153168
visibility_lt_05,center_mm,20200813-subject-02/20200813_154729,16,s1_l1,7,26.458998560905457
visibility_lt_05,center_mm,20200813-subject-02/20200813_154729,16,s1_l0,7,27.13844269514084
visibility_lt_05,center_mm,20200813-subject-02/20200813_154729,16,fp,7,147.06281280517578
visibility_lt_05,center_mm,20200813-subject-02/20200813_155021,17,residual,31,1755.1043243408203
visibility_lt_05,center_mm,20200813-subject-02/20200813_155021,17,s0_l1,31,2303.442202568054
visibility_lt_05,center_mm,20200813-subject-02/20200813_155021,17,s0_l0,31,2279.2177877426147
visibility_lt_05,center_mm,20200813-subject-02/20200813_155021,17,s1_l1,31,2312.811559677124
visibility_lt_05,center_mm,20200813-subject-02/20200813_155021,17,s1_l0,31,2309.387966156006
visibility_lt_05,center_mm,20200813-subject-02/20200813_155021,17,fp,31,1988.6100549697876
visibility_lt_05,center_mm,20200813-subject-02/20200813_155314,18,residual,165,2090.3911777734756
visibility_lt_05,center_mm,20200813-subject-02/20200813_155314,18,s0_l1,165,2208.7736710309982
visibility_lt_05,center_mm,20200813-subject-02/20200813_155314,18,s0_l0,165,2100.25929415226
visibility_lt_05,center_mm,20200813-subject-02/20200813_155314,18,s1_l1,165,2176.904687643051
visibility_lt_05,center_mm,20200813-subject-02/20200813_155314,18,s1_l0,165,2216.7004086971283
visibility_lt_05,center_mm,20200813-subject-02/20200813_155314,18,fp,165,39186.992005467415
visibility_lt_05,center_mm,20200813-subject-02/20200813_155633,20,residual,19,542.020040512085
visibility_lt_05,center_mm,20200813-subject-02/20200813_155633,20,s0_l1,19,527.0813884735107
visibility_lt_05,center_mm,20200813-subject-02/20200813_155633,20,s0_l0,19,528.849666595459
visibility_lt_05,center_mm,20200813-subject-02/20200813_155633,20,s1_l1,19,531.8755683898926
visibility_lt_05,center_mm,20200813-subject-02/20200813_155633,20,s1_l0,19,530.4860668182373
visibility_lt_05,center_mm,20200813-subject-02/20200813_155633,20,fp,19,443.68774032592773
visibility_lt_05,center_mm,20200813-subject-02/20200813_155953,21,residual,73,714.5166634321213
visibility_lt_05,center_mm,20200813-subject-02/20200813_155953,21,s0_l1,73,664.0400907993317
visibility_lt_05,center_mm,20200813-subject-02/20200813_155953,21,s0_l0,73,683.6842272281647
visibility_lt_05,center_mm,20200813-subject-02/20200813_155953,21,s1_l1,73,677.9664160013199
visibility_lt_05,center_mm,20200813-subject-02/20200813_155953,21,s1_l0,73,694.3818531036377
visibility_lt_05,center_mm,20200813-subject-02/20200813_155953,21,fp,73,13792.393245220184
long_occlusion_gt8,add_01,20200709-subject-01/20200709_142123,1,residual,110,6000.0
long_occlusion_gt8,add_01,20200709-subject-01/20200709_142123,1,s0_l1,110,6100.0
long_occlusion_gt8,add_01,20200709-subject-01/20200709_142123,1,s0_l0,110,6000.0
long_occlusion_gt8,add_01,20200709-subject-01/20200709_142123,1,s1_l1,110,6200.0
long_occlusion_gt8,add_01,20200709-subject-01/20200709_142123,1,s1_l0,110,6200.0
long_occlusion_gt8,add_01,20200709-subject-01/20200709_142123,1,fp,110,5500.0
long_occlusion_gt8,add_01,20200709-subject-01/20200709_142446,2,residual,49,0.0
long_occlusion_gt8,add_01,20200709-subject-01/20200709_142446,2,s0_l1,49,0.0
long_occlusion_gt8,add_01,20200709-subject-01/20200709_142446,2,s0_l0,49,0.0
long_occlusion_gt8,add_01,20200709-subject-01/20200709_142446,2,s1_l1,49,0.0
long_occlusion_gt8,add_01,20200709-subject-01/20200709_142446,2,s1_l0,49,0.0
long_occlusion_gt8,add_01,20200709-subject-01/20200709_142446,2,fp,49,0.0
long_occlusion_gt8,add_01,20200709-subject-01/20200709_142802,3,residual,25,0.0
long_occlusion_gt8,add_01,20200709-subject-01/20200709_142802,3,s0_l1,25,0.0
long_occlusion_gt8,add_01,20200709-subject-01/20200709_142802,3,s0_l0,25,0.0
long_occlusion_gt8,add_01,20200709-subject-01/20200709_142802,3,s1_l1,25,0.0
long_occlusion_gt8,add_01,20200709-subject-01/20200709_142802,3,s1_l0,25,0.0
long_occlusion_gt8,add_01,20200709-subject-01/20200709_142802,3,fp,25,0.0
long_occlusion_gt8,add_01,20200709-subject-01/20200709_143125,4,residual,14,0.0
long_occlusion_gt8,add_01,20200709-subject-01/20200709_143125,4,s0_l1,14,0.0
long_occlusion_gt8,add_01,20200709-subject-01/20200709_143125,4,s0_l0,14,0.0
long_occlusion_gt8,add_01,20200709-subject-01/20200709_143125,4,s1_l1,14,0.0
long_occlusion_gt8,add_01,20200709-subject-01/20200709_143125,4,s1_l0,14,0.0
long_occlusion_gt8,add_01,20200709-subject-01/20200709_143125,4,fp,14,0.0
long_occlusion_gt8,add_01,20200709-subject-01/20200709_143531,5,residual,88,1900.0
long_occlusion_gt8,add_01,20200709-subject-01/20200709_143531,5,s0_l1,88,1500.0
long_occlusion_gt8,add_01,20200709-subject-01/20200709_143531,5,s0_l0,88,1000.0
long_occlusion_gt8,add_01,20200709-subject-01/20200709_143531,5,s1_l1,88,1400.0
long_occlusion_gt8,add_01,20200709-subject-01/20200709_143531,5,s1_l0,88,1400.0
long_occlusion_gt8,add_01,20200709-subject-01/20200709_143531,5,fp,88,8600.0
long_occlusion_gt8,add_01,20200709-subject-01/20200709_143907,6,residual,37,0.0
long_occlusion_gt8,add_01,20200709-subject-01/20200709_143907,6,s0_l1,37,0.0
long_occlusion_gt8,add_01,20200709-subject-01/20200709_143907,6,s0_l0,37,0.0
long_occlusion_gt8,add_01,20200709-subject-01/20200709_143907,6,s1_l1,37,0.0
long_occlusion_gt8,add_01,20200709-subject-01/20200709_143907,6,s1_l0,37,0.0
long_occlusion_gt8,add_01,20200709-subject-01/20200709_143907,6,fp,37,300.0
long_occlusion_gt8,add_01,20200709-subject-01/20200709_144313,7,residual,35,3100.0
long_occlusion_gt8,add_01,20200709-subject-01/20200709_144313,7,s0_l1,35,3400.0
long_occlusion_gt8,add_01,20200709-subject-01/20200709_144313,7,s0_l0,35,3400.0
long_occlusion_gt8,add_01,20200709-subject-01/20200709_144313,7,s1_l1,35,3400.0
long_occlusion_gt8,add_01,20200709-subject-01/20200709_144313,7,s1_l0,35,3400.0
long_occlusion_gt8,add_01,20200709-subject-01/20200709_144313,7,fp,35,1200.0
long_occlusion_gt8,add_01,20200709-subject-01/20200709_144735,8,residual,100,3200.0
long_occlusion_gt8,add_01,20200709-subject-01/20200709_144735,8,s0_l1,100,3900.0
long_occlusion_gt8,add_01,20200709-subject-01/20200709_144735,8,s0_l0,100,4100.0
long_occlusion_gt8,add_01,20200709-subject-01/20200709_144735,8,s1_l1,100,4100.0
long_occlusion_gt8,add_01,20200709-subject-01/20200709_144735,8,s1_l0,100,4300.0
long_occlusion_gt8,add_01,20200709-subject-01/20200709_144735,8,fp,100,7000.0
long_occlusion_gt8,add_01,20200709-subject-01/20200709_145132,9,residual,106,10200.0
long_occlusion_gt8,add_01,20200709-subject-01/20200709_145132,9,s0_l1,106,9600.0
long_occlusion_gt8,add_01,20200709-subject-01/20200709_145132,9,s0_l0,106,9500.0
long_occlusion_gt8,add_01,20200709-subject-01/20200709_145132,9,s1_l1,106,9500.0
long_occlusion_gt8,add_01,20200709-subject-01/20200709_145132,9,s1_l0,106,9600.0
long_occlusion_gt8,add_01,20200709-subject-01/20200709_145132,9,fp,106,10400.0
long_occlusion_gt8,add_01,20200709-subject-01/20200709_145743,10,residual,10,800.0
long_occlusion_gt8,add_01,20200709-subject-01/20200709_145743,10,s0_l1,10,700.0
long_occlusion_gt8,add_01,20200709-subject-01/20200709_145743,10,s0_l0,10,700.0
long_occlusion_gt8,add_01,20200709-subject-01/20200709_145743,10,s1_l1,10,500.0
long_occlusion_gt8,add_01,20200709-subject-01/20200709_145743,10,s1_l0,10,700.0
long_occlusion_gt8,add_01,20200709-subject-01/20200709_145743,10,fp,10,0.0
long_occlusion_gt8,add_01,20200709-subject-01/20200709_150524,12,residual,22,2200.0
long_occlusion_gt8,add_01,20200709-subject-01/20200709_150524,12,s0_l1,22,2200.0
long_occlusion_gt8,add_01,20200709-subject-01/20200709_150524,12,s0_l0,22,2200.0
long_occlusion_gt8,add_01,20200709-subject-01/20200709_150524,12,s1_l1,22,2200.0
long_occlusion_gt8,add_01,20200709-subject-01/20200709_150524,12,s1_l0,22,2200.0
long_occlusion_gt8,add_01,20200709-subject-01/20200709_150524,12,fp,22,2200.0
long_occlusion_gt8,add_01,20200709-subject-01/20200709_151632,15,residual,35,2900.0
long_occlusion_gt8,add_01,20200709-subject-01/20200709_151632,15,s0_l1,35,2800.0
long_occlusion_gt8,add_01,20200709-subject-01/20200709_151632,15,s0_l0,35,2800.0
long_occlusion_gt8,add_01,20200709-subject-01/20200709_151632,15,s1_l1,35,2400.0
long_occlusion_gt8,add_01,20200709-subject-01/20200709_151632,15,s1_l0,35,2500.0
long_occlusion_gt8,add_01,20200709-subject-01/20200709_151632,15,fp,35,3500.0
long_occlusion_gt8,add_01,20200709-subject-01/20200709_151948,16,residual,32,0.0
long_occlusion_gt8,add_01,20200709-subject-01/20200709_151948,16,s0_l1,32,0.0
long_occlusion_gt8,add_01,20200709-subject-01/20200709_151948,16,s0_l0,32,0.0
long_occlusion_gt8,add_01,20200709-subject-01/20200709_151948,16,s1_l1,32,0.0
long_occlusion_gt8,add_01,20200709-subject-01/20200709_151948,16,s1_l0,32,0.0
long_occlusion_gt8,add_01,20200709-subject-01/20200709_151948,16,fp,32,0.0
long_occlusion_gt8,add_01,20200709-subject-01/20200709_152420,17,residual,71,1100.0
long_occlusion_gt8,add_01,20200709-subject-01/20200709_152420,17,s0_l1,71,1100.0
long_occlusion_gt8,add_01,20200709-subject-01/20200709_152420,17,s0_l0,71,1100.0
long_occlusion_gt8,add_01,20200709-subject-01/20200709_152420,17,s1_l1,71,1000.0
long_occlusion_gt8,add_01,20200709-subject-01/20200709_152420,17,s1_l0,71,1000.0
long_occlusion_gt8,add_01,20200709-subject-01/20200709_152420,17,fp,71,3800.0
long_occlusion_gt8,add_01,20200709-subject-01/20200709_152757,18,residual,65,3800.0
long_occlusion_gt8,add_01,20200709-subject-01/20200709_152757,18,s0_l1,65,4700.0
long_occlusion_gt8,add_01,20200709-subject-01/20200709_152757,18,s0_l0,65,5100.0
long_occlusion_gt8,add_01,20200709-subject-01/20200709_152757,18,s1_l1,65,5500.0
long_occlusion_gt8,add_01,20200709-subject-01/20200709_152757,18,s1_l0,65,5500.0
long_occlusion_gt8,add_01,20200709-subject-01/20200709_152757,18,fp,65,4700.0
long_occlusion_gt8,add_01,20200709-subject-01/20200709_153148,20,residual,50,5000.0
long_occlusion_gt8,add_01,20200709-subject-01/20200709_153148,20,s0_l1,50,4900.0
long_occlusion_gt8,add_01,20200709-subject-01/20200709_153148,20,s0_l0,50,5000.0
long_occlusion_gt8,add_01,20200709-subject-01/20200709_153148,20,s1_l1,50,4900.0
long_occlusion_gt8,add_01,20200709-subject-01/20200709_153148,20,s1_l0,50,5000.0
long_occlusion_gt8,add_01,20200709-subject-01/20200709_153148,20,fp,50,5000.0
long_occlusion_gt8,add_01,20200709-subject-01/20200709_153548,21,residual,67,2800.0
long_occlusion_gt8,add_01,20200709-subject-01/20200709_153548,21,s0_l1,67,2700.0
long_occlusion_gt8,add_01,20200709-subject-01/20200709_153548,21,s0_l0,67,2700.0
long_occlusion_gt8,add_01,20200709-subject-01/20200709_153548,21,s1_l1,67,2700.0
long_occlusion_gt8,add_01,20200709-subject-01/20200709_153548,21,s1_l0,67,2700.0
long_occlusion_gt8,add_01,20200709-subject-01/20200709_153548,21,fp,67,2100.0
long_occlusion_gt8,add_01,20200813-subject-02/20200813_150535,4,residual,12,1200.0
long_occlusion_gt8,add_01,20200813-subject-02/20200813_150535,4,s0_l1,12,1200.0
long_occlusion_gt8,add_01,20200813-subject-02/20200813_150535,4,s0_l0,12,1200.0
long_occlusion_gt8,add_01,20200813-subject-02/20200813_150535,4,s1_l1,12,1200.0
long_occlusion_gt8,add_01,20200813-subject-02/20200813_150535,4,s1_l0,12,1200.0
long_occlusion_gt8,add_01,20200813-subject-02/20200813_150535,4,fp,12,1200.0
long_occlusion_gt8,add_01,20200813-subject-02/20200813_150823,5,residual,19,1900.0
long_occlusion_gt8,add_01,20200813-subject-02/20200813_150823,5,s0_l1,19,1900.0
long_occlusion_gt8,add_01,20200813-subject-02/20200813_150823,5,s0_l0,19,1900.0
long_occlusion_gt8,add_01,20200813-subject-02/20200813_150823,5,s1_l1,19,1900.0
long_occlusion_gt8,add_01,20200813-subject-02/20200813_150823,5,s1_l0,19,1900.0
long_occlusion_gt8,add_01,20200813-subject-02/20200813_150823,5,fp,19,1900.0
long_occlusion_gt8,add_01,20200813-subject-02/20200813_151117,6,residual,33,800.0
long_occlusion_gt8,add_01,20200813-subject-02/20200813_151117,6,s0_l1,33,1200.0
long_occlusion_gt8,add_01,20200813-subject-02/20200813_151117,6,s0_l0,33,1200.0
long_occlusion_gt8,add_01,20200813-subject-02/20200813_151117,6,s1_l1,33,1300.0
long_occlusion_gt8,add_01,20200813-subject-02/20200813_151117,6,s1_l0,33,1300.0
long_occlusion_gt8,add_01,20200813-subject-02/20200813_151117,6,fp,33,400.0
long_occlusion_gt8,add_01,20200813-subject-02/20200813_151925,7,residual,47,3000.0
long_occlusion_gt8,add_01,20200813-subject-02/20200813_151925,7,s0_l1,47,2700.0
long_occlusion_gt8,add_01,20200813-subject-02/20200813_151925,7,s0_l0,47,2600.0
long_occlusion_gt8,add_01,20200813-subject-02/20200813_151925,7,s1_l1,47,2600.0
long_occlusion_gt8,add_01,20200813-subject-02/20200813_151925,7,s1_l0,47,2600.0
long_occlusion_gt8,add_01,20200813-subject-02/20200813_151925,7,fp,47,3600.0
long_occlusion_gt8,add_01,20200813-subject-02/20200813_152215,8,residual,19,1300.0
long_occlusion_gt8,add_01,20200813-subject-02/20200813_152215,8,s0_l1,19,1300.0
long_occlusion_gt8,add_01,20200813-subject-02/20200813_152215,8,s0_l0,19,1300.0
long_occlusion_gt8,add_01,20200813-subject-02/20200813_152215,8,s1_l1,19,1300.0
long_occlusion_gt8,add_01,20200813-subject-02/20200813_152215,8,s1_l0,19,1300.0
long_occlusion_gt8,add_01,20200813-subject-02/20200813_152215,8,fp,19,1000.0
long_occlusion_gt8,add_01,20200813-subject-02/20200813_152513,9,residual,114,6800.0
long_occlusion_gt8,add_01,20200813-subject-02/20200813_152513,9,s0_l1,114,6400.0
long_occlusion_gt8,add_01,20200813-subject-02/20200813_152513,9,s0_l0,114,6600.0
long_occlusion_gt8,add_01,20200813-subject-02/20200813_152513,9,s1_l1,114,6500.0
long_occlusion_gt8,add_01,20200813-subject-02/20200813_152513,9,s1_l0,114,6500.0
long_occlusion_gt8,add_01,20200813-subject-02/20200813_152513,9,fp,114,2600.0
long_occlusion_gt8,add_01,20200813-subject-02/20200813_152842,10,residual,52,2100.0
long_occlusion_gt8,add_01,20200813-subject-02/20200813_152842,10,s0_l1,52,1700.0
long_occlusion_gt8,add_01,20200813-subject-02/20200813_152842,10,s0_l0,52,1700.0
long_occlusion_gt8,add_01,20200813-subject-02/20200813_152842,10,s1_l1,52,1800.0
long_occlusion_gt8,add_01,20200813-subject-02/20200813_152842,10,s1_l0,52,1700.0
long_occlusion_gt8,add_01,20200813-subject-02/20200813_152842,10,fp,52,3300.0
long_occlusion_gt8,add_01,20200813-subject-02/20200813_153453,12,residual,109,4400.0
long_occlusion_gt8,add_01,20200813-subject-02/20200813_153453,12,s0_l1,109,5500.0
long_occlusion_gt8,add_01,20200813-subject-02/20200813_153453,12,s0_l0,109,5300.0
long_occlusion_gt8,add_01,20200813-subject-02/20200813_153453,12,s1_l1,109,5300.0
long_occlusion_gt8,add_01,20200813-subject-02/20200813_153453,12,s1_l0,109,5300.0
long_occlusion_gt8,add_01,20200813-subject-02/20200813_153453,12,fp,109,7400.0
long_occlusion_gt8,add_01,20200813-subject-02/20200813_153802,13,residual,37,0.0
long_occlusion_gt8,add_01,20200813-subject-02/20200813_153802,13,s0_l1,37,0.0
long_occlusion_gt8,add_01,20200813-subject-02/20200813_153802,13,s0_l0,37,0.0
long_occlusion_gt8,add_01,20200813-subject-02/20200813_153802,13,s1_l1,37,0.0
long_occlusion_gt8,add_01,20200813-subject-02/20200813_153802,13,s1_l0,37,0.0
long_occlusion_gt8,add_01,20200813-subject-02/20200813_153802,13,fp,37,0.0
long_occlusion_gt8,add_01,20200813-subject-02/20200813_154103,14,residual,45,0.0
long_occlusion_gt8,add_01,20200813-subject-02/20200813_154103,14,s0_l1,45,0.0
long_occlusion_gt8,add_01,20200813-subject-02/20200813_154103,14,s0_l0,45,0.0
long_occlusion_gt8,add_01,20200813-subject-02/20200813_154103,14,s1_l1,45,0.0
long_occlusion_gt8,add_01,20200813-subject-02/20200813_154103,14,s1_l0,45,0.0
long_occlusion_gt8,add_01,20200813-subject-02/20200813_154103,14,fp,45,1800.0
long_occlusion_gt8,add_01,20200813-subject-02/20200813_154408,15,residual,19,0.0
long_occlusion_gt8,add_01,20200813-subject-02/20200813_154408,15,s0_l1,19,200.0
long_occlusion_gt8,add_01,20200813-subject-02/20200813_154408,15,s0_l0,19,200.0
long_occlusion_gt8,add_01,20200813-subject-02/20200813_154408,15,s1_l1,19,200.0
long_occlusion_gt8,add_01,20200813-subject-02/20200813_154408,15,s1_l0,19,100.0
long_occlusion_gt8,add_01,20200813-subject-02/20200813_154408,15,fp,19,200.0
long_occlusion_gt8,add_01,20200813-subject-02/20200813_155021,17,residual,27,0.0
long_occlusion_gt8,add_01,20200813-subject-02/20200813_155021,17,s0_l1,27,0.0
long_occlusion_gt8,add_01,20200813-subject-02/20200813_155021,17,s0_l0,27,0.0
long_occlusion_gt8,add_01,20200813-subject-02/20200813_155021,17,s1_l1,27,0.0
long_occlusion_gt8,add_01,20200813-subject-02/20200813_155021,17,s1_l0,27,0.0
long_occlusion_gt8,add_01,20200813-subject-02/20200813_155021,17,fp,27,400.0
long_occlusion_gt8,add_01,20200813-subject-02/20200813_155314,18,residual,147,4000.0
long_occlusion_gt8,add_01,20200813-subject-02/20200813_155314,18,s0_l1,147,4400.0
long_occlusion_gt8,add_01,20200813-subject-02/20200813_155314,18,s0_l0,147,5500.0
long_occlusion_gt8,add_01,20200813-subject-02/20200813_155314,18,s1_l1,147,5400.0
long_occlusion_gt8,add_01,20200813-subject-02/20200813_155314,18,s1_l0,147,5500.0
long_occlusion_gt8,add_01,20200813-subject-02/20200813_155314,18,fp,147,1300.0
long_occlusion_gt8,add_01,20200813-subject-02/20200813_155633,20,residual,19,0.0
long_occlusion_gt8,add_01,20200813-subject-02/20200813_155633,20,s0_l1,19,0.0
long_occlusion_gt8,add_01,20200813-subject-02/20200813_155633,20,s0_l0,19,0.0
long_occlusion_gt8,add_01,20200813-subject-02/20200813_155633,20,s1_l1,19,0.0
long_occlusion_gt8,add_01,20200813-subject-02/20200813_155633,20,s1_l0,19,0.0
long_occlusion_gt8,add_01,20200813-subject-02/20200813_155633,20,fp,19,0.0
long_occlusion_gt8,add_01,20200813-subject-02/20200813_155953,21,residual,62,0.0
long_occlusion_gt8,add_01,20200813-subject-02/20200813_155953,21,s0_l1,62,0.0
long_occlusion_gt8,add_01,20200813-subject-02/20200813_155953,21,s0_l0,62,0.0
long_occlusion_gt8,add_01,20200813-subject-02/20200813_155953,21,s1_l1,62,0.0
long_occlusion_gt8,add_01,20200813-subject-02/20200813_155953,21,s1_l0,62,0.0
long_occlusion_gt8,add_01,20200813-subject-02/20200813_155953,21,fp,62,0.0
long_occlusion_gt8,adds_005,20200709-subject-01/20200709_142123,1,residual,110,11000.0
long_occlusion_gt8,adds_005,20200709-subject-01/20200709_142123,1,s0_l1,110,11000.0
long_occlusion_gt8,adds_005,20200709-subject-01/20200709_142123,1,s0_l0,110,11000.0
long_occlusion_gt8,adds_005,20200709-subject-01/20200709_142123,1,s1_l1,110,11000.0
long_occlusion_gt8,adds_005,20200709-subject-01/20200709_142123,1,s1_l0,110,11000.0
long_occlusion_gt8,adds_005,20200709-subject-01/20200709_142123,1,fp,110,11000.0
long_occlusion_gt8,adds_005,20200709-subject-01/20200709_142446,2,residual,49,100.0
long_occlusion_gt8,adds_005,20200709-subject-01/20200709_142446,2,s0_l1,49,0.0
long_occlusion_gt8,adds_005,20200709-subject-01/20200709_142446,2,s0_l0,49,0.0
long_occlusion_gt8,adds_005,20200709-subject-01/20200709_142446,2,s1_l1,49,0.0
long_occlusion_gt8,adds_005,20200709-subject-01/20200709_142446,2,s1_l0,49,0.0
long_occlusion_gt8,adds_005,20200709-subject-01/20200709_142446,2,fp,49,100.0
long_occlusion_gt8,adds_005,20200709-subject-01/20200709_142802,3,residual,25,300.0
long_occlusion_gt8,adds_005,20200709-subject-01/20200709_142802,3,s0_l1,25,300.0
long_occlusion_gt8,adds_005,20200709-subject-01/20200709_142802,3,s0_l0,25,600.0
long_occlusion_gt8,adds_005,20200709-subject-01/20200709_142802,3,s1_l1,25,600.0
long_occlusion_gt8,adds_005,20200709-subject-01/20200709_142802,3,s1_l0,25,600.0
long_occlusion_gt8,adds_005,20200709-subject-01/20200709_142802,3,fp,25,0.0
long_occlusion_gt8,adds_005,20200709-subject-01/20200709_143125,4,residual,14,1400.0
long_occlusion_gt8,adds_005,20200709-subject-01/20200709_143125,4,s0_l1,14,1400.0
long_occlusion_gt8,adds_005,20200709-subject-01/20200709_143125,4,s0_l0,14,1400.0
long_occlusion_gt8,adds_005,20200709-subject-01/20200709_143125,4,s1_l1,14,1400.0
long_occlusion_gt8,adds_005,20200709-subject-01/20200709_143125,4,s1_l0,14,1400.0
long_occlusion_gt8,adds_005,20200709-subject-01/20200709_143125,4,fp,14,1300.0
long_occlusion_gt8,adds_005,20200709-subject-01/20200709_143531,5,residual,88,6000.0
long_occlusion_gt8,adds_005,20200709-subject-01/20200709_143531,5,s0_l1,88,4200.0
long_occlusion_gt8,adds_005,20200709-subject-01/20200709_143531,5,s0_l0,88,3900.0
long_occlusion_gt8,adds_005,20200709-subject-01/20200709_143531,5,s1_l1,88,4300.0
long_occlusion_gt8,adds_005,20200709-subject-01/20200709_143531,5,s1_l0,88,4400.0
long_occlusion_gt8,adds_005,20200709-subject-01/20200709_143531,5,fp,88,8700.0
long_occlusion_gt8,adds_005,20200709-subject-01/20200709_143907,6,residual,37,2300.0
long_occlusion_gt8,adds_005,20200709-subject-01/20200709_143907,6,s0_l1,37,2300.0
long_occlusion_gt8,adds_005,20200709-subject-01/20200709_143907,6,s0_l0,37,2400.0
long_occlusion_gt8,adds_005,20200709-subject-01/20200709_143907,6,s1_l1,37,2600.0
long_occlusion_gt8,adds_005,20200709-subject-01/20200709_143907,6,s1_l0,37,2600.0
long_occlusion_gt8,adds_005,20200709-subject-01/20200709_143907,6,fp,37,3100.0
long_occlusion_gt8,adds_005,20200709-subject-01/20200709_144313,7,residual,35,3500.0
long_occlusion_gt8,adds_005,20200709-subject-01/20200709_144313,7,s0_l1,35,3500.0
long_occlusion_gt8,adds_005,20200709-subject-01/20200709_144313,7,s0_l0,35,3500.0
long_occlusion_gt8,adds_005,20200709-subject-01/20200709_144313,7,s1_l1,35,3500.0
long_occlusion_gt8,adds_005,20200709-subject-01/20200709_144313,7,s1_l0,35,3500.0
long_occlusion_gt8,adds_005,20200709-subject-01/20200709_144313,7,fp,35,1000.0
long_occlusion_gt8,adds_005,20200709-subject-01/20200709_144735,8,residual,100,4000.0
long_occlusion_gt8,adds_005,20200709-subject-01/20200709_144735,8,s0_l1,100,5600.0
long_occlusion_gt8,adds_005,20200709-subject-01/20200709_144735,8,s0_l0,100,5800.0
long_occlusion_gt8,adds_005,20200709-subject-01/20200709_144735,8,s1_l1,100,5800.0
long_occlusion_gt8,adds_005,20200709-subject-01/20200709_144735,8,s1_l0,100,5700.0
long_occlusion_gt8,adds_005,20200709-subject-01/20200709_144735,8,fp,100,5600.0
long_occlusion_gt8,adds_005,20200709-subject-01/20200709_145132,9,residual,106,10400.0
long_occlusion_gt8,adds_005,20200709-subject-01/20200709_145132,9,s0_l1,106,10500.0
long_occlusion_gt8,adds_005,20200709-subject-01/20200709_145132,9,s0_l0,106,10400.0
long_occlusion_gt8,adds_005,20200709-subject-01/20200709_145132,9,s1_l1,106,10400.0
long_occlusion_gt8,adds_005,20200709-subject-01/20200709_145132,9,s1_l0,106,10500.0
long_occlusion_gt8,adds_005,20200709-subject-01/20200709_145132,9,fp,106,10400.0
long_occlusion_gt8,adds_005,20200709-subject-01/20200709_145743,10,residual,10,1000.0
long_occlusion_gt8,adds_005,20200709-subject-01/20200709_145743,10,s0_l1,10,1000.0
long_occlusion_gt8,adds_005,20200709-subject-01/20200709_145743,10,s0_l0,10,1000.0
long_occlusion_gt8,adds_005,20200709-subject-01/20200709_145743,10,s1_l1,10,1000.0
long_occlusion_gt8,adds_005,20200709-subject-01/20200709_145743,10,s1_l0,10,1000.0
long_occlusion_gt8,adds_005,20200709-subject-01/20200709_145743,10,fp,10,0.0
long_occlusion_gt8,adds_005,20200709-subject-01/20200709_150524,12,residual,22,2200.0
long_occlusion_gt8,adds_005,20200709-subject-01/20200709_150524,12,s0_l1,22,2200.0
long_occlusion_gt8,adds_005,20200709-subject-01/20200709_150524,12,s0_l0,22,2200.0
long_occlusion_gt8,adds_005,20200709-subject-01/20200709_150524,12,s1_l1,22,2200.0
long_occlusion_gt8,adds_005,20200709-subject-01/20200709_150524,12,s1_l0,22,2200.0
long_occlusion_gt8,adds_005,20200709-subject-01/20200709_150524,12,fp,22,2200.0
long_occlusion_gt8,adds_005,20200709-subject-01/20200709_151632,15,residual,35,3500.0
long_occlusion_gt8,adds_005,20200709-subject-01/20200709_151632,15,s0_l1,35,3500.0
long_occlusion_gt8,adds_005,20200709-subject-01/20200709_151632,15,s0_l0,35,3500.0
long_occlusion_gt8,adds_005,20200709-subject-01/20200709_151632,15,s1_l1,35,3400.0
long_occlusion_gt8,adds_005,20200709-subject-01/20200709_151632,15,s1_l0,35,3400.0
long_occlusion_gt8,adds_005,20200709-subject-01/20200709_151632,15,fp,35,3500.0
long_occlusion_gt8,adds_005,20200709-subject-01/20200709_151948,16,residual,32,2900.0
long_occlusion_gt8,adds_005,20200709-subject-01/20200709_151948,16,s0_l1,32,2800.0
long_occlusion_gt8,adds_005,20200709-subject-01/20200709_151948,16,s0_l0,32,2800.0
long_occlusion_gt8,adds_005,20200709-subject-01/20200709_151948,16,s1_l1,32,2800.0
long_occlusion_gt8,adds_005,20200709-subject-01/20200709_151948,16,s1_l0,32,2800.0
long_occlusion_gt8,adds_005,20200709-subject-01/20200709_151948,16,fp,32,2500.0
long_occlusion_gt8,adds_005,20200709-subject-01/20200709_152420,17,residual,71,2900.0
long_occlusion_gt8,adds_005,20200709-subject-01/20200709_152420,17,s0_l1,71,3100.0
long_occlusion_gt8,adds_005,20200709-subject-01/20200709_152420,17,s0_l0,71,3000.0
long_occlusion_gt8,adds_005,20200709-subject-01/20200709_152420,17,s1_l1,71,2600.0
long_occlusion_gt8,adds_005,20200709-subject-01/20200709_152420,17,s1_l0,71,2700.0
long_occlusion_gt8,adds_005,20200709-subject-01/20200709_152420,17,fp,71,5900.0
long_occlusion_gt8,adds_005,20200709-subject-01/20200709_152757,18,residual,65,4300.0
long_occlusion_gt8,adds_005,20200709-subject-01/20200709_152757,18,s0_l1,65,5300.0
long_occlusion_gt8,adds_005,20200709-subject-01/20200709_152757,18,s0_l0,65,5300.0
long_occlusion_gt8,adds_005,20200709-subject-01/20200709_152757,18,s1_l1,65,5600.0
long_occlusion_gt8,adds_005,20200709-subject-01/20200709_152757,18,s1_l0,65,5600.0
long_occlusion_gt8,adds_005,20200709-subject-01/20200709_152757,18,fp,65,6400.0
long_occlusion_gt8,adds_005,20200709-subject-01/20200709_153148,20,residual,50,4900.0
long_occlusion_gt8,adds_005,20200709-subject-01/20200709_153148,20,s0_l1,50,4900.0
long_occlusion_gt8,adds_005,20200709-subject-01/20200709_153148,20,s0_l0,50,5000.0
long_occlusion_gt8,adds_005,20200709-subject-01/20200709_153148,20,s1_l1,50,4900.0
long_occlusion_gt8,adds_005,20200709-subject-01/20200709_153148,20,s1_l0,50,5000.0
long_occlusion_gt8,adds_005,20200709-subject-01/20200709_153148,20,fp,50,5000.0
long_occlusion_gt8,adds_005,20200709-subject-01/20200709_153548,21,residual,67,3000.0
long_occlusion_gt8,adds_005,20200709-subject-01/20200709_153548,21,s0_l1,67,2700.0
long_occlusion_gt8,adds_005,20200709-subject-01/20200709_153548,21,s0_l0,67,2700.0
long_occlusion_gt8,adds_005,20200709-subject-01/20200709_153548,21,s1_l1,67,2700.0
long_occlusion_gt8,adds_005,20200709-subject-01/20200709_153548,21,s1_l0,67,2700.0
long_occlusion_gt8,adds_005,20200709-subject-01/20200709_153548,21,fp,67,2100.0
long_occlusion_gt8,adds_005,20200813-subject-02/20200813_150535,4,residual,12,1200.0
long_occlusion_gt8,adds_005,20200813-subject-02/20200813_150535,4,s0_l1,12,1200.0
long_occlusion_gt8,adds_005,20200813-subject-02/20200813_150535,4,s0_l0,12,1200.0
long_occlusion_gt8,adds_005,20200813-subject-02/20200813_150535,4,s1_l1,12,1200.0
long_occlusion_gt8,adds_005,20200813-subject-02/20200813_150535,4,s1_l0,12,1200.0
long_occlusion_gt8,adds_005,20200813-subject-02/20200813_150535,4,fp,12,1200.0
long_occlusion_gt8,adds_005,20200813-subject-02/20200813_150823,5,residual,19,1900.0
long_occlusion_gt8,adds_005,20200813-subject-02/20200813_150823,5,s0_l1,19,1900.0
long_occlusion_gt8,adds_005,20200813-subject-02/20200813_150823,5,s0_l0,19,1900.0
long_occlusion_gt8,adds_005,20200813-subject-02/20200813_150823,5,s1_l1,19,1900.0
long_occlusion_gt8,adds_005,20200813-subject-02/20200813_150823,5,s1_l0,19,1900.0
long_occlusion_gt8,adds_005,20200813-subject-02/20200813_150823,5,fp,19,1900.0
long_occlusion_gt8,adds_005,20200813-subject-02/20200813_151117,6,residual,33,2500.0
long_occlusion_gt8,adds_005,20200813-subject-02/20200813_151117,6,s0_l1,33,2700.0
long_occlusion_gt8,adds_005,20200813-subject-02/20200813_151117,6,s0_l0,33,2700.0
long_occlusion_gt8,adds_005,20200813-subject-02/20200813_151117,6,s1_l1,33,2700.0
long_occlusion_gt8,adds_005,20200813-subject-02/20200813_151117,6,s1_l0,33,2700.0
long_occlusion_gt8,adds_005,20200813-subject-02/20200813_151117,6,fp,33,100.0
long_occlusion_gt8,adds_005,20200813-subject-02/20200813_151925,7,residual,47,4700.0
long_occlusion_gt8,adds_005,20200813-subject-02/20200813_151925,7,s0_l1,47,4500.0
long_occlusion_gt8,adds_005,20200813-subject-02/20200813_151925,7,s0_l0,47,4500.0
long_occlusion_gt8,adds_005,20200813-subject-02/20200813_151925,7,s1_l1,47,4500.0
long_occlusion_gt8,adds_005,20200813-subject-02/20200813_151925,7,s1_l0,47,4500.0
long_occlusion_gt8,adds_005,20200813-subject-02/20200813_151925,7,fp,47,2900.0
long_occlusion_gt8,adds_005,20200813-subject-02/20200813_152215,8,residual,19,1200.0
long_occlusion_gt8,adds_005,20200813-subject-02/20200813_152215,8,s0_l1,19,1300.0
long_occlusion_gt8,adds_005,20200813-subject-02/20200813_152215,8,s0_l0,19,1300.0
long_occlusion_gt8,adds_005,20200813-subject-02/20200813_152215,8,s1_l1,19,1400.0
long_occlusion_gt8,adds_005,20200813-subject-02/20200813_152215,8,s1_l0,19,1400.0
long_occlusion_gt8,adds_005,20200813-subject-02/20200813_152215,8,fp,19,1000.0
long_occlusion_gt8,adds_005,20200813-subject-02/20200813_152513,9,residual,114,7700.0
long_occlusion_gt8,adds_005,20200813-subject-02/20200813_152513,9,s0_l1,114,7300.0
long_occlusion_gt8,adds_005,20200813-subject-02/20200813_152513,9,s0_l0,114,7400.0
long_occlusion_gt8,adds_005,20200813-subject-02/20200813_152513,9,s1_l1,114,7400.0
long_occlusion_gt8,adds_005,20200813-subject-02/20200813_152513,9,s1_l0,114,7700.0
long_occlusion_gt8,adds_005,20200813-subject-02/20200813_152513,9,fp,114,2900.0
long_occlusion_gt8,adds_005,20200813-subject-02/20200813_152842,10,residual,52,5100.0
long_occlusion_gt8,adds_005,20200813-subject-02/20200813_152842,10,s0_l1,52,5000.0
long_occlusion_gt8,adds_005,20200813-subject-02/20200813_152842,10,s0_l0,52,5000.0
long_occlusion_gt8,adds_005,20200813-subject-02/20200813_152842,10,s1_l1,52,5000.0
long_occlusion_gt8,adds_005,20200813-subject-02/20200813_152842,10,s1_l0,52,5000.0
long_occlusion_gt8,adds_005,20200813-subject-02/20200813_152842,10,fp,52,4000.0
long_occlusion_gt8,adds_005,20200813-subject-02/20200813_153453,12,residual,109,5200.0
long_occlusion_gt8,adds_005,20200813-subject-02/20200813_153453,12,s0_l1,109,6800.0
long_occlusion_gt8,adds_005,20200813-subject-02/20200813_153453,12,s0_l0,109,6600.0
long_occlusion_gt8,adds_005,20200813-subject-02/20200813_153453,12,s1_l1,109,6500.0
long_occlusion_gt8,adds_005,20200813-subject-02/20200813_153453,12,s1_l0,109,6700.0
long_occlusion_gt8,adds_005,20200813-subject-02/20200813_153453,12,fp,109,7800.0
long_occlusion_gt8,adds_005,20200813-subject-02/20200813_153802,13,residual,37,0.0
long_occlusion_gt8,adds_005,20200813-subject-02/20200813_153802,13,s0_l1,37,0.0
long_occlusion_gt8,adds_005,20200813-subject-02/20200813_153802,13,s0_l0,37,0.0
long_occlusion_gt8,adds_005,20200813-subject-02/20200813_153802,13,s1_l1,37,0.0
long_occlusion_gt8,adds_005,20200813-subject-02/20200813_153802,13,s1_l0,37,0.0
long_occlusion_gt8,adds_005,20200813-subject-02/20200813_153802,13,fp,37,1400.0
long_occlusion_gt8,adds_005,20200813-subject-02/20200813_154103,14,residual,45,3400.0
long_occlusion_gt8,adds_005,20200813-subject-02/20200813_154103,14,s0_l1,45,4500.0
long_occlusion_gt8,adds_005,20200813-subject-02/20200813_154103,14,s0_l0,45,4500.0
long_occlusion_gt8,adds_005,20200813-subject-02/20200813_154103,14,s1_l1,45,4400.0
long_occlusion_gt8,adds_005,20200813-subject-02/20200813_154103,14,s1_l0,45,4500.0
long_occlusion_gt8,adds_005,20200813-subject-02/20200813_154103,14,fp,45,4500.0
long_occlusion_gt8,adds_005,20200813-subject-02/20200813_154408,15,residual,19,0.0
long_occlusion_gt8,adds_005,20200813-subject-02/20200813_154408,15,s0_l1,19,100.0
long_occlusion_gt8,adds_005,20200813-subject-02/20200813_154408,15,s0_l0,19,100.0
long_occlusion_gt8,adds_005,20200813-subject-02/20200813_154408,15,s1_l1,19,100.0
long_occlusion_gt8,adds_005,20200813-subject-02/20200813_154408,15,s1_l0,19,100.0
long_occlusion_gt8,adds_005,20200813-subject-02/20200813_154408,15,fp,19,200.0
long_occlusion_gt8,adds_005,20200813-subject-02/20200813_155021,17,residual,27,0.0
long_occlusion_gt8,adds_005,20200813-subject-02/20200813_155021,17,s0_l1,27,900.0
long_occlusion_gt8,adds_005,20200813-subject-02/20200813_155021,17,s0_l0,27,900.0
long_occlusion_gt8,adds_005,20200813-subject-02/20200813_155021,17,s1_l1,27,1100.0
long_occlusion_gt8,adds_005,20200813-subject-02/20200813_155021,17,s1_l0,27,1100.0
long_occlusion_gt8,adds_005,20200813-subject-02/20200813_155021,17,fp,27,400.0
long_occlusion_gt8,adds_005,20200813-subject-02/20200813_155314,18,residual,147,7400.0
long_occlusion_gt8,adds_005,20200813-subject-02/20200813_155314,18,s0_l1,147,8000.0
long_occlusion_gt8,adds_005,20200813-subject-02/20200813_155314,18,s0_l0,147,9000.0
long_occlusion_gt8,adds_005,20200813-subject-02/20200813_155314,18,s1_l1,147,8800.0
long_occlusion_gt8,adds_005,20200813-subject-02/20200813_155314,18,s1_l0,147,8500.0
long_occlusion_gt8,adds_005,20200813-subject-02/20200813_155314,18,fp,147,1800.0
long_occlusion_gt8,adds_005,20200813-subject-02/20200813_155633,20,residual,19,1900.0
long_occlusion_gt8,adds_005,20200813-subject-02/20200813_155633,20,s0_l1,19,1900.0
long_occlusion_gt8,adds_005,20200813-subject-02/20200813_155633,20,s0_l0,19,1900.0
long_occlusion_gt8,adds_005,20200813-subject-02/20200813_155633,20,s1_l1,19,1900.0
long_occlusion_gt8,adds_005,20200813-subject-02/20200813_155633,20,s1_l0,19,1900.0
long_occlusion_gt8,adds_005,20200813-subject-02/20200813_155633,20,fp,19,1900.0
long_occlusion_gt8,adds_005,20200813-subject-02/20200813_155953,21,residual,62,1300.0
long_occlusion_gt8,adds_005,20200813-subject-02/20200813_155953,21,s0_l1,62,1300.0
long_occlusion_gt8,adds_005,20200813-subject-02/20200813_155953,21,s0_l0,62,1300.0
long_occlusion_gt8,adds_005,20200813-subject-02/20200813_155953,21,s1_l1,62,1300.0
long_occlusion_gt8,adds_005,20200813-subject-02/20200813_155953,21,s1_l0,62,1400.0
long_occlusion_gt8,adds_005,20200813-subject-02/20200813_155953,21,fp,62,200.0
long_occlusion_gt8,adds_01,20200709-subject-01/20200709_142123,1,residual,110,11000.0
long_occlusion_gt8,adds_01,20200709-subject-01/20200709_142123,1,s0_l1,110,11000.0
long_occlusion_gt8,adds_01,20200709-subject-01/20200709_142123,1,s0_l0,110,11000.0
long_occlusion_gt8,adds_01,20200709-subject-01/20200709_142123,1,s1_l1,110,11000.0
long_occlusion_gt8,adds_01,20200709-subject-01/20200709_142123,1,s1_l0,110,11000.0
long_occlusion_gt8,adds_01,20200709-subject-01/20200709_142123,1,fp,110,11000.0
long_occlusion_gt8,adds_01,20200709-subject-01/20200709_142446,2,residual,49,4900.0
long_occlusion_gt8,adds_01,20200709-subject-01/20200709_142446,2,s0_l1,49,4900.0
long_occlusion_gt8,adds_01,20200709-subject-01/20200709_142446,2,s0_l0,49,4900.0
long_occlusion_gt8,adds_01,20200709-subject-01/20200709_142446,2,s1_l1,49,4900.0
long_occlusion_gt8,adds_01,20200709-subject-01/20200709_142446,2,s1_l0,49,4900.0
long_occlusion_gt8,adds_01,20200709-subject-01/20200709_142446,2,fp,49,4900.0
long_occlusion_gt8,adds_01,20200709-subject-01/20200709_142802,3,residual,25,2200.0
long_occlusion_gt8,adds_01,20200709-subject-01/20200709_142802,3,s0_l1,25,2100.0
long_occlusion_gt8,adds_01,20200709-subject-01/20200709_142802,3,s0_l0,25,2100.0
long_occlusion_gt8,adds_01,20200709-subject-01/20200709_142802,3,s1_l1,25,2200.0
long_occlusion_gt8,adds_01,20200709-subject-01/20200709_142802,3,s1_l0,25,2200.0
long_occlusion_gt8,adds_01,20200709-subject-01/20200709_142802,3,fp,25,0.0
long_occlusion_gt8,adds_01,20200709-subject-01/20200709_143125,4,residual,14,1400.0
long_occlusion_gt8,adds_01,20200709-subject-01/20200709_143125,4,s0_l1,14,1400.0
long_occlusion_gt8,adds_01,20200709-subject-01/20200709_143125,4,s0_l0,14,1400.0
long_occlusion_gt8,adds_01,20200709-subject-01/20200709_143125,4,s1_l1,14,1400.0
long_occlusion_gt8,adds_01,20200709-subject-01/20200709_143125,4,s1_l0,14,1400.0
long_occlusion_gt8,adds_01,20200709-subject-01/20200709_143125,4,fp,14,1400.0
long_occlusion_gt8,adds_01,20200709-subject-01/20200709_143531,5,residual,88,8800.0
long_occlusion_gt8,adds_01,20200709-subject-01/20200709_143531,5,s0_l1,88,8600.0
long_occlusion_gt8,adds_01,20200709-subject-01/20200709_143531,5,s0_l0,88,8600.0
long_occlusion_gt8,adds_01,20200709-subject-01/20200709_143531,5,s1_l1,88,8600.0
long_occlusion_gt8,adds_01,20200709-subject-01/20200709_143531,5,s1_l0,88,8600.0
long_occlusion_gt8,adds_01,20200709-subject-01/20200709_143531,5,fp,88,8800.0
long_occlusion_gt8,adds_01,20200709-subject-01/20200709_143907,6,residual,37,2900.0
long_occlusion_gt8,adds_01,20200709-subject-01/20200709_143907,6,s0_l1,37,2900.0
long_occlusion_gt8,adds_01,20200709-subject-01/20200709_143907,6,s0_l0,37,2900.0
long_occlusion_gt8,adds_01,20200709-subject-01/20200709_143907,6,s1_l1,37,3000.0
long_occlusion_gt8,adds_01,20200709-subject-01/20200709_143907,6,s1_l0,37,3000.0
long_occlusion_gt8,adds_01,20200709-subject-01/20200709_143907,6,fp,37,3600.0
long_occlusion_gt8,adds_01,20200709-subject-01/20200709_144313,7,residual,35,3500.0
long_occlusion_gt8,adds_01,20200709-subject-01/20200709_144313,7,s0_l1,35,3500.0
long_occlusion_gt8,adds_01,20200709-subject-01/20200709_144313,7,s0_l0,35,3500.0
long_occlusion_gt8,adds_01,20200709-subject-01/20200709_144313,7,s1_l1,35,3500.0
long_occlusion_gt8,adds_01,20200709-subject-01/20200709_144313,7,s1_l0,35,3500.0
long_occlusion_gt8,adds_01,20200709-subject-01/20200709_144313,7,fp,35,3500.0
long_occlusion_gt8,adds_01,20200709-subject-01/20200709_144735,8,residual,100,7500.0
long_occlusion_gt8,adds_01,20200709-subject-01/20200709_144735,8,s0_l1,100,9100.0
long_occlusion_gt8,adds_01,20200709-subject-01/20200709_144735,8,s0_l0,100,9100.0
long_occlusion_gt8,adds_01,20200709-subject-01/20200709_144735,8,s1_l1,100,9100.0
long_occlusion_gt8,adds_01,20200709-subject-01/20200709_144735,8,s1_l0,100,9100.0
long_occlusion_gt8,adds_01,20200709-subject-01/20200709_144735,8,fp,100,8400.0
long_occlusion_gt8,adds_01,20200709-subject-01/20200709_145132,9,residual,106,10600.0
long_occlusion_gt8,adds_01,20200709-subject-01/20200709_145132,9,s0_l1,106,10600.0
long_occlusion_gt8,adds_01,20200709-subject-01/20200709_145132,9,s0_l0,106,10600.0
long_occlusion_gt8,adds_01,20200709-subject-01/20200709_145132,9,s1_l1,106,10600.0
long_occlusion_gt8,adds_01,20200709-subject-01/20200709_145132,9,s1_l0,106,10600.0
long_occlusion_gt8,adds_01,20200709-subject-01/20200709_145132,9,fp,106,10600.0
long_occlusion_gt8,adds_01,20200709-subject-01/20200709_145743,10,residual,10,1000.0
long_occlusion_gt8,adds_01,20200709-subject-01/20200709_145743,10,s0_l1,10,1000.0
long_occlusion_gt8,adds_01,20200709-subject-01/20200709_145743,10,s0_l0,10,1000.0
long_occlusion_gt8,adds_01,20200709-subject-01/20200709_145743,10,s1_l1,10,1000.0
long_occlusion_gt8,adds_01,20200709-subject-01/20200709_145743,10,s1_l0,10,1000.0
long_occlusion_gt8,adds_01,20200709-subject-01/20200709_145743,10,fp,10,1000.0
long_occlusion_gt8,adds_01,20200709-subject-01/20200709_150524,12,residual,22,2200.0
long_occlusion_gt8,adds_01,20200709-subject-01/20200709_150524,12,s0_l1,22,2200.0
long_occlusion_gt8,adds_01,20200709-subject-01/20200709_150524,12,s0_l0,22,2200.0
long_occlusion_gt8,adds_01,20200709-subject-01/20200709_150524,12,s1_l1,22,2200.0
long_occlusion_gt8,adds_01,20200709-subject-01/20200709_150524,12,s1_l0,22,2200.0
long_occlusion_gt8,adds_01,20200709-subject-01/20200709_150524,12,fp,22,2200.0
long_occlusion_gt8,adds_01,20200709-subject-01/20200709_151632,15,residual,35,3500.0
long_occlusion_gt8,adds_01,20200709-subject-01/20200709_151632,15,s0_l1,35,3500.0
long_occlusion_gt8,adds_01,20200709-subject-01/20200709_151632,15,s0_l0,35,3500.0
long_occlusion_gt8,adds_01,20200709-subject-01/20200709_151632,15,s1_l1,35,3500.0
long_occlusion_gt8,adds_01,20200709-subject-01/20200709_151632,15,s1_l0,35,3500.0
long_occlusion_gt8,adds_01,20200709-subject-01/20200709_151632,15,fp,35,3500.0
long_occlusion_gt8,adds_01,20200709-subject-01/20200709_151948,16,residual,32,3000.0
long_occlusion_gt8,adds_01,20200709-subject-01/20200709_151948,16,s0_l1,32,3000.0
long_occlusion_gt8,adds_01,20200709-subject-01/20200709_151948,16,s0_l0,32,3000.0
long_occlusion_gt8,adds_01,20200709-subject-01/20200709_151948,16,s1_l1,32,3000.0
long_occlusion_gt8,adds_01,20200709-subject-01/20200709_151948,16,s1_l0,32,3000.0
long_occlusion_gt8,adds_01,20200709-subject-01/20200709_151948,16,fp,32,2600.0
long_occlusion_gt8,adds_01,20200709-subject-01/20200709_152420,17,residual,71,4000.0
long_occlusion_gt8,adds_01,20200709-subject-01/20200709_152420,17,s0_l1,71,4000.0
long_occlusion_gt8,adds_01,20200709-subject-01/20200709_152420,17,s0_l0,71,4000.0
long_occlusion_gt8,adds_01,20200709-subject-01/20200709_152420,17,s1_l1,71,4000.0
long_occlusion_gt8,adds_01,20200709-subject-01/20200709_152420,17,s1_l0,71,4000.0
long_occlusion_gt8,adds_01,20200709-subject-01/20200709_152420,17,fp,71,7000.0
long_occlusion_gt8,adds_01,20200709-subject-01/20200709_152757,18,residual,65,6500.0
long_occlusion_gt8,adds_01,20200709-subject-01/20200709_152757,18,s0_l1,65,6500.0
long_occlusion_gt8,adds_01,20200709-subject-01/20200709_152757,18,s0_l0,65,6500.0
long_occlusion_gt8,adds_01,20200709-subject-01/20200709_152757,18,s1_l1,65,6500.0
long_occlusion_gt8,adds_01,20200709-subject-01/20200709_152757,18,s1_l0,65,6500.0
long_occlusion_gt8,adds_01,20200709-subject-01/20200709_152757,18,fp,65,6500.0
long_occlusion_gt8,adds_01,20200709-subject-01/20200709_153148,20,residual,50,5000.0
long_occlusion_gt8,adds_01,20200709-subject-01/20200709_153148,20,s0_l1,50,5000.0
long_occlusion_gt8,adds_01,20200709-subject-01/20200709_153148,20,s0_l0,50,5000.0
long_occlusion_gt8,adds_01,20200709-subject-01/20200709_153148,20,s1_l1,50,5000.0
long_occlusion_gt8,adds_01,20200709-subject-01/20200709_153148,20,s1_l0,50,5000.0
long_occlusion_gt8,adds_01,20200709-subject-01/20200709_153148,20,fp,50,5000.0
long_occlusion_gt8,adds_01,20200709-subject-01/20200709_153548,21,residual,67,6700.0
long_occlusion_gt8,adds_01,20200709-subject-01/20200709_153548,21,s0_l1,67,6700.0
long_occlusion_gt8,adds_01,20200709-subject-01/20200709_153548,21,s0_l0,67,6700.0
long_occlusion_gt8,adds_01,20200709-subject-01/20200709_153548,21,s1_l1,67,6700.0
long_occlusion_gt8,adds_01,20200709-subject-01/20200709_153548,21,s1_l0,67,6700.0
long_occlusion_gt8,adds_01,20200709-subject-01/20200709_153548,21,fp,67,4100.0
long_occlusion_gt8,adds_01,20200813-subject-02/20200813_150535,4,residual,12,1200.0
long_occlusion_gt8,adds_01,20200813-subject-02/20200813_150535,4,s0_l1,12,1200.0
long_occlusion_gt8,adds_01,20200813-subject-02/20200813_150535,4,s0_l0,12,1200.0
long_occlusion_gt8,adds_01,20200813-subject-02/20200813_150535,4,s1_l1,12,1200.0
long_occlusion_gt8,adds_01,20200813-subject-02/20200813_150535,4,s1_l0,12,1200.0
long_occlusion_gt8,adds_01,20200813-subject-02/20200813_150535,4,fp,12,1200.0
long_occlusion_gt8,adds_01,20200813-subject-02/20200813_150823,5,residual,19,1900.0
long_occlusion_gt8,adds_01,20200813-subject-02/20200813_150823,5,s0_l1,19,1900.0
long_occlusion_gt8,adds_01,20200813-subject-02/20200813_150823,5,s0_l0,19,1900.0
long_occlusion_gt8,adds_01,20200813-subject-02/20200813_150823,5,s1_l1,19,1900.0
long_occlusion_gt8,adds_01,20200813-subject-02/20200813_150823,5,s1_l0,19,1900.0
long_occlusion_gt8,adds_01,20200813-subject-02/20200813_150823,5,fp,19,1900.0
long_occlusion_gt8,adds_01,20200813-subject-02/20200813_151117,6,residual,33,3300.0
long_occlusion_gt8,adds_01,20200813-subject-02/20200813_151117,6,s0_l1,33,3300.0
long_occlusion_gt8,adds_01,20200813-subject-02/20200813_151117,6,s0_l0,33,3300.0
long_occlusion_gt8,adds_01,20200813-subject-02/20200813_151117,6,s1_l1,33,3300.0
long_occlusion_gt8,adds_01,20200813-subject-02/20200813_151117,6,s1_l0,33,3300.0
long_occlusion_gt8,adds_01,20200813-subject-02/20200813_151117,6,fp,33,1300.0
long_occlusion_gt8,adds_01,20200813-subject-02/20200813_151925,7,residual,47,4700.0
long_occlusion_gt8,adds_01,20200813-subject-02/20200813_151925,7,s0_l1,47,4700.0
long_occlusion_gt8,adds_01,20200813-subject-02/20200813_151925,7,s0_l0,47,4700.0
long_occlusion_gt8,adds_01,20200813-subject-02/20200813_151925,7,s1_l1,47,4700.0
long_occlusion_gt8,adds_01,20200813-subject-02/20200813_151925,7,s1_l0,47,4700.0
long_occlusion_gt8,adds_01,20200813-subject-02/20200813_151925,7,fp,47,4200.0
long_occlusion_gt8,adds_01,20200813-subject-02/20200813_152215,8,residual,19,1900.0
long_occlusion_gt8,adds_01,20200813-subject-02/20200813_152215,8,s0_l1,19,1900.0
long_occlusion_gt8,adds_01,20200813-subject-02/20200813_152215,8,s0_l0,19,1900.0
long_occlusion_gt8,adds_01,20200813-subject-02/20200813_152215,8,s1_l1,19,1900.0
long_occlusion_gt8,adds_01,20200813-subject-02/20200813_152215,8,s1_l0,19,1900.0
long_occlusion_gt8,adds_01,20200813-subject-02/20200813_152215,8,fp,19,1200.0
long_occlusion_gt8,adds_01,20200813-subject-02/20200813_152513,9,residual,114,9700.0
long_occlusion_gt8,adds_01,20200813-subject-02/20200813_152513,9,s0_l1,114,9400.0
long_occlusion_gt8,adds_01,20200813-subject-02/20200813_152513,9,s0_l0,114,9400.0
long_occlusion_gt8,adds_01,20200813-subject-02/20200813_152513,9,s1_l1,114,9500.0
long_occlusion_gt8,adds_01,20200813-subject-02/20200813_152513,9,s1_l0,114,9500.0
long_occlusion_gt8,adds_01,20200813-subject-02/20200813_152513,9,fp,114,4100.0
long_occlusion_gt8,adds_01,20200813-subject-02/20200813_152842,10,residual,52,5200.0
long_occlusion_gt8,adds_01,20200813-subject-02/20200813_152842,10,s0_l1,52,5200.0
long_occlusion_gt8,adds_01,20200813-subject-02/20200813_152842,10,s0_l0,52,5200.0
long_occlusion_gt8,adds_01,20200813-subject-02/20200813_152842,10,s1_l1,52,5200.0
long_occlusion_gt8,adds_01,20200813-subject-02/20200813_152842,10,s1_l0,52,5200.0
long_occlusion_gt8,adds_01,20200813-subject-02/20200813_152842,10,fp,52,5000.0
long_occlusion_gt8,adds_01,20200813-subject-02/20200813_153453,12,residual,109,9600.0
long_occlusion_gt8,adds_01,20200813-subject-02/20200813_153453,12,s0_l1,109,10800.0
long_occlusion_gt8,adds_01,20200813-subject-02/20200813_153453,12,s0_l0,109,10800.0
long_occlusion_gt8,adds_01,20200813-subject-02/20200813_153453,12,s1_l1,109,10800.0
long_occlusion_gt8,adds_01,20200813-subject-02/20200813_153453,12,s1_l0,109,10800.0
long_occlusion_gt8,adds_01,20200813-subject-02/20200813_153453,12,fp,109,10800.0
long_occlusion_gt8,adds_01,20200813-subject-02/20200813_153802,13,residual,37,0.0
long_occlusion_gt8,adds_01,20200813-subject-02/20200813_153802,13,s0_l1,37,0.0
long_occlusion_gt8,adds_01,20200813-subject-02/20200813_153802,13,s0_l0,37,0.0
long_occlusion_gt8,adds_01,20200813-subject-02/20200813_153802,13,s1_l1,37,0.0
long_occlusion_gt8,adds_01,20200813-subject-02/20200813_153802,13,s1_l0,37,0.0
long_occlusion_gt8,adds_01,20200813-subject-02/20200813_153802,13,fp,37,1800.0
long_occlusion_gt8,adds_01,20200813-subject-02/20200813_154103,14,residual,45,4500.0
long_occlusion_gt8,adds_01,20200813-subject-02/20200813_154103,14,s0_l1,45,4500.0
long_occlusion_gt8,adds_01,20200813-subject-02/20200813_154103,14,s0_l0,45,4500.0
long_occlusion_gt8,adds_01,20200813-subject-02/20200813_154103,14,s1_l1,45,4500.0
long_occlusion_gt8,adds_01,20200813-subject-02/20200813_154103,14,s1_l0,45,4500.0
long_occlusion_gt8,adds_01,20200813-subject-02/20200813_154103,14,fp,45,4500.0
long_occlusion_gt8,adds_01,20200813-subject-02/20200813_154408,15,residual,19,1800.0
long_occlusion_gt8,adds_01,20200813-subject-02/20200813_154408,15,s0_l1,19,1800.0
long_occlusion_gt8,adds_01,20200813-subject-02/20200813_154408,15,s0_l0,19,1900.0
long_occlusion_gt8,adds_01,20200813-subject-02/20200813_154408,15,s1_l1,19,1900.0
long_occlusion_gt8,adds_01,20200813-subject-02/20200813_154408,15,s1_l0,19,1800.0
long_occlusion_gt8,adds_01,20200813-subject-02/20200813_154408,15,fp,19,1000.0
long_occlusion_gt8,adds_01,20200813-subject-02/20200813_155021,17,residual,27,500.0
long_occlusion_gt8,adds_01,20200813-subject-02/20200813_155021,17,s0_l1,27,1200.0
long_occlusion_gt8,adds_01,20200813-subject-02/20200813_155021,17,s0_l0,27,1200.0
long_occlusion_gt8,adds_01,20200813-subject-02/20200813_155021,17,s1_l1,27,1400.0
long_occlusion_gt8,adds_01,20200813-subject-02/20200813_155021,17,s1_l0,27,1300.0
long_occlusion_gt8,adds_01,20200813-subject-02/20200813_155021,17,fp,27,1000.0
long_occlusion_gt8,adds_01,20200813-subject-02/20200813_155314,18,residual,147,12000.0
long_occlusion_gt8,adds_01,20200813-subject-02/20200813_155314,18,s0_l1,147,11500.0
long_occlusion_gt8,adds_01,20200813-subject-02/20200813_155314,18,s0_l0,147,11800.0
long_occlusion_gt8,adds_01,20200813-subject-02/20200813_155314,18,s1_l1,147,11300.0
long_occlusion_gt8,adds_01,20200813-subject-02/20200813_155314,18,s1_l0,147,11600.0
long_occlusion_gt8,adds_01,20200813-subject-02/20200813_155314,18,fp,147,3000.0
long_occlusion_gt8,adds_01,20200813-subject-02/20200813_155633,20,residual,19,1900.0
long_occlusion_gt8,adds_01,20200813-subject-02/20200813_155633,20,s0_l1,19,1900.0
long_occlusion_gt8,adds_01,20200813-subject-02/20200813_155633,20,s0_l0,19,1900.0
long_occlusion_gt8,adds_01,20200813-subject-02/20200813_155633,20,s1_l1,19,1900.0
long_occlusion_gt8,adds_01,20200813-subject-02/20200813_155633,20,s1_l0,19,1900.0
long_occlusion_gt8,adds_01,20200813-subject-02/20200813_155633,20,fp,19,1900.0
long_occlusion_gt8,adds_01,20200813-subject-02/20200813_155953,21,residual,62,6200.0
long_occlusion_gt8,adds_01,20200813-subject-02/20200813_155953,21,s0_l1,62,6200.0
long_occlusion_gt8,adds_01,20200813-subject-02/20200813_155953,21,s0_l0,62,6200.0
long_occlusion_gt8,adds_01,20200813-subject-02/20200813_155953,21,s1_l1,62,6200.0
long_occlusion_gt8,adds_01,20200813-subject-02/20200813_155953,21,s1_l0,62,6200.0
long_occlusion_gt8,adds_01,20200813-subject-02/20200813_155953,21,fp,62,1400.0
long_occlusion_gt8,rotation_deg,20200709-subject-01/20200709_142123,1,residual,110,7964.171137332916
long_occlusion_gt8,rotation_deg,20200709-subject-01/20200709_142123,1,s0_l1,110,7874.664083361626
long_occlusion_gt8,rotation_deg,20200709-subject-01/20200709_142123,1,s0_l0,110,7881.37798845768
long_occlusion_gt8,rotation_deg,20200709-subject-01/20200709_142123,1,s1_l1,110,8010.485650062561
long_occlusion_gt8,rotation_deg,20200709-subject-01/20200709_142123,1,s1_l0,110,8035.988409042358
long_occlusion_gt8,rotation_deg,20200709-subject-01/20200709_142123,1,fp,110,8053.198722362518
long_occlusion_gt8,rotation_deg,20200709-subject-01/20200709_142446,2,residual,49,4357.4142990112305
long_occlusion_gt8,rotation_deg,20200709-subject-01/20200709_142446,2,s0_l1,49,4357.287673950195
long_occlusion_gt8,rotation_deg,20200709-subject-01/20200709_142446,2,s0_l0,49,4357.841682434082
long_occlusion_gt8,rotation_deg,20200709-subject-01/20200709_142446,2,s1_l1,49,4351.274696350098
long_occlusion_gt8,rotation_deg,20200709-subject-01/20200709_142446,2,s1_l0,49,4353.196662902832
long_occlusion_gt8,rotation_deg,20200709-subject-01/20200709_142446,2,fp,49,4328.971038818359
long_occlusion_gt8,rotation_deg,20200709-subject-01/20200709_142802,3,residual,25,3182.8656997680664
long_occlusion_gt8,rotation_deg,20200709-subject-01/20200709_142802,3,s0_l1,25,3218.7085189819336
long_occlusion_gt8,rotation_deg,20200709-subject-01/20200709_142802,3,s0_l0,25,3271.468681335449
long_occlusion_gt8,rotation_deg,20200709-subject-01/20200709_142802,3,s1_l1,25,3278.959014892578
long_occlusion_gt8,rotation_deg,20200709-subject-01/20200709_142802,3,s1_l0,25,3267.5624237060547
long_occlusion_gt8,rotation_deg,20200709-subject-01/20200709_142802,3,fp,25,2710.4179763793945
long_occlusion_gt8,rotation_deg,20200709-subject-01/20200709_143125,4,residual,14,720.8025588989258
long_occlusion_gt8,rotation_deg,20200709-subject-01/20200709_143125,4,s0_l1,14,700.372615814209
long_occlusion_gt8,rotation_deg,20200709-subject-01/20200709_143125,4,s0_l0,14,692.5091819763184
long_occlusion_gt8,rotation_deg,20200709-subject-01/20200709_143125,4,s1_l1,14,684.3862075805664
long_occlusion_gt8,rotation_deg,20200709-subject-01/20200709_143125,4,s1_l0,14,675.2304496765137
long_occlusion_gt8,rotation_deg,20200709-subject-01/20200709_143125,4,fp,14,685.4149169921875
long_occlusion_gt8,rotation_deg,20200709-subject-01/20200709_143531,5,residual,88,1705.780956029892
long_occlusion_gt8,rotation_deg,20200709-subject-01/20200709_143531,5,s0_l1,88,3139.0394365787506
long_occlusion_gt8,rotation_deg,20200709-subject-01/20200709_143531,5,s0_l0,88,3666.627251625061
long_occlusion_gt8,rotation_deg,20200709-subject-01/20200709_143531,5,s1_l1,88,3146.739478111267
long_occlusion_gt8,rotation_deg,20200709-subject-01/20200709_143531,5,s1_l0,88,3156.9431743621826
long_occlusion_gt8,rotation_deg,20200709-subject-01/20200709_143531,5,fp,88,588.217099994421
long_occlusion_gt8,rotation_deg,20200709-subject-01/20200709_143907,6,residual,37,2219.6072311401367
long_occlusion_gt8,rotation_deg,20200709-subject-01/20200709_143907,6,s0_l1,37,2347.1485385894775
long_occlusion_gt8,rotation_deg,20200709-subject-01/20200709_143907,6,s0_l0,37,2339.8010597229004
long_occlusion_gt8,rotation_deg,20200709-subject-01/20200709_143907,6,s1_l1,37,2290.245527267456
long_occlusion_gt8,rotation_deg,20200709-subject-01/20200709_143907,6,s1_l0,37,2281.284803390503
long_occlusion_gt8,rotation_deg,20200709-subject-01/20200709_143907,6,fp,37,2315.865147590637
long_occlusion_gt8,rotation_deg,20200709-subject-01/20200709_144313,7,residual,35,196.96692895889282
long_occlusion_gt8,rotation_deg,20200709-subject-01/20200709_144313,7,s0_l1,35,197.9094910621643
long_occlusion_gt8,rotation_deg,20200709-subject-01/20200709_144313,7,s0_l0,35,195.24853110313416
long_occlusion_gt8,rotation_deg,20200709-subject-01/20200709_144313,7,s1_l1,35,195.21339797973633
long_occlusion_gt8,rotation_deg,20200709-subject-01/20200709_144313,7,s1_l0,35,194.42233061790466
long_occlusion_gt8,rotation_deg,20200709-subject-01/20200709_144313,7,fp,35,204.0248739719391
long_occlusion_gt8,rotation_deg,20200709-subject-01/20200709_144735,8,residual,100,2510.854245662689
long_occlusion_gt8,rotation_deg,20200709-subject-01/20200709_144735,8,s0_l1,100,1651.027484178543
long_occlusion_gt8,rotation_deg,20200709-subject-01/20200709_144735,8,s0_l0,100,1638.254808664322
long_occlusion_gt8,rotation_deg,20200709-subject-01/20200709_144735,8,s1_l1,100,1593.99194252491
long_occlusion_gt8,rotation_deg,20200709-subject-01/20200709_144735,8,s1_l0,100,1591.209062576294
long_occlusion_gt8,rotation_deg,20200709-subject-01/20200709_144735,8,fp,100,1041.5743483304977
long_occlusion_gt8,rotation_deg,20200709-subject-01/20200709_145132,9,residual,106,1020.3676431179047
long_occlusion_gt8,rotation_deg,20200709-subject-01/20200709_145132,9,s0_l1,106,1030.5423121452332
long_occlusion_gt8,rotation_deg,20200709-subject-01/20200709_145132,9,s0_l0,106,1017.9784696102142
long_occlusion_gt8,rotation_deg,20200709-subject-01/20200709_145132,9,s1_l1,106,1058.9739582538605
long_occlusion_gt8,rotation_deg,20200709-subject-01/20200709_145132,9,s1_l0,106,1040.2991569042206
long_occlusion_gt8,rotation_deg,20200709-subject-01/20200709_145132,9,fp,106,594.9159007966518
long_occlusion_gt8,rotation_deg,20200709-subject-01/20200709_145743,10,residual,10,156.3941879272461
long_occlusion_gt8,rotation_deg,20200709-subject-01/20200709_145743,10,s0_l1,10,165.61541080474854
long_occlusion_gt8,rotation_deg,20200709-subject-01/20200709_145743,10,s0_l0,10,161.5101089477539
long_occlusion_gt8,rotation_deg,20200709-subject-01/20200709_145743,10,s1_l1,10,178.4453010559082
long_occlusion_gt8,rotation_deg,20200709-subject-01/20200709_145743,10,s1_l0,10,171.44469451904297
long_occlusion_gt8,rotation_deg,20200709-subject-01/20200709_145743,10,fp,10,454.5114326477051
long_occlusion_gt8,rotation_deg,20200709-subject-01/20200709_150524,12,residual,22,224.41979837417603
long_occlusion_gt8,rotation_deg,20200709-subject-01/20200709_150524,12,s0_l1,22,227.65822792053223
long_occlusion_gt8,rotation_deg,20200709-subject-01/20200709_150524,12,s0_l0,22,218.6374955177307
long_occlusion_gt8,rotation_deg,20200709-subject-01/20200709_150524,12,s1_l1,22,211.59489917755127
long_occlusion_gt8,rotation_deg,20200709-subject-01/20200709_150524,12,s1_l0,22,207.99833250045776
long_occlusion_gt8,rotation_deg,20200709-subject-01/20200709_150524,12,fp,22,175.23967933654785
long_occlusion_gt8,rotation_deg,20200709-subject-01/20200709_151632,15,residual,35,392.38377952575684
long_occlusion_gt8,rotation_deg,20200709-subject-01/20200709_151632,15,s0_l1,35,414.52228832244873
long_occlusion_gt8,rotation_deg,20200709-subject-01/20200709_151632,15,s0_l0,35,408.6728343963623
long_occlusion_gt8,rotation_deg,20200709-subject-01/20200709_151632,15,s1_l1,35,444.96027755737305
long_occlusion_gt8,rotation_deg,20200709-subject-01/20200709_151632,15,s1_l0,35,438.7096939086914
long_occlusion_gt8,rotation_deg,20200709-subject-01/20200709_151632,15,fp,35,118.8359203338623
long_occlusion_gt8,rotation_deg,20200709-subject-01/20200709_151948,16,residual,32,5710.157745361328
long_occlusion_gt8,rotation_deg,20200709-subject-01/20200709_151948,16,s0_l1,32,5712.10676574707
long_occlusion_gt8,rotation_deg,20200709-subject-01/20200709_151948,16,s0_l0,32,5709.623153686523
long_occlusion_gt8,rotation_deg,20200709-subject-01/20200709_151948,16,s1_l1,32,5714.239303588867
long_occlusion_gt8,rotation_deg,20200709-subject-01/20200709_151948,16,s1_l0,32,5713.719970703125
long_occlusion_gt8,rotation_deg,20200709-subject-01/20200709_151948,16,fp,32,5709.060745239258
long_occlusion_gt8,rotation_deg,20200709-subject-01/20200709_152420,17,residual,71,6572.780495643616
long_occlusion_gt8,rotation_deg,20200709-subject-01/20200709_152420,17,s0_l1,71,6606.921568870544
long_occlusion_gt8,rotation_deg,20200709-subject-01/20200709_152420,17,s0_l0,71,6621.926811218262
long_occlusion_gt8,rotation_deg,20200709-subject-01/20200709_152420,17,s1_l1,71,6648.455696105957
long_occlusion_gt8,rotation_deg,20200709-subject-01/20200709_152420,17,s1_l0,71,6638.433838844299
long_occlusion_gt8,rotation_deg,20200709-subject-01/20200709_152420,17,fp,71,6054.921740055084
long_occlusion_gt8,rotation_deg,20200709-subject-01/20200709_152757,18,residual,65,2401.522798538208
long_occlusion_gt8,rotation_deg,20200709-subject-01/20200709_152757,18,s0_l1,65,3106.5247192382812
long_occlusion_gt8,rotation_deg,20200709-subject-01/20200709_152757,18,s0_l0,65,2976.806324005127
long_occlusion_gt8,rotation_deg,20200709-subject-01/20200709_152757,18,s1_l1,65,2980.1521644592285
long_occlusion_gt8,rotation_deg,20200709-subject-01/20200709_152757,18,s1_l0,65,2984.8737754821777
long_occlusion_gt8,rotation_deg,20200709-subject-01/20200709_152757,18,fp,65,2961.4403080940247
long_occlusion_gt8,rotation_deg,20200709-subject-01/20200709_153148,20,residual,50,459.5007736682892
long_occlusion_gt8,rotation_deg,20200709-subject-01/20200709_153148,20,s0_l1,50,423.05347323417664
long_occlusion_gt8,rotation_deg,20200709-subject-01/20200709_153148,20,s0_l0,50,428.2110879421234
long_occlusion_gt8,rotation_deg,20200709-subject-01/20200709_153148,20,s1_l1,50,418.8028254508972
long_occlusion_gt8,rotation_deg,20200709-subject-01/20200709_153148,20,s1_l0,50,425.81580424308777
long_occlusion_gt8,rotation_deg,20200709-subject-01/20200709_153148,20,fp,50,253.82747983932495
long_occlusion_gt8,rotation_deg,20200709-subject-01/20200709_153548,21,residual,67,2595.6363384723663
long_occlusion_gt8,rotation_deg,20200709-subject-01/20200709_153548,21,s0_l1,67,3382.9000902175903
long_occlusion_gt8,rotation_deg,20200709-subject-01/20200709_153548,21,s0_l0,67,3388.791694164276
long_occlusion_gt8,rotation_deg,20200709-subject-01/20200709_153548,21,s1_l1,67,3369.0498552322388
long_occlusion_gt8,rotation_deg,20200709-subject-01/20200709_153548,21,s1_l0,67,3405.693712234497
long_occlusion_gt8,rotation_deg,20200709-subject-01/20200709_153548,21,fp,67,4018.937802672386
long_occlusion_gt8,rotation_deg,20200813-subject-02/20200813_150535,4,residual,12,176.008150100708
long_occlusion_gt8,rotation_deg,20200813-subject-02/20200813_150535,4,s0_l1,12,178.2896842956543
long_occlusion_gt8,rotation_deg,20200813-subject-02/20200813_150535,4,s0_l0,12,181.59706687927246
long_occlusion_gt8,rotation_deg,20200813-subject-02/20200813_150535,4,s1_l1,12,180.15213012695312
long_occlusion_gt8,rotation_deg,20200813-subject-02/20200813_150535,4,s1_l0,12,184.5223159790039
long_occlusion_gt8,rotation_deg,20200813-subject-02/20200813_150535,4,fp,12,57.63631081581116
long_occlusion_gt8,rotation_deg,20200813-subject-02/20200813_150823,5,residual,19,168.13328397274017
long_occlusion_gt8,rotation_deg,20200813-subject-02/20200813_150823,5,s0_l1,19,99.08019554615021
long_occlusion_gt8,rotation_deg,20200813-subject-02/20200813_150823,5,s0_l0,19,104.92778694629669
long_occlusion_gt8,rotation_deg,20200813-subject-02/20200813_150823,5,s1_l1,19,100.55418825149536
long_occlusion_gt8,rotation_deg,20200813-subject-02/20200813_150823,5,s1_l0,19,104.9868233203888
long_occlusion_gt8,rotation_deg,20200813-subject-02/20200813_150823,5,fp,19,77.3043487071991
long_occlusion_gt8,rotation_deg,20200813-subject-02/20200813_151117,6,residual,33,966.9913063049316
long_occlusion_gt8,rotation_deg,20200813-subject-02/20200813_151117,6,s0_l1,33,875.8513317108154
long_occlusion_gt8,rotation_deg,20200813-subject-02/20200813_151117,6,s0_l0,33,876.0680179595947
long_occlusion_gt8,rotation_deg,20200813-subject-02/20200813_151117,6,s1_l1,33,891.3574752807617
long_occlusion_gt8,rotation_deg,20200813-subject-02/20200813_151117,6,s1_l0,33,894.6231527328491
long_occlusion_gt8,rotation_deg,20200813-subject-02/20200813_151117,6,fp,33,1509.2491524219513
long_occlusion_gt8,rotation_deg,20200813-subject-02/20200813_151925,7,residual,47,664.0348787307739
long_occlusion_gt8,rotation_deg,20200813-subject-02/20200813_151925,7,s0_l1,47,664.4036173820496
long_occlusion_gt8,rotation_deg,20200813-subject-02/20200813_151925,7,s0_l0,47,682.3992550373077
long_occlusion_gt8,rotation_deg,20200813-subject-02/20200813_151925,7,s1_l1,47,658.4557154178619
long_occlusion_gt8,rotation_deg,20200813-subject-02/20200813_151925,7,s1_l0,47,670.1620218753815
long_occlusion_gt8,rotation_deg,20200813-subject-02/20200813_151925,7,fp,47,303.5657353401184
long_occlusion_gt8,rotation_deg,20200813-subject-02/20200813_152215,8,residual,19,114.52927851676941
long_occlusion_gt8,rotation_deg,20200813-subject-02/20200813_152215,8,s0_l1,19,104.75653958320618
long_occlusion_gt8,rotation_deg,20200813-subject-02/20200813_152215,8,s0_l0,19,105.23034501075745
long_occlusion_gt8,rotation_deg,20200813-subject-02/20200813_152215,8,s1_l1,19,103.5576159954071
long_occlusion_gt8,rotation_deg,20200813-subject-02/20200813_152215,8,s1_l0,19,105.29066300392151
long_occlusion_gt8,rotation_deg,20200813-subject-02/20200813_152215,8,fp,19,133.93811517953873
long_occlusion_gt8,rotation_deg,20200813-subject-02/20200813_152513,9,residual,114,1142.8710062503815
long_occlusion_gt8,rotation_deg,20200813-subject-02/20200813_152513,9,s0_l1,114,1057.0973757505417
long_occlusion_gt8,rotation_deg,20200813-subject-02/20200813_152513,9,s0_l0,114,1071.152640581131
long_occlusion_gt8,rotation_deg,20200813-subject-02/20200813_152513,9,s1_l1,114,1085.7751070261002
long_occlusion_gt8,rotation_deg,20200813-subject-02/20200813_152513,9,s1_l0,114,1088.5356668233871
long_occlusion_gt8,rotation_deg,20200813-subject-02/20200813_152513,9,fp,114,5721.440415382385
long_occlusion_gt8,rotation_deg,20200813-subject-02/20200813_152842,10,residual,52,772.5102237462997
long_occlusion_gt8,rotation_deg,20200813-subject-02/20200813_152842,10,s0_l1,52,892.2711279392242
long_occlusion_gt8,rotation_deg,20200813-subject-02/20200813_152842,10,s0_l0,52,856.6068141460419
long_occlusion_gt8,rotation_deg,20200813-subject-02/20200813_152842,10,s1_l1,52,868.016015291214
long_occlusion_gt8,rotation_deg,20200813-subject-02/20200813_152842,10,s1_l0,52,852.1257548332214
long_occlusion_gt8,rotation_deg,20200813-subject-02/20200813_152842,10,fp,52,504.82550424337387
long_occlusion_gt8,rotation_deg,20200813-subject-02/20200813_153453,12,residual,109,3181.62472820282
long_occlusion_gt8,rotation_deg,20200813-subject-02/20200813_153453,12,s0_l1,109,2833.699046730995
long_occlusion_gt8,rotation_deg,20200813-subject-02/20200813_153453,12,s0_l0,109,2866.580102980137
long_occlusion_gt8,rotation_deg,20200813-subject-02/20200813_153453,12,s1_l1,109,2744.048935830593
long_occlusion_gt8,rotation_deg,20200813-subject-02/20200813_153453,12,s1_l0,109,2801.564065515995
long_occlusion_gt8,rotation_deg,20200813-subject-02/20200813_153453,12,fp,109,1160.6181610822678
long_occlusion_gt8,rotation_deg,20200813-subject-02/20200813_153802,13,residual,37,3863.6019439697266
long_occlusion_gt8,rotation_deg,20200813-subject-02/20200813_153802,13,s0_l1,37,4905.252548217773
long_occlusion_gt8,rotation_deg,20200813-subject-02/20200813_153802,13,s0_l0,37,4989.069061279297
long_occlusion_gt8,rotation_deg,20200813-subject-02/20200813_153802,13,s1_l1,37,4888.332260131836
long_occlusion_gt8,rotation_deg,20200813-subject-02/20200813_153802,13,s1_l0,37,4891.390777587891
long_occlusion_gt8,rotation_deg,20200813-subject-02/20200813_153802,13,fp,37,5131.99006652832
long_occlusion_gt8,rotation_deg,20200813-subject-02/20200813_154103,14,residual,45,2641.065866470337
long_occlusion_gt8,rotation_deg,20200813-subject-02/20200813_154103,14,s0_l1,45,2526.2814502716064
long_occlusion_gt8,rotation_deg,20200813-subject-02/20200813_154103,14,s0_l0,45,2515.016240119934
long_occlusion_gt8,rotation_deg,20200813-subject-02/20200813_154103,14,s1_l1,45,2485.358745574951
long_occlusion_gt8,rotation_deg,20200813-subject-02/20200813_154103,14,s1_l0,45,2473.505563735962
long_occlusion_gt8,rotation_deg,20200813-subject-02/20200813_154103,14,fp,45,1381.8914546966553
long_occlusion_gt8,rotation_deg,20200813-subject-02/20200813_154408,15,residual,19,389.4598708152771
long_occlusion_gt8,rotation_deg,20200813-subject-02/20200813_154408,15,s0_l1,19,342.50380277633667
long_occlusion_gt8,rotation_deg,20200813-subject-02/20200813_154408,15,s0_l0,19,340.50025391578674
long_occlusion_gt8,rotation_deg,20200813-subject-02/20200813_154408,15,s1_l1,19,348.95895528793335
long_occlusion_gt8,rotation_deg,20200813-subject-02/20200813_154408,15,s1_l0,19,349.4647879600525
long_occlusion_gt8,rotation_deg,20200813-subject-02/20200813_154408,15,fp,19,200.78104853630066
long_occlusion_gt8,rotation_deg,20200813-subject-02/20200813_155021,17,residual,27,3788.382179260254
long_occlusion_gt8,rotation_deg,20200813-subject-02/20200813_155021,17,s0_l1,27,3991.866081237793
long_occlusion_gt8,rotation_deg,20200813-subject-02/20200813_155021,17,s0_l0,27,3983.9911193847656
long_occlusion_gt8,rotation_deg,20200813-subject-02/20200813_155021,17,s1_l1,27,4015.7302322387695
long_occlusion_gt8,rotation_deg,20200813-subject-02/20200813_155021,17,s1_l0,27,4081.3528594970703
long_occlusion_gt8,rotation_deg,20200813-subject-02/20200813_155021,17,fp,27,1371.4318180084229
long_occlusion_gt8,rotation_deg,20200813-subject-02/20200813_155314,18,residual,147,10108.138622283936
long_occlusion_gt8,rotation_deg,20200813-subject-02/20200813_155314,18,s0_l1,147,8183.285174369812
long_occlusion_gt8,rotation_deg,20200813-subject-02/20200813_155314,18,s0_l0,147,7823.17014503479
long_occlusion_gt8,rotation_deg,20200813-subject-02/20200813_155314,18,s1_l1,147,8018.095407247543
long_occlusion_gt8,rotation_deg,20200813-subject-02/20200813_155314,18,s1_l0,147,8363.208673477173
long_occlusion_gt8,rotation_deg,20200813-subject-02/20200813_155314,18,fp,147,11805.913345813751
long_occlusion_gt8,rotation_deg,20200813-subject-02/20200813_155633,20,residual,19,3362.8250579833984
long_occlusion_gt8,rotation_deg,20200813-subject-02/20200813_155633,20,s0_l1,19,3366.8818969726562
long_occlusion_gt8,rotation_deg,20200813-subject-02/20200813_155633,20,s0_l0,19,3366.0336151123047
long_occlusion_gt8,rotation_deg,20200813-subject-02/20200813_155633,20,s1_l1,19,3361.201156616211
long_occlusion_gt8,rotation_deg,20200813-subject-02/20200813_155633,20,s1_l0,19,3360.8117065429688
long_occlusion_gt8,rotation_deg,20200813-subject-02/20200813_155633,20,fp,19,3349.7452392578125
long_occlusion_gt8,rotation_deg,20200813-subject-02/20200813_155953,21,residual,62,8350.7015914917
long_occlusion_gt8,rotation_deg,20200813-subject-02/20200813_155953,21,s0_l1,62,8345.221603393555
long_occlusion_gt8,rotation_deg,20200813-subject-02/20200813_155953,21,s0_l0,62,8355.455200195312
long_occlusion_gt8,rotation_deg,20200813-subject-02/20200813_155953,21,s1_l1,62,8348.375732421875
long_occlusion_gt8,rotation_deg,20200813-subject-02/20200813_155953,21,s1_l0,62,8340.583473205566
long_occlusion_gt8,rotation_deg,20200813-subject-02/20200813_155953,21,fp,62,7707.037673950195
long_occlusion_gt8,center_mm,20200709-subject-01/20200709_142123,1,residual,110,774.8996155261993
long_occlusion_gt8,center_mm,20200709-subject-01/20200709_142123,1,s0_l1,110,712.2504315376282
long_occlusion_gt8,center_mm,20200709-subject-01/20200709_142123,1,s0_l0,110,710.6606278419495
long_occlusion_gt8,center_mm,20200709-subject-01/20200709_142123,1,s1_l1,110,697.7605419158936
long_occlusion_gt8,center_mm,20200709-subject-01/20200709_142123,1,s1_l0,110,697.5654654502869
long_occlusion_gt8,center_mm,20200709-subject-01/20200709_142123,1,fp,110,528.7354789972305
long_occlusion_gt8,center_mm,20200709-subject-01/20200709_142446,2,residual,49,1310.3645725250244
long_occlusion_gt8,center_mm,20200709-subject-01/20200709_142446,2,s0_l1,49,1482.7353892326355
long_occlusion_gt8,center_mm,20200709-subject-01/20200709_142446,2,s0_l0,49,1519.0559005737305
long_occlusion_gt8,center_mm,20200709-subject-01/20200709_142446,2,s1_l1,49,1505.1216316223145
long_occlusion_gt8,center_mm,20200709-subject-01/20200709_142446,2,s1_l0,49,1523.2552242279053
long_occlusion_gt8,center_mm,20200709-subject-01/20200709_142446,2,fp,49,1659.1368389129639
long_occlusion_gt8,center_mm,20200709-subject-01/20200709_142802,3,residual,25,563.7488203048706
long_occlusion_gt8,center_mm,20200709-subject-01/20200709_142802,3,s0_l1,25,557.1196212768555
long_occlusion_gt8,center_mm,20200709-subject-01/20200709_142802,3,s0_l0,25,539.4395475387573
long_occlusion_gt8,center_mm,20200709-subject-01/20200709_142802,3,s1_l1,25,529.8199672698975
long_occlusion_gt8,center_mm,20200709-subject-01/20200709_142802,3,s1_l0,25,535.6071615219116
long_occlusion_gt8,center_mm,20200709-subject-01/20200709_142802,3,fp,25,2128.4099769592285
long_occlusion_gt8,center_mm,20200709-subject-01/20200709_143125,4,residual,14,98.7705910205841
long_occlusion_gt8,center_mm,20200709-subject-01/20200709_143125,4,s0_l1,14,88.70332264900208
long_occlusion_gt8,center_mm,20200709-subject-01/20200709_143125,4,s0_l0,14,89.92346370220184
long_occlusion_gt8,center_mm,20200709-subject-01/20200709_143125,4,s1_l1,14,87.38772124052048
long_occlusion_gt8,center_mm,20200709-subject-01/20200709_143125,4,s1_l0,14,86.9960526227951
long_occlusion_gt8,center_mm,20200709-subject-01/20200709_143125,4,fp,14,60.35240399837494
long_occlusion_gt8,center_mm,20200709-subject-01/20200709_143531,5,residual,88,1694.9892390966415
long_occlusion_gt8,center_mm,20200709-subject-01/20200709_143531,5,s0_l1,88,1906.5000143051147
long_occlusion_gt8,center_mm,20200709-subject-01/20200709_143531,5,s0_l0,88,1719.0510866641998
long_occlusion_gt8,center_mm,20200709-subject-01/20200709_143531,5,s1_l1,88,1804.7640917301178
long_occlusion_gt8,center_mm,20200709-subject-01/20200709_143531,5,s1_l0,88,1880.557298898697
long_occlusion_gt8,center_mm,20200709-subject-01/20200709_143531,5,fp,88,588.8112468719482
long_occlusion_gt8,center_mm,20200709-subject-01/20200709_143907,6,residual,37,528.1228251457214
long_occlusion_gt8,center_mm,20200709-subject-01/20200709_143907,6,s0_l1,37,528.2740970849991
long_occlusion_gt8,center_mm,20200709-subject-01/20200709_143907,6,s0_l0,37,533.4797729253769
long_occlusion_gt8,center_mm,20200709-subject-01/20200709_143907,6,s1_l1,37,456.5842190980911
long_occlusion_gt8,center_mm,20200709-subject-01/20200709_143907,6,s1_l0,37,460.2718586921692
long_occlusion_gt8,center_mm,20200709-subject-01/20200709_143907,6,fp,37,244.74985003471375
long_occlusion_gt8,center_mm,20200709-subject-01/20200709_144313,7,residual,35,251.00404381752014
long_occlusion_gt8,center_mm,20200709-subject-01/20200709_144313,7,s0_l1,35,233.7078639268875
long_occlusion_gt8,center_mm,20200709-subject-01/20200709_144313,7,s0_l0,35,235.19149243831635
long_occlusion_gt8,center_mm,20200709-subject-01/20200709_144313,7,s1_l1,35,234.31132102012634
long_occlusion_gt8,center_mm,20200709-subject-01/20200709_144313,7,s1_l0,35,231.10523176193237
long_occlusion_gt8,center_mm,20200709-subject-01/20200709_144313,7,fp,35,558.1720819473267
long_occlusion_gt8,center_mm,20200709-subject-01/20200709_144735,8,residual,100,1646.932053565979
long_occlusion_gt8,center_mm,20200709-subject-01/20200709_144735,8,s0_l1,100,1018.780860543251
long_occlusion_gt8,center_mm,20200709-subject-01/20200709_144735,8,s0_l0,100,1013.0290870070457
long_occlusion_gt8,center_mm,20200709-subject-01/20200709_144735,8,s1_l1,100,1012.544082224369
long_occlusion_gt8,center_mm,20200709-subject-01/20200709_144735,8,s1_l0,100,1010.7481263875961
long_occlusion_gt8,center_mm,20200709-subject-01/20200709_144735,8,fp,100,1072.2602812051773
long_occlusion_gt8,center_mm,20200709-subject-01/20200709_145132,9,residual,106,698.7874336838722
long_occlusion_gt8,center_mm,20200709-subject-01/20200709_145132,9,s0_l1,106,661.622340619564
long_occlusion_gt8,center_mm,20200709-subject-01/20200709_145132,9,s0_l0,106,667.5001357793808
long_occlusion_gt8,center_mm,20200709-subject-01/20200709_145132,9,s1_l1,106,649.0565569400787
long_occlusion_gt8,center_mm,20200709-subject-01/20200709_145132,9,s1_l0,106,650.6279963254929
long_occlusion_gt8,center_mm,20200709-subject-01/20200709_145132,9,fp,106,520.594044983387
long_occlusion_gt8,center_mm,20200709-subject-01/20200709_145743,10,residual,10,112.21225643157959
long_occlusion_gt8,center_mm,20200709-subject-01/20200709_145743,10,s0_l1,10,110.20055294036865
long_occlusion_gt8,center_mm,20200709-subject-01/20200709_145743,10,s0_l0,10,109.29576110839844
long_occlusion_gt8,center_mm,20200709-subject-01/20200709_145743,10,s1_l1,10,110.94362831115723
long_occlusion_gt8,center_mm,20200709-subject-01/20200709_145743,10,s1_l0,10,106.85687065124512
long_occlusion_gt8,center_mm,20200709-subject-01/20200709_145743,10,fp,10,506.82290267944336
long_occlusion_gt8,center_mm,20200709-subject-01/20200709_150524,12,residual,22,139.3550717830658
long_occlusion_gt8,center_mm,20200709-subject-01/20200709_150524,12,s0_l1,22,129.04305243492126
long_occlusion_gt8,center_mm,20200709-subject-01/20200709_150524,12,s0_l0,22,129.57038921117783
long_occlusion_gt8,center_mm,20200709-subject-01/20200709_150524,12,s1_l1,22,128.71495413780212
long_occlusion_gt8,center_mm,20200709-subject-01/20200709_150524,12,s1_l0,22,126.79121345281601
long_occlusion_gt8,center_mm,20200709-subject-01/20200709_150524,12,fp,22,344.8083486557007
long_occlusion_gt8,center_mm,20200709-subject-01/20200709_151632,15,residual,35,441.24522590637207
long_occlusion_gt8,center_mm,20200709-subject-01/20200709_151632,15,s0_l1,35,404.1452536582947
long_occlusion_gt8,center_mm,20200709-subject-01/20200709_151632,15,s0_l0,35,400.37533831596375
long_occlusion_gt8,center_mm,20200709-subject-01/20200709_151632,15,s1_l1,35,449.98941469192505
long_occlusion_gt8,center_mm,20200709-subject-01/20200709_151632,15,s1_l0,35,447.7757490873337
long_occlusion_gt8,center_mm,20200709-subject-01/20200709_151632,15,fp,35,269.05110454559326
long_occlusion_gt8,center_mm,20200709-subject-01/20200709_151948,16,residual,32,254.43428754806519
long_occlusion_gt8,center_mm,20200709-subject-01/20200709_151948,16,s0_l1,32,251.42570424079895
long_occlusion_gt8,center_mm,20200709-subject-01/20200709_151948,16,s0_l0,32,250.99473190307617
long_occlusion_gt8,center_mm,20200709-subject-01/20200709_151948,16,s1_l1,32,260.3237762451172
long_occlusion_gt8,center_mm,20200709-subject-01/20200709_151948,16,s1_l0,32,261.1735291481018
long_occlusion_gt8,center_mm,20200709-subject-01/20200709_151948,16,fp,32,1048.3709678649902
long_occlusion_gt8,center_mm,20200709-subject-01/20200709_152420,17,residual,71,3348.586664199829
long_occlusion_gt8,center_mm,20200709-subject-01/20200709_152420,17,s0_l1,71,3208.3466987609863
long_occlusion_gt8,center_mm,20200709-subject-01/20200709_152420,17,s0_l0,71,3225.402316570282
long_occlusion_gt8,center_mm,20200709-subject-01/20200709_152420,17,s1_l1,71,3336.955533027649
long_occlusion_gt8,center_mm,20200709-subject-01/20200709_152420,17,s1_l0,71,3339.6026706695557
long_occlusion_gt8,center_mm,20200709-subject-01/20200709_152420,17,fp,71,1628.9080135822296
long_occlusion_gt8,center_mm,20200709-subject-01/20200709_152757,18,residual,65,613.3616737127304
long_occlusion_gt8,center_mm,20200709-subject-01/20200709_152757,18,s0_l1,65,528.2393842935562
long_occlusion_gt8,center_mm,20200709-subject-01/20200709_152757,18,s0_l0,65,527.763362288475
long_occlusion_gt8,center_mm,20200709-subject-01/20200709_152757,18,s1_l1,65,517.0977447032928
long_occlusion_gt8,center_mm,20200709-subject-01/20200709_152757,18,s1_l0,65,514.0632660388947
long_occlusion_gt8,center_mm,20200709-subject-01/20200709_152757,18,fp,65,455.63920855522156
long_occlusion_gt8,center_mm,20200709-subject-01/20200709_153148,20,residual,50,610.0531911849976
long_occlusion_gt8,center_mm,20200709-subject-01/20200709_153148,20,s0_l1,50,569.9962043762207
long_occlusion_gt8,center_mm,20200709-subject-01/20200709_153148,20,s0_l0,50,557.136999130249
long_occlusion_gt8,center_mm,20200709-subject-01/20200709_153148,20,s1_l1,50,580.3971753120422
long_occlusion_gt8,center_mm,20200709-subject-01/20200709_153148,20,s1_l0,50,582.8711323738098
long_occlusion_gt8,center_mm,20200709-subject-01/20200709_153148,20,fp,50,662.0621328353882
long_occlusion_gt8,center_mm,20200709-subject-01/20200709_153548,21,residual,67,523.2910504341125
long_occlusion_gt8,center_mm,20200709-subject-01/20200709_153548,21,s0_l1,67,473.4124665260315
long_occlusion_gt8,center_mm,20200709-subject-01/20200709_153548,21,s0_l0,67,489.4557783603668
long_occlusion_gt8,center_mm,20200709-subject-01/20200709_153548,21,s1_l1,67,482.7167153954506
long_occlusion_gt8,center_mm,20200709-subject-01/20200709_153548,21,s1_l0,67,480.48566764593124
long_occlusion_gt8,center_mm,20200709-subject-01/20200709_153548,21,fp,67,5371.146159648895
long_occlusion_gt8,center_mm,20200813-subject-02/20200813_150535,4,residual,12,42.831716656684875
long_occlusion_gt8,center_mm,20200813-subject-02/20200813_150535,4,s0_l1,12,30.20342516899109
long_occlusion_gt8,center_mm,20200813-subject-02/20200813_150535,4,s0_l0,12,30.415894389152527
long_occlusion_gt8,center_mm,20200813-subject-02/20200813_150535,4,s1_l1,12,30.283527374267578
long_occlusion_gt8,center_mm,20200813-subject-02/20200813_150535,4,s1_l0,12,30.49890959262848
long_occlusion_gt8,center_mm,20200813-subject-02/20200813_150535,4,fp,12,71.15609169006348
long_occlusion_gt8,center_mm,20200813-subject-02/20200813_150823,5,residual,19,93.90314078330994
long_occlusion_gt8,center_mm,20200813-subject-02/20200813_150823,5,s0_l1,19,74.38781273365021
long_occlusion_gt8,center_mm,20200813-subject-02/20200813_150823,5,s0_l0,19,76.20312404632568
long_occlusion_gt8,center_mm,20200813-subject-02/20200813_150823,5,s1_l1,19,83.98675537109375
long_occlusion_gt8,center_mm,20200813-subject-02/20200813_150823,5,s1_l0,19,84.30468153953552
long_occlusion_gt8,center_mm,20200813-subject-02/20200813_150823,5,fp,19,110.5231728553772
long_occlusion_gt8,center_mm,20200813-subject-02/20200813_151117,6,residual,33,185.06299471855164
long_occlusion_gt8,center_mm,20200813-subject-02/20200813_151117,6,s0_l1,33,182.75668692588806
long_occlusion_gt8,center_mm,20200813-subject-02/20200813_151117,6,s0_l0,33,183.85734057426453
long_occlusion_gt8,center_mm,20200813-subject-02/20200813_151117,6,s1_l1,33,189.06596565246582
long_occlusion_gt8,center_mm,20200813-subject-02/20200813_151117,6,s1_l0,33,185.83910870552063
long_occlusion_gt8,center_mm,20200813-subject-02/20200813_151117,6,fp,33,1016.0945432186127
long_occlusion_gt8,center_mm,20200813-subject-02/20200813_151925,7,residual,47,328.71698582172394
long_occlusion_gt8,center_mm,20200813-subject-02/20200813_151925,7,s0_l1,47,295.89961194992065
long_occlusion_gt8,center_mm,20200813-subject-02/20200813_151925,7,s0_l0,47,300.48253107070923
long_occlusion_gt8,center_mm,20200813-subject-02/20200813_151925,7,s1_l1,47,297.32121896743774
long_occlusion_gt8,center_mm,20200813-subject-02/20200813_151925,7,s1_l0,47,301.9035964012146
long_occlusion_gt8,center_mm,20200813-subject-02/20200813_151925,7,fp,47,548.839714050293
long_occlusion_gt8,center_mm,20200813-subject-02/20200813_152215,8,residual,19,145.8055192232132
long_occlusion_gt8,center_mm,20200813-subject-02/20200813_152215,8,s0_l1,19,139.95585769414902
long_occlusion_gt8,center_mm,20200813-subject-02/20200813_152215,8,s0_l0,19,140.77271384000778
long_occlusion_gt8,center_mm,20200813-subject-02/20200813_152215,8,s1_l1,19,143.3696404695511
long_occlusion_gt8,center_mm,20200813-subject-02/20200813_152215,8,s1_l0,19,149.2121405005455
long_occlusion_gt8,center_mm,20200813-subject-02/20200813_152215,8,fp,19,655.1797606945038
long_occlusion_gt8,center_mm,20200813-subject-02/20200813_152513,9,residual,114,1513.0672754049301
long_occlusion_gt8,center_mm,20200813-subject-02/20200813_152513,9,s0_l1,114,1678.7764785289764
long_occlusion_gt8,center_mm,20200813-subject-02/20200813_152513,9,s0_l0,114,1656.9532856941223
long_occlusion_gt8,center_mm,20200813-subject-02/20200813_152513,9,s1_l1,114,1662.0694831609726
long_occlusion_gt8,center_mm,20200813-subject-02/20200813_152513,9,s1_l0,114,1647.9797347784042
long_occlusion_gt8,center_mm,20200813-subject-02/20200813_152513,9,fp,114,21301.108997821808
long_occlusion_gt8,center_mm,20200813-subject-02/20200813_152842,10,residual,52,795.1661360263824
long_occlusion_gt8,center_mm,20200813-subject-02/20200813_152842,10,s0_l1,52,796.0968434810638
long_occlusion_gt8,center_mm,20200813-subject-02/20200813_152842,10,s0_l0,52,807.3690848350525
long_occlusion_gt8,center_mm,20200813-subject-02/20200813_152842,10,s1_l1,52,796.905567407608
long_occlusion_gt8,center_mm,20200813-subject-02/20200813_152842,10,s1_l0,52,805.6919980049133
long_occlusion_gt8,center_mm,20200813-subject-02/20200813_152842,10,fp,52,911.9802441596985
long_occlusion_gt8,center_mm,20200813-subject-02/20200813_153453,12,residual,109,2650.043253183365
long_occlusion_gt8,center_mm,20200813-subject-02/20200813_153453,12,s0_l1,109,1956.2131167650223
long_occlusion_gt8,center_mm,20200813-subject-02/20200813_153453,12,s0_l0,109,2000.5529812574387
long_occlusion_gt8,center_mm,20200813-subject-02/20200813_153453,12,s1_l1,109,2023.972630560398
long_occlusion_gt8,center_mm,20200813-subject-02/20200813_153453,12,s1_l0,109,2014.213456273079
long_occlusion_gt8,center_mm,20200813-subject-02/20200813_153453,12,fp,109,2089.420173883438
long_occlusion_gt8,center_mm,20200813-subject-02/20200813_153802,13,residual,37,4509.395935058594
long_occlusion_gt8,center_mm,20200813-subject-02/20200813_153802,13,s0_l1,37,4481.157562255859
long_occlusion_gt8,center_mm,20200813-subject-02/20200813_153802,13,s0_l0,37,4572.352882385254
long_occlusion_gt8,center_mm,20200813-subject-02/20200813_153802,13,s1_l1,37,4422.798431396484
long_occlusion_gt8,center_mm,20200813-subject-02/20200813_153802,13,s1_l0,37,4484.24397277832
long_occlusion_gt8,center_mm,20200813-subject-02/20200813_153802,13,fp,37,1909.4418354034424
long_occlusion_gt8,center_mm,20200813-subject-02/20200813_154103,14,residual,45,602.5977077484131
long_occlusion_gt8,center_mm,20200813-subject-02/20200813_154103,14,s0_l1,45,568.3225240707397
long_occlusion_gt8,center_mm,20200813-subject-02/20200813_154103,14,s0_l0,45,565.4994697570801
long_occlusion_gt8,center_mm,20200813-subject-02/20200813_154103,14,s1_l1,45,570.572546005249
long_occlusion_gt8,center_mm,20200813-subject-02/20200813_154103,14,s1_l0,45,570.0160217285156
long_occlusion_gt8,center_mm,20200813-subject-02/20200813_154103,14,fp,45,529.9211583137512
long_occlusion_gt8,center_mm,20200813-subject-02/20200813_154408,15,residual,19,631.8891201019287
long_occlusion_gt8,center_mm,20200813-subject-02/20200813_154408,15,s0_l1,19,599.1778526306152
long_occlusion_gt8,center_mm,20200813-subject-02/20200813_154408,15,s0_l0,19,593.7334728240967
long_occlusion_gt8,center_mm,20200813-subject-02/20200813_154408,15,s1_l1,19,605.6226062774658
long_occlusion_gt8,center_mm,20200813-subject-02/20200813_154408,15,s1_l0,19,602.2819938659668
long_occlusion_gt8,center_mm,20200813-subject-02/20200813_154408,15,fp,19,775.9318647384644
long_occlusion_gt8,center_mm,20200813-subject-02/20200813_155021,17,residual,27,1503.0144805908203
long_occlusion_gt8,center_mm,20200813-subject-02/20200813_155021,17,s0_l1,27,1908.762927055359
long_occlusion_gt8,center_mm,20200813-subject-02/20200813_155021,17,s0_l0,27,1890.2783269882202
long_occlusion_gt8,center_mm,20200813-subject-02/20200813_155021,17,s1_l1,27,1919.7297916412354
long_occlusion_gt8,center_mm,20200813-subject-02/20200813_155021,17,s1_l0,27,1913.8146171569824
long_occlusion_gt8,center_mm,20200813-subject-02/20200813_155021,17,fp,27,1557.2056665420532
long_occlusion_gt8,center_mm,20200813-subject-02/20200813_155314,18,residual,147,1768.9731098413467
long_occlusion_gt8,center_mm,20200813-subject-02/20200813_155314,18,s0_l1,147,1886.8479698896408
long_occlusion_gt8,center_mm,20200813-subject-02/20200813_155314,18,s0_l0,147,1778.1780387163162
long_occlusion_gt8,center_mm,20200813-subject-02/20200813_155314,18,s1_l1,147,1866.6453397274017
long_occlusion_gt8,center_mm,20200813-subject-02/20200813_155314,18,s1_l0,147,1899.7023694515228
long_occlusion_gt8,center_mm,20200813-subject-02/20200813_155314,18,fp,147,34014.80602371693
long_occlusion_gt8,center_mm,20200813-subject-02/20200813_155633,20,residual,19,542.020040512085
long_occlusion_gt8,center_mm,20200813-subject-02/20200813_155633,20,s0_l1,19,527.0813884735107
long_occlusion_gt8,center_mm,20200813-subject-02/20200813_155633,20,s0_l0,19,528.849666595459
long_occlusion_gt8,center_mm,20200813-subject-02/20200813_155633,20,s1_l1,19,531.8755683898926
long_occlusion_gt8,center_mm,20200813-subject-02/20200813_155633,20,s1_l0,19,530.4860668182373
long_occlusion_gt8,center_mm,20200813-subject-02/20200813_155633,20,fp,19,443.68774032592773
long_occlusion_gt8,center_mm,20200813-subject-02/20200813_155953,21,residual,62,510.9232414960861
long_occlusion_gt8,center_mm,20200813-subject-02/20200813_155953,21,s0_l1,62,506.34023213386536
long_occlusion_gt8,center_mm,20200813-subject-02/20200813_155953,21,s0_l0,62,509.18309330940247
long_occlusion_gt8,center_mm,20200813-subject-02/20200813_155953,21,s1_l1,62,514.2709475755692
long_occlusion_gt8,center_mm,20200813-subject-02/20200813_155953,21,s1_l0,62,523.0111780166626
long_occlusion_gt8,center_mm,20200813-subject-02/20200813_155953,21,fp,62,9123.24163389206
